================================================================
Time 2026/01/30 19:58:30 769
================================================================
================================================================
Time 2026/01/30 19:58:30 769
================================================================
[2026/01/30 19:58:30 770] [P0x000969e8] [T0x000969e8] I/AIUISession(line 65)           :session begin, aiui_ver=1, sessionNo=1.
[2026/01/30 19:58:30 770] [P0x000969e8] [T0x000969e8] D/NameServer(line 263)           :resolveHost begin, ignoreCache=0.
[2026/01/30 19:58:30 771] [P0x000969e8] [T0x00096a1c] D/NameServer(line 151)           :dns resolve hdns.openspeech.cn as [198.18.0.18], spent 1ms.
[2026/01/30 19:58:30 771] [P0x000969e8] [T0x00096a1c] D/NameServer(line 181)           :ipv6_support=1, is_ipv6_prior=0, ip_env=V4, use ip 198.18.0.18.
[2026/01/30 19:58:30 771] [P0x000969e8] [T0x00096a1c] D/NameServer(line 207)           :getNameServerResult, GET request:
GET /sip/resolver?srand=0130195818.52 HTTP/1.1
Connection: Close
Accept-Encoding: gzip
Host: hdns.openspeech.cn
X-Par: ver=1.3&appid=ad184cbf&operator=&nettype=&cver=6.6.0001.0041&svc=aiui&host=aiui-ipv6.openspeech.cn&sign=8650f45b2e10e9fb58c1ffe3731758e8


[2026/01/30 19:58:30 774] [P0x000969ec] [T0x000969ec] I/AIUISession(line 65)           :session begin, aiui_ver=1, sessionNo=1.
[2026/01/30 19:58:30 774] [P0x000969ec] [T0x000969ec] D/NameServer(line 263)           :resolveHost begin, ignoreCache=0.
[2026/01/30 19:58:30 775] [P0x000969ec] [T0x00096a23] D/NameServer(line 151)           :dns resolve hdns.openspeech.cn as [198.18.0.18], spent 1ms.
[2026/01/30 19:58:30 775] [P0x000969ec] [T0x00096a23] D/NameServer(line 181)           :ipv6_support=1, is_ipv6_prior=0, ip_env=V4, use ip 198.18.0.18.
[2026/01/30 19:58:30 775] [P0x000969ec] [T0x00096a23] D/NameServer(line 207)           :getNameServerResult, GET request:
GET /sip/resolver?srand=0130195818.52 HTTP/1.1
Connection: Close
Accept-Encoding: gzip
Host: hdns.openspeech.cn
X-Par: ver=1.3&appid=ad184cbf&operator=&nettype=&cver=6.6.0001.0041&svc=aiui&host=aiui-ipv6.openspeech.cn&sign=8650f45b2e10e9fb58c1ffe3731758e8


[2026/01/30 19:58:30 862] [P0x000969e8] [T0x00096a1c] D/NameServer(line 224)           :getNameServerResult, spent 91ms, response:
{"dns":[{"host":"aiui-ipv6.openspeech.cn","sip":[{"svc":"aiui","ips":[{"ip":"42.62.116.27","port":80,"idc":"dx"},{"ip":"42.62.116.26","port":80,"idc":"dx"}],"ttl":6000,"compel":0}]}],"default":[{"host":"aiui-ipv6.openspeech.cn","sip":[{"svc":"aiui","ips":[{"ip":"42.62.116.26","port":80,"idc":"dx"}],"ttl":6000,"compel":0}]}]}

[2026/01/30 19:58:30 863] [P0x000969e8] [T0x00096a1c] D/NameServer(line 512)           :dns nameserver resolve aiui-ipv6.openspeech.cn as [42.62.116.27, 42.62.116.26], spent 93ms, ttl=6000.
[2026/01/30 19:58:30 863] [P0x000969e8] [T0x00096a1c] D/NameServer(line 534)           :dns nameserver set current address 42.62.116.27:80.
[2026/01/30 19:58:30 863] [P0x000969e8] [T0x00096a1c] D/NameServer(line 537)           :dns nameserver update.
[2026/01/30 19:58:30 863] [P0x000969e8] [T0x00096a1c] D/NameServer(line 439)           :startTask, ttl=6000.
[2026/01/30 19:58:30 863] [P0x000969e8] [T0x000969e8] D/NameServer(line 301)           :dns resolve aiui-ipv6.openspeech.cn as [198.18.0.19], spent 1ms.
[2026/01/30 19:58:30 863] [P0x000969e8] [T0x000969e8] I/DataSender(line 72)            :start sender.
[2026/01/30 19:58:30 863] [P0x000969e8] [T0x000969e8] I/DataSender(line 135)           :started success.
[2026/01/30 19:58:30 863] [P0x000969e8] [T0x000969e8] I/DataReceiver(line 46)          :start receiver.
[2026/01/30 19:58:30 863] [P0x000969e8] [T0x000969e8] I/DataReceiver(line 94)          :started success.
[2026/01/30 19:58:30 863] [P0x000969e8] [T0x000969e8] I/AIUISession(line 150)          :session has begun, spent 94ms.
[2026/01/30 19:58:30 863] [P0x000969e8] [T0x00096a28] D/PushConnection(line 222)       :getChidHttps, host=aiui-ipv6.openspeech.cn, hostIP=42.62.116.27.
[2026/01/30 19:58:30 864] [P0x000969e8] [T0x000969e8] D/ConverterFactory(line 21)      :converter name default
[2026/01/30 19:58:30 864] [P0x000969e8] [T0x000969e8] I/Converter(line 53)             :need_channels_ 2
[2026/01/30 19:58:30 864] [P0x000969e8] [T0x000969e8] D/SpeechModule(line 88)          :data source sdk
[2026/01/30 19:58:30 864] [P0x000969e8] [T0x000969e8] D/SpeechModule(line 122)         :SpeechModule started.
[2026/01/30 19:58:30 864] [P0x000969e8] [T0x000969e8] I/AIUIScheduler(line 466)        :AIUIScheduler started
[2026/01/30 19:58:30 864] [P0x000969e8] [T0x000969e8] D/AIUIAgent(line 139)            :AIUI version=6.6.0001.0041 params={
    /* 交互参数 */
    "interact": {
        "interact_timeout": "-1",
        "result_timeout": "5000"
    },

    /* 全局设置 */
    "global": {
        "scene": "main_box"
    },

    "login": {
        "appid": "ad184cbf",
        "key":"301e469bbd67f75138209b58436a9e1a",
        "api_secret": "ZDFkY2JkNjIyZDU3NzZjNjhmYmMzZTA5"
    },

    /* 全局设置 */
    // 若要将新版本SDK（6.6.xxxx.xxxx以上）当作老版本（5.6.xxxx.xxxx）使用，请把aiui_ver的值改为1
    // "scene" 场景，示例："main"，"main_box"（带box的为测试环境）。在平台的应用配置页面添加和配置
    // "aiui_ver" AIUI版本，取值："1"（通用语义），"2"（交互大模型），"3"（极速交互，默认）
    // "clean_dialog_history" 清除对话历史方式，取值："auto"（SDK自动控制，默认，按speech中的interact_mode处理：oneshot模式下首次唤醒清历史，continuous模式下每次唤醒都会清历史），"user"（外部控制）
    "global": {
        "scene": "main_box",
        "aiui_ver": "1",
        "clean_dialog_history": "auto"
    },

    /* 业务相关参数 */
    /* 本地vad参数 */
    "vad": {
        "engine_type": "meta"
    },

    /* 识别（音频输入）参数 */
    "iat": {
        "sample_rate": "16000"
    },

    /* 唤醒参数 */
    "ivw": {
        "mic_type": "mic1",
        "res_path": "AIUI/assets/vtn/vtn.ini"
    },

    /* 合成参数 */
    "tts": {
        "engine_type": "cloud",
         "voice_name": "x4_lingxiaoying_em_v2"
    },

    /* 业务流程相关参数 */
    /* 语音业务流程 */
    "speech": {
        "data_source": "sdk",
        "wakeup_mode": "off",
        "interact_mode": "continuous",
        "intent_engine_type": "cloud",
        "audio_captor": "system"
    },


    /* 音频转换参数 */
    "recorder": {
        "sample_size": 2,
        "channel_count": 1,
        "channel_filter": "0,-1"
    },

    // 传给大模型的参数
    "cbmparams": {
        "nlp": {
            "nlp": {
                "encoding": "utf8",
                "compress": "raw",
                "format": "json"
            },
            "sub_scene": "cbm_v45"
        }
    },
    /* 日志设置 */
    "log": {
        "debug_log": "0",
        "save_datalog": "0",
        "datalog_path": "",
        "datalog_size": 1024,
        "raw_audio_path": ""
    }
}

[2026/01/30 19:58:30 864] [P0x000969e8] [T0x00096a18] D/AIUIScheduler(line 794)        :CMD_WAKEUP, beam=0
[2026/01/30 19:58:30 864] [P0x000969e8] [T0x00096a18] D/AIUIScheduler(line 1035)       :wakeup, isOutter=1
[2026/01/30 19:58:30 864] [P0x000969e8] [T0x00096a28] D/PushConnection(line 251)       :getChid, POST request:
POST /v1.1/server/register HTTP/1.1
Host: aiui-ipv6.openspeech.cn
Content-Type: text/json
Connection: Close
Content-Length: 422

{"appid":"ad184cbf","cmd":1,"encrypt_key":"","lgi_params":{"app.name":"voice_recogniti","app.path":"/lib/","auth_id":"","cver":"6.6.0001.0041","dev_lang":"cpp","imei":"","key":"301e469bbd67f75138209b58436a9e1a","mac":"bc:fc:e7:cc:1d:1a","openudid":"","os_sys":"Linux","prot_type":"pb","pwd":"","sn":"bc:fc:e7:cc:1d:1a","unique_id":"2efc5aa377304ae37a110d94c86ee84c3","usr":"","ver_type":"desktop_pc"},"uid":"d19271650701"}

[2026/01/30 19:58:30 864] [P0x000969e8] [T0x00096a18] D/EventUploader(line 177)        :jsonParams={"appid":"ad184cbf","context":{"sdk_support":["tts","iat","nlp"]},"dev_lang":"cpp","dts":"3","dtype":"null","event_only":"1","os_sys":"Linux","prot_type":"pb","scene":"main_box","sdk_ver":"6.6.0001.0041","status":{"event":{"name":"cmd","operation":{"name":"clean_history"},"source":"user"},"state":{"last_state":"ready","name":"working"}},"stmid":"event-1","ver_type":"desktop_pc"}.
[2026/01/30 19:58:30 864] [P0x000969e8] [T0x00096a18] I/AIUIScheduler(line 1148)       :clearSessionData
[2026/01/30 19:58:30 864] [P0x000969e8] [T0x00096a18] D/StreamStats(line 154)          :clearStats
[2026/01/30 19:58:30 864] [P0x000969e8] [T0x00096a18] D/AIUISession(line 310)          :clear session data.
[2026/01/30 19:58:30 864] [P0x000969e8] [T0x00096a27] W/DataSender(line 595)           :not logined, reset connection.
[2026/01/30 19:58:30 864] [P0x000969e8] [T0x00096a18] I/VadUnit(line 322)              :VadUnit not started, won't reset, re_wakeup=1.
[2026/01/30 19:58:30 864] [P0x000969e8] [T0x00096a26] D/AIUISession(line 555)          :push is connecting, invalid operation.
[2026/01/30 19:58:30 864] [P0x000969e8] [T0x00096a19] I/IatUnit(line 83)               :IatUnit started. left size 0
[2026/01/30 19:58:30 865] [P0x000969e8] [T0x00096a19] I/VadUnit(line 269)              :VadUnit started.
[2026/01/30 19:58:30 884] [P0x000969ec] [T0x00096a23] D/NameServer(line 224)           :getNameServerResult, spent 108ms, response:
{"dns":[{"host":"aiui-ipv6.openspeech.cn","sip":[{"svc":"aiui","ips":[{"ip":"42.62.116.27","port":80,"idc":"dx"},{"ip":"42.62.116.26","port":80,"idc":"dx"}],"ttl":6000,"compel":0}]}],"default":[{"host":"aiui-ipv6.openspeech.cn","sip":[{"svc":"aiui","ips":[{"ip":"42.62.116.26","port":80,"idc":"dx"}],"ttl":6000,"compel":0}]}]}

[2026/01/30 19:58:30 884] [P0x000969ec] [T0x00096a23] D/NameServer(line 512)           :dns nameserver resolve aiui-ipv6.openspeech.cn as [42.62.116.27, 42.62.116.26], spent 109ms, ttl=6000.
[2026/01/30 19:58:30 884] [P0x000969ec] [T0x00096a23] D/NameServer(line 534)           :dns nameserver set current address 42.62.116.27:80.
[2026/01/30 19:58:30 884] [P0x000969ec] [T0x00096a23] D/NameServer(line 537)           :dns nameserver update.
[2026/01/30 19:58:30 884] [P0x000969ec] [T0x00096a23] D/NameServer(line 439)           :startTask, ttl=6000.
[2026/01/30 19:58:30 885] [P0x000969ec] [T0x000969ec] D/NameServer(line 301)           :dns resolve aiui-ipv6.openspeech.cn as [198.18.0.19], spent 0ms.
[2026/01/30 19:58:30 885] [P0x000969ec] [T0x000969ec] I/DataSender(line 72)            :start sender.
[2026/01/30 19:58:30 885] [P0x000969ec] [T0x000969ec] I/DataSender(line 135)           :started success.
[2026/01/30 19:58:30 885] [P0x000969ec] [T0x000969ec] I/DataReceiver(line 46)          :start receiver.
[2026/01/30 19:58:30 885] [P0x000969ec] [T0x000969ec] I/DataReceiver(line 94)          :started success.
[2026/01/30 19:58:30 885] [P0x000969ec] [T0x000969ec] I/AIUISession(line 150)          :session has begun, spent 111ms.
[2026/01/30 19:58:30 885] [P0x000969ec] [T0x000969ec] D/ConverterFactory(line 21)      :converter name default
[2026/01/30 19:58:30 885] [P0x000969ec] [T0x000969ec] I/Converter(line 53)             :need_channels_ 2
[2026/01/30 19:58:30 885] [P0x000969ec] [T0x000969ec] D/SpeechModule(line 88)          :data source sdk
[2026/01/30 19:58:30 885] [P0x000969ec] [T0x000969ec] D/SpeechModule(line 122)         :SpeechModule started.
[2026/01/30 19:58:30 885] [P0x000969ec] [T0x000969ec] I/AIUIScheduler(line 466)        :AIUIScheduler started
[2026/01/30 19:58:30 885] [P0x000969ec] [T0x000969ec] D/AIUIAgent(line 139)            :AIUI version=6.6.0001.0041 params={"cbmparams":{"nlp":{"nlp":{"compress":"raw","encoding":"utf8","format":"json"},"sub_scene":"cbm_v45"}},"global":{"aiui_ver":"1","clean_dialog_history":"auto","scene":"main_box"},"iat":{"sample_rate":"16000"},"interact":{"interact_timeout":"-1","result_timeout":"5000"},"ivw":{"mic_type":"mic1","res_path":"AIUI/assets/vtn/vtn.ini"},"log":{"datalog_path":"","datalog_size":1024,"debug_log":"0","raw_audio_path":"","save_datalog":"0"},"login":{"api_secret":"ZDFkY2JkNjIyZDU3NzZjNjhmYmMzZTA5","appid":"ad184cbf","key":"301e469bbd67f75138209b58436a9e1a"},"recorder":{"channel_count":1,"channel_filter":"0,-1","sample_size":2},"speech":{"audio_captor":"system","data_source":"sdk","intent_engine_type":"cloud","interact_mode":"continuous","wakeup_mode":"off"},"tts":{"engine_type":"cloud","voice_name":"x4_lingxiaoying_em_v2"},"vad":{"engine_type":"meta"}}
[2026/01/30 19:58:31 014] [P0x000969e8] [T0x00096a28] D/PushConnection(line 272)       :getChid, spent 151ms, response:
HTTP/1.1 200 OK
Server: openresty
Date: Fri, 30 Jan 2026 11:58:31 GMT
Content-Type: application/json; charset=utf-8
Content-Length: 129
Connection: close

{"ret":0,"uid":"d19271650701","chid":"cid00015311@dx19c0ec4e65d9a20532","sid":"cau00015310@dx19c0ec4e6579a20532","err":"success"}

[2026/01/30 19:58:31 014] [P0x000969e8] [T0x00096a28] D/PushConnection(line 316)       :getChid, success, chid=cid00015311@dx19c0ec4e65d9a20532.
[2026/01/30 19:58:31 014] [P0x000969e8] [T0x00096a28] D/DataReceiver(line 307)         :push connected.
[2026/01/30 19:58:31 015] [P0x000969e8] [T0x00096a26] I/AIUISession(line 429)          :connected to server.
[2026/01/30 19:58:31 015] [P0x000969e8] [T0x00096a26] D/ServerConnection(line 894)     :connect to server success
[2026/01/30 19:58:31 015] [P0x000969e8] [T0x00096a26] D/DataSender(line 897)           :clear ack error.
[2026/01/30 19:58:36 023] [P0x000969e8] [T0x00096a29] I/VadUnit(line 688)              :vad_bos timeout.
[2026/01/30 19:58:41 024] [P0x000969e8] [T0x00096a29] I/VadUnit(line 688)              :vad_bos timeout.
[2026/01/30 19:58:46 006] [P0x000969e8] [T0x00096a29] I/VadUnit(line 688)              :vad_bos timeout.
[2026/01/30 19:58:51 046] [P0x000969e8] [T0x00096a29] I/VadUnit(line 688)              :vad_bos timeout.
[2026/01/30 19:58:56 049] [P0x000969e8] [T0x00096a29] I/VadUnit(line 688)              :vad_bos timeout.
[2026/01/30 19:59:00 992] [P0x000969e8] [T0x00096a29] I/VadUnit(line 688)              :vad_bos timeout.
[2026/01/30 19:59:06 115] [P0x000969e8] [T0x00096a29] I/VadUnit(line 688)              :vad_bos timeout.
[2026/01/30 19:59:11 076] [P0x000969e8] [T0x00096a29] I/VadUnit(line 688)              :vad_bos timeout.
[2026/01/30 19:59:13 976] [P0x000969e8] [T0x00096a29] I/VadUnit(line 653)              :write audio before bos, length=19200.
[2026/01/30 19:59:13 976] [P0x000969e8] [T0x00096a29] I/VadUnit(line 665)              :vad_bos found, stmid=audio-1.
[2026/01/30 19:59:13 977] [P0x000969e8] [T0x00096a27] W/DataSender(line 608)           :up is non-connected, try to connect right now.
[2026/01/30 19:59:13 977] [P0x000969e8] [T0x00096a1b] D/DataSender(line 1664)          :try to reconnect up.
[2026/01/30 19:59:13 977] [P0x000969e8] [T0x00096bd2] D/WSConnection(line 410)         :start connecting, tid=617426, sessionNo=1.
[2026/01/30 19:59:13 977] [P0x000969e8] [T0x00096bd2] D/WSConnection(line 299)         :createWebSocket, host=aiui-ipv6.openspeech.cn, ip=42.62.116.27.
[2026/01/30 19:59:13 977] [P0x000969e8] [T0x00096a27] W/DataSender(line 602)           :up is connecting, won't send packet.
[2026/01/30 19:59:13 977] [P0x000969e8] [T0x00096bd2] D/WSConnection(line 326)         :connecting wss://aiui-ipv6.openspeech.cn/aiui/v2.1/upload.do, tid=617426, sessionNo=1.
[2026/01/30 19:59:13 977] [P0x000969e8] [T0x00096bd2] D/WSConnection(line 333)         :websocket, GET request:
GET /aiui/v2.1/upload.do HTTP/1.1
Origin: https://aiui-ipv6.openspeech.cn
Host: aiui-ipv6.openspeech.cn



[2026/01/30 19:59:13 977] [P0x000969e8] [T0x00096a27] W/DataSender(line 602)           :up is connecting, won't send packet.
[2026/01/30 19:59:13 977] [P0x000969e8] [T0x00096a27] W/DataSender(line 602)           :up is connecting, won't send packet.
[2026/01/30 19:59:13 978] [P0x000969e8] [T0x00096a27] W/DataSender(line 602)           :up is connecting, won't send packet.
[2026/01/30 19:59:13 978] [P0x000969e8] [T0x00096a27] W/DataSender(line 602)           :up is connecting, won't send packet.
[2026/01/30 19:59:13 978] [P0x000969e8] [T0x00096a27] W/DataSender(line 602)           :up is connecting, won't send packet.
[2026/01/30 19:59:13 978] [P0x000969e8] [T0x00096a27] W/DataSender(line 602)           :up is connecting, won't send packet.
[2026/01/30 19:59:13 978] [P0x000969e8] [T0x00096a27] W/DataSender(line 602)           :up is connecting, won't send packet.
[2026/01/30 19:59:13 979] [P0x000969e8] [T0x00096a27] W/DataSender(line 602)           :up is connecting, won't send packet.
[2026/01/30 19:59:13 979] [P0x000969e8] [T0x00096a27] W/DataSender(line 602)           :up is connecting, won't send packet.
[2026/01/30 19:59:13 979] [P0x000969e8] [T0x00096a27] W/DataSender(line 602)           :up is connecting, won't send packet.
[2026/01/30 19:59:13 979] [P0x000969e8] [T0x00096a27] W/DataSender(line 602)           :up is connecting, won't send packet.
[2026/01/30 19:59:13 979] [P0x000969e8] [T0x00096a27] W/DataSender(line 602)           :up is connecting, won't send packet.
[2026/01/30 19:59:13 980] [P0x000969e8] [T0x00096a27] W/DataSender(line 602)           :up is connecting, won't send packet.
[2026/01/30 19:59:13 980] [P0x000969e8] [T0x00096a27] W/DataSender(line 602)           :up is connecting, won't send packet.
[2026/01/30 19:59:13 980] [P0x000969e8] [T0x00096a27] W/DataSender(line 602)           :up is connecting, won't send packet.
[2026/01/30 19:59:14 017] [P0x000969e8] [T0x00096a27] W/DataSender(line 602)           :up is connecting, won't send packet.
[2026/01/30 19:59:14 017] [P0x000969e8] [T0x00096a27] W/DataSender(line 602)           :up is connecting, won't send packet.
[2026/01/30 19:59:14 017] [P0x000969e8] [T0x00096a27] W/DataSender(line 602)           :up is connecting, won't send packet.
[2026/01/30 19:59:14 130] [P0x000969e8] [T0x00096bd2] D/WSConnection(line 361)         :connected to wss://aiui-ipv6.openspeech.cn/aiui/v2.1/upload.do, spent 154ms, tid=617426, sessionNo=1.
[2026/01/30 19:59:14 130] [P0x000969e8] [T0x00096bd2] D/WSConnection(line 365)         :websocket, response:
HTTP/1.1 101 Switching Protocols
Server: openresty
Date: Fri, 30 Jan 2026 11:59:14 GMT
Connection: upgrade
Upgrade: websocket
Sec-WebSocket-Accept: os3NH7VdhWvVYgAL68TrSr/jlck=



[2026/01/30 19:59:14 130] [P0x000969e8] [T0x00096bd2] D/WSConnection(line 419)         :connect success, tid=617426, sessionNo=1.
[2026/01/30 19:59:14 130] [P0x000969e8] [T0x00096bd2] D/DataSender(line 1429)          :up connected, try to send packet.
[2026/01/30 19:59:14 130] [P0x000969e8] [T0x00096bd2] D/WSConnection(line 473)         :start receiving, tid=617426, sessionNo=1.
[2026/01/30 19:59:14 131] [P0x000969e8] [T0x00096a27] D/DataSender(line 705)           :send packet, ret=1029, need_resend=0, send_cnt=1, sessionNo=1, info:
streamId=audio-1
frameId=1
sid=cid00015311@dx19c0ec4e6604010001
dataType=1
dataStatus=0
dataLen=214
args={"cnt_id":"0","dte":"speex-wb;10","dtf":"audio/L16;rate=16000","frame_size":"1280"}
params={"appid":"ad184cbf","context":{"sdk_support":["tts","iat","nlp"]},"dev_lang":"cpp","dsrc":"sdk","dtype":"audio","interact_mode":"continuous","os_sys":"Linux","prot_type":"pb","sample_rate":"16000","scene":"main_box","sdk_ver":"6.6.0001.0041","sn":"bc:fc:e7:cc:1d:1a","stmid":"audio-1","ver_type":"desktop_pc","wake_id":"1769774310864031e689d7ae224e14d1fb770"}
userParams=

[2026/01/30 19:59:14 131] [P0x000969e8] [T0x00096a27] D/DataSender(line 705)           :send packet, ret=300, need_resend=0, send_cnt=1, sessionNo=1, info:
streamId=audio-1
frameId=2
sid=cid00015311@dx19c0ec4e6604010001
dataType=1
dataStatus=1
dataLen=214

[2026/01/30 19:59:14 131] [P0x000969e8] [T0x00096a27] D/DataSender(line 705)           :send packet, ret=300, need_resend=0, send_cnt=1, sessionNo=1, info:
streamId=audio-1
frameId=3
sid=cid00015311@dx19c0ec4e6604010001
dataType=1
dataStatus=1
dataLen=214

[2026/01/30 19:59:14 131] [P0x000969e8] [T0x00096a27] D/DataSender(line 705)           :send packet, ret=300, need_resend=0, send_cnt=1, sessionNo=1, info:
streamId=audio-1
frameId=4
sid=cid00015311@dx19c0ec4e6604010001
dataType=1
dataStatus=1
dataLen=214

[2026/01/30 19:59:14 131] [P0x000969e8] [T0x00096a27] D/DataSender(line 705)           :send packet, ret=300, need_resend=0, send_cnt=1, sessionNo=1, info:
streamId=audio-1
frameId=5
sid=cid00015311@dx19c0ec4e6604010001
dataType=1
dataStatus=1
dataLen=214

[2026/01/30 19:59:14 131] [P0x000969e8] [T0x00096a27] D/DataSender(line 705)           :send packet, ret=300, need_resend=0, send_cnt=1, sessionNo=1, info:
streamId=audio-1
frameId=6
sid=cid00015311@dx19c0ec4e6604010001
dataType=1
dataStatus=1
dataLen=214

[2026/01/30 19:59:14 131] [P0x000969e8] [T0x00096a27] D/DataSender(line 705)           :send packet, ret=300, need_resend=0, send_cnt=1, sessionNo=1, info:
streamId=audio-1
frameId=7
sid=cid00015311@dx19c0ec4e6604010001
dataType=1
dataStatus=1
dataLen=214

[2026/01/30 19:59:14 131] [P0x000969e8] [T0x00096a27] D/DataSender(line 705)           :send packet, ret=300, need_resend=0, send_cnt=1, sessionNo=1, info:
streamId=audio-1
frameId=8
sid=cid00015311@dx19c0ec4e6604010001
dataType=1
dataStatus=1
dataLen=214

[2026/01/30 19:59:14 131] [P0x000969e8] [T0x00096a27] D/DataSender(line 705)           :send packet, ret=300, need_resend=0, send_cnt=1, sessionNo=1, info:
streamId=audio-1
frameId=9
sid=cid00015311@dx19c0ec4e6604010001
dataType=1
dataStatus=1
dataLen=214

[2026/01/30 19:59:14 131] [P0x000969e8] [T0x00096a27] D/DataSender(line 705)           :send packet, ret=300, need_resend=0, send_cnt=1, sessionNo=1, info:
streamId=audio-1
frameId=10
sid=cid00015311@dx19c0ec4e6604010001
dataType=1
dataStatus=1
dataLen=214

[2026/01/30 19:59:14 131] [P0x000969e8] [T0x00096a27] D/DataSender(line 705)           :send packet, ret=300, need_resend=0, send_cnt=1, sessionNo=1, info:
streamId=audio-1
frameId=11
sid=cid00015311@dx19c0ec4e6604010001
dataType=1
dataStatus=1
dataLen=214

[2026/01/30 19:59:14 131] [P0x000969e8] [T0x00096a27] D/DataSender(line 705)           :send packet, ret=300, need_resend=0, send_cnt=1, sessionNo=1, info:
streamId=audio-1
frameId=12
sid=cid00015311@dx19c0ec4e6604010001
dataType=1
dataStatus=1
dataLen=214

[2026/01/30 19:59:14 131] [P0x000969e8] [T0x00096a27] D/DataSender(line 705)           :send packet, ret=300, need_resend=0, send_cnt=1, sessionNo=1, info:
streamId=audio-1
frameId=13
sid=cid00015311@dx19c0ec4e6604010001
dataType=1
dataStatus=1
dataLen=214

[2026/01/30 19:59:14 131] [P0x000969e8] [T0x00096a27] D/DataSender(line 705)           :send packet, ret=300, need_resend=0, send_cnt=1, sessionNo=1, info:
streamId=audio-1
frameId=14
sid=cid00015311@dx19c0ec4e6604010001
dataType=1
dataStatus=1
dataLen=214

[2026/01/30 19:59:14 131] [P0x000969e8] [T0x00096a27] D/DataSender(line 705)           :send packet, ret=300, need_resend=0, send_cnt=1, sessionNo=1, info:
streamId=audio-1
frameId=15
sid=cid00015311@dx19c0ec4e6604010001
dataType=1
dataStatus=1
dataLen=214

[2026/01/30 19:59:14 131] [P0x000969e8] [T0x00096a27] D/DataSender(line 705)           :send packet, ret=300, need_resend=0, send_cnt=1, sessionNo=1, info:
streamId=audio-1
frameId=16
sid=cid00015311@dx19c0ec4e6604010001
dataType=1
dataStatus=1
dataLen=214

[2026/01/30 19:59:14 131] [P0x000969e8] [T0x00096a27] D/DataSender(line 705)           :send packet, ret=300, need_resend=0, send_cnt=1, sessionNo=1, info:
streamId=audio-1
frameId=17
sid=cid00015311@dx19c0ec4e6604010001
dataType=1
dataStatus=1
dataLen=214

[2026/01/30 19:59:14 131] [P0x000969e8] [T0x00096a27] D/DataSender(line 705)           :send packet, ret=300, need_resend=0, send_cnt=1, sessionNo=1, info:
streamId=audio-1
frameId=18
sid=cid00015311@dx19c0ec4e6604010001
dataType=1
dataStatus=1
dataLen=214

[2026/01/30 19:59:14 131] [P0x000969e8] [T0x00096a27] D/DataSender(line 705)           :send packet, ret=300, need_resend=0, send_cnt=1, sessionNo=1, info:
streamId=audio-1
frameId=19
sid=cid00015311@dx19c0ec4e6604010001
dataType=1
dataStatus=1
dataLen=214

[2026/01/30 19:59:14 131] [P0x000969e8] [T0x00096a27] D/DataSender(line 705)           :send packet, ret=300, need_resend=0, send_cnt=1, sessionNo=1, info:
streamId=audio-1
frameId=20
sid=cid00015311@dx19c0ec4e6604010001
dataType=1
dataStatus=1
dataLen=214

[2026/01/30 19:59:14 165] [P0x000969e8] [T0x00096bd2] D/WSConnection(line 603)         :receive data completely, dataLen=66
[2026/01/30 19:59:14 165] [P0x000969e8] [T0x00096bd2] D/WSConnection(line 603)         :receive data completely, dataLen=68
[2026/01/30 19:59:14 165] [P0x000969e8] [T0x00096bd2] D/WSConnection(line 603)         :receive data completely, dataLen=68
[2026/01/30 19:59:14 166] [P0x000969e8] [T0x00096bd2] D/WSConnection(line 603)         :receive data completely, dataLen=68
[2026/01/30 19:59:14 166] [P0x000969e8] [T0x00096a1b] D/DataSender(line 867)           :parsed data as ack, s2ack_time=34ms, info:
streamId=audio-1
frameId=1
retCode=0

[2026/01/30 19:59:14 166] [P0x000969e8] [T0x00096bd2] D/WSConnection(line 603)         :receive data completely, dataLen=68
[2026/01/30 19:59:14 166] [P0x000969e8] [T0x00096a1b] D/DataSender(line 867)           :parsed data as ack, s2ack_time=34ms, info:
streamId=audio-1
frameId=2
retCode=0

[2026/01/30 19:59:14 166] [P0x000969e8] [T0x00096bd2] D/WSConnection(line 603)         :receive data completely, dataLen=68
[2026/01/30 19:59:14 166] [P0x000969e8] [T0x00096a1b] D/DataSender(line 867)           :parsed data as ack, s2ack_time=34ms, info:
streamId=audio-1
frameId=3
retCode=0

[2026/01/30 19:59:14 166] [P0x000969e8] [T0x00096bd2] D/WSConnection(line 603)         :receive data completely, dataLen=68
[2026/01/30 19:59:14 166] [P0x000969e8] [T0x00096a1b] D/DataSender(line 867)           :parsed data as ack, s2ack_time=35ms, info:
streamId=audio-1
frameId=4
retCode=0

[2026/01/30 19:59:14 166] [P0x000969e8] [T0x00096bd2] D/WSConnection(line 603)         :receive data completely, dataLen=68
[2026/01/30 19:59:14 166] [P0x000969e8] [T0x00096a1b] D/DataSender(line 867)           :parsed data as ack, s2ack_time=35ms, info:
streamId=audio-1
frameId=5
retCode=0

[2026/01/30 19:59:14 166] [P0x000969e8] [T0x00096bd2] D/WSConnection(line 603)         :receive data completely, dataLen=68
[2026/01/30 19:59:14 166] [P0x000969e8] [T0x00096a1b] D/DataSender(line 867)           :parsed data as ack, s2ack_time=35ms, info:
streamId=audio-1
frameId=6
retCode=0

[2026/01/30 19:59:14 166] [P0x000969e8] [T0x00096bd2] D/WSConnection(line 603)         :receive data completely, dataLen=69
[2026/01/30 19:59:14 166] [P0x000969e8] [T0x00096a1b] D/DataSender(line 867)           :parsed data as ack, s2ack_time=35ms, info:
streamId=audio-1
frameId=7
retCode=0

[2026/01/30 19:59:14 166] [P0x000969e8] [T0x00096a1b] D/DataSender(line 867)           :parsed data as ack, s2ack_time=35ms, info:
streamId=audio-1
frameId=8
retCode=0

[2026/01/30 19:59:14 166] [P0x000969e8] [T0x00096bd2] D/WSConnection(line 603)         :receive data completely, dataLen=69
[2026/01/30 19:59:14 166] [P0x000969e8] [T0x00096a1b] D/DataSender(line 867)           :parsed data as ack, s2ack_time=35ms, info:
streamId=audio-1
frameId=9
retCode=0

[2026/01/30 19:59:14 166] [P0x000969e8] [T0x00096a1b] D/DataSender(line 867)           :parsed data as ack, s2ack_time=35ms, info:
streamId=audio-1
frameId=10
retCode=0

[2026/01/30 19:59:14 166] [P0x000969e8] [T0x00096bd2] D/WSConnection(line 603)         :receive data completely, dataLen=69
[2026/01/30 19:59:14 166] [P0x000969e8] [T0x00096a1b] D/DataSender(line 867)           :parsed data as ack, s2ack_time=35ms, info:
streamId=audio-1
frameId=11
retCode=0

[2026/01/30 19:59:14 166] [P0x000969e8] [T0x00096a1b] D/DataSender(line 867)           :parsed data as ack, s2ack_time=35ms, info:
streamId=audio-1
frameId=12
retCode=0

[2026/01/30 19:59:14 191] [P0x000969e8] [T0x00096bd2] D/WSConnection(line 603)         :receive data completely, dataLen=69
[2026/01/30 19:59:14 191] [P0x000969e8] [T0x00096bd2] D/WSConnection(line 603)         :receive data completely, dataLen=69
[2026/01/30 19:59:14 191] [P0x000969e8] [T0x00096a1b] D/DataSender(line 867)           :parsed data as ack, s2ack_time=60ms, info:
streamId=audio-1
frameId=13
retCode=0

[2026/01/30 19:59:14 191] [P0x000969e8] [T0x00096bd2] D/WSConnection(line 603)         :receive data completely, dataLen=69
[2026/01/30 19:59:14 191] [P0x000969e8] [T0x00096a1b] D/DataSender(line 867)           :parsed data as ack, s2ack_time=60ms, info:
streamId=audio-1
frameId=14
retCode=0

[2026/01/30 19:59:14 191] [P0x000969e8] [T0x00096bd2] D/WSConnection(line 603)         :receive data completely, dataLen=69
[2026/01/30 19:59:14 191] [P0x000969e8] [T0x00096a1b] D/DataSender(line 867)           :parsed data as ack, s2ack_time=60ms, info:
streamId=audio-1
frameId=15
retCode=0

[2026/01/30 19:59:14 191] [P0x000969e8] [T0x00096bd2] D/WSConnection(line 603)         :receive data completely, dataLen=69
[2026/01/30 19:59:14 191] [P0x000969e8] [T0x00096a1b] D/DataSender(line 867)           :parsed data as ack, s2ack_time=60ms, info:
streamId=audio-1
frameId=16
retCode=0

[2026/01/30 19:59:14 191] [P0x000969e8] [T0x00096bd2] D/WSConnection(line 603)         :receive data completely, dataLen=69
[2026/01/30 19:59:14 191] [P0x000969e8] [T0x00096a1b] D/DataSender(line 867)           :parsed data as ack, s2ack_time=60ms, info:
streamId=audio-1
frameId=17
retCode=0

[2026/01/30 19:59:14 191] [P0x000969e8] [T0x00096bd2] D/WSConnection(line 603)         :receive data completely, dataLen=69
[2026/01/30 19:59:14 191] [P0x000969e8] [T0x00096a1b] D/DataSender(line 867)           :parsed data as ack, s2ack_time=60ms, info:
streamId=audio-1
frameId=18
retCode=0

[2026/01/30 19:59:14 191] [P0x000969e8] [T0x00096bd2] D/WSConnection(line 603)         :receive data completely, dataLen=69
[2026/01/30 19:59:14 191] [P0x000969e8] [T0x00096a1b] D/DataSender(line 867)           :parsed data as ack, s2ack_time=60ms, info:
streamId=audio-1
frameId=19
retCode=0

[2026/01/30 19:59:14 191] [P0x000969e8] [T0x00096a1b] D/DataSender(line 867)           :parsed data as ack, s2ack_time=60ms, info:
streamId=audio-1
frameId=20
retCode=0

[2026/01/30 19:59:14 196] [P0x000969e8] [T0x00096a27] D/DataSender(line 705)           :send packet, ret=300, need_resend=0, send_cnt=1, sessionNo=1, info:
streamId=audio-1
frameId=21
sid=cid00015311@dx19c0ec4e6604010001
dataType=1
dataStatus=1
dataLen=214

[2026/01/30 19:59:14 197] [P0x000969e8] [T0x00096a27] D/DataSender(line 705)           :send packet, ret=300, need_resend=0, send_cnt=1, sessionNo=1, info:
streamId=audio-1
frameId=22
sid=cid00015311@dx19c0ec4e6604010001
dataType=1
dataStatus=1
dataLen=214

[2026/01/30 19:59:14 197] [P0x000969e8] [T0x00096a27] D/DataSender(line 705)           :send packet, ret=300, need_resend=0, send_cnt=1, sessionNo=1, info:
streamId=audio-1
frameId=23
sid=cid00015311@dx19c0ec4e6604010001
dataType=1
dataStatus=1
dataLen=214

[2026/01/30 19:59:14 225] [P0x000969e8] [T0x00096bd2] D/WSConnection(line 603)         :receive data completely, dataLen=69
[2026/01/30 19:59:14 225] [P0x000969e8] [T0x00096a1b] D/DataSender(line 867)           :parsed data as ack, s2ack_time=29ms, info:
streamId=audio-1
frameId=21
retCode=0

[2026/01/30 19:59:14 225] [P0x000969e8] [T0x00096bd2] D/WSConnection(line 603)         :receive data completely, dataLen=69
[2026/01/30 19:59:14 225] [P0x000969e8] [T0x00096a1b] D/DataSender(line 867)           :parsed data as ack, s2ack_time=28ms, info:
streamId=audio-1
frameId=22
retCode=0

[2026/01/30 19:59:14 225] [P0x000969e8] [T0x00096bd2] D/WSConnection(line 603)         :receive data completely, dataLen=69
[2026/01/30 19:59:14 225] [P0x000969e8] [T0x00096a1b] D/DataSender(line 867)           :parsed data as ack, s2ack_time=28ms, info:
streamId=audio-1
frameId=23
retCode=0

[2026/01/30 19:59:14 357] [P0x000969e8] [T0x00096a27] D/DataSender(line 705)           :send packet, ret=300, need_resend=0, send_cnt=1, sessionNo=1, info:
streamId=audio-1
frameId=24
sid=cid00015311@dx19c0ec4e6604010001
dataType=1
dataStatus=1
dataLen=214

[2026/01/30 19:59:14 357] [P0x000969e8] [T0x00096a27] D/DataSender(line 705)           :send packet, ret=300, need_resend=0, send_cnt=1, sessionNo=1, info:
streamId=audio-1
frameId=25
sid=cid00015311@dx19c0ec4e6604010001
dataType=1
dataStatus=1
dataLen=214

[2026/01/30 19:59:14 357] [P0x000969e8] [T0x00096a27] D/DataSender(line 705)           :send packet, ret=300, need_resend=0, send_cnt=1, sessionNo=1, info:
streamId=audio-1
frameId=26
sid=cid00015311@dx19c0ec4e6604010001
dataType=1
dataStatus=1
dataLen=214

[2026/01/30 19:59:14 386] [P0x000969e8] [T0x00096bd2] D/WSConnection(line 603)         :receive data completely, dataLen=69
[2026/01/30 19:59:14 386] [P0x000969e8] [T0x00096bd2] D/WSConnection(line 603)         :receive data completely, dataLen=69
[2026/01/30 19:59:14 386] [P0x000969e8] [T0x00096a1b] D/DataSender(line 867)           :parsed data as ack, s2ack_time=29ms, info:
streamId=audio-1
frameId=24
retCode=0

[2026/01/30 19:59:14 386] [P0x000969e8] [T0x00096bd2] D/WSConnection(line 603)         :receive data completely, dataLen=69
[2026/01/30 19:59:14 386] [P0x000969e8] [T0x00096a1b] D/DataSender(line 867)           :parsed data as ack, s2ack_time=29ms, info:
streamId=audio-1
frameId=25
retCode=0

[2026/01/30 19:59:14 386] [P0x000969e8] [T0x00096a1b] D/DataSender(line 867)           :parsed data as ack, s2ack_time=29ms, info:
streamId=audio-1
frameId=26
retCode=0

[2026/01/30 19:59:14 516] [P0x000969e8] [T0x00096a27] D/DataSender(line 705)           :send packet, ret=300, need_resend=0, send_cnt=1, sessionNo=1, info:
streamId=audio-1
frameId=27
sid=cid00015311@dx19c0ec4e6604010001
dataType=1
dataStatus=1
dataLen=214

[2026/01/30 19:59:14 516] [P0x000969e8] [T0x00096a27] D/DataSender(line 705)           :send packet, ret=300, need_resend=0, send_cnt=1, sessionNo=1, info:
streamId=audio-1
frameId=28
sid=cid00015311@dx19c0ec4e6604010001
dataType=1
dataStatus=1
dataLen=214

[2026/01/30 19:59:14 517] [P0x000969e8] [T0x00096a27] D/DataSender(line 705)           :send packet, ret=300, need_resend=0, send_cnt=1, sessionNo=1, info:
streamId=audio-1
frameId=29
sid=cid00015311@dx19c0ec4e6604010001
dataType=1
dataStatus=1
dataLen=214

[2026/01/30 19:59:14 517] [P0x000969e8] [T0x00096a27] D/DataSender(line 705)           :send packet, ret=300, need_resend=0, send_cnt=1, sessionNo=1, info:
streamId=audio-1
frameId=30
sid=cid00015311@dx19c0ec4e6604010001
dataType=1
dataStatus=1
dataLen=214

[2026/01/30 19:59:14 547] [P0x000969e8] [T0x00096bd2] D/WSConnection(line 603)         :receive data completely, dataLen=69
[2026/01/30 19:59:14 547] [P0x000969e8] [T0x00096bd2] D/WSConnection(line 603)         :receive data completely, dataLen=69
[2026/01/30 19:59:14 547] [P0x000969e8] [T0x00096bd2] D/WSConnection(line 603)         :receive data completely, dataLen=69
[2026/01/30 19:59:14 547] [P0x000969e8] [T0x00096bd2] D/WSConnection(line 603)         :receive data completely, dataLen=69
[2026/01/30 19:59:14 547] [P0x000969e8] [T0x00096a1b] D/DataSender(line 867)           :parsed data as ack, s2ack_time=31ms, info:
streamId=audio-1
frameId=27
retCode=0

[2026/01/30 19:59:14 547] [P0x000969e8] [T0x00096a1b] D/DataSender(line 867)           :parsed data as ack, s2ack_time=31ms, info:
streamId=audio-1
frameId=28
retCode=0

[2026/01/30 19:59:14 547] [P0x000969e8] [T0x00096a1b] D/DataSender(line 867)           :parsed data as ack, s2ack_time=30ms, info:
streamId=audio-1
frameId=29
retCode=0

[2026/01/30 19:59:14 547] [P0x000969e8] [T0x00096a1b] D/DataSender(line 867)           :parsed data as ack, s2ack_time=30ms, info:
streamId=audio-1
frameId=30
retCode=0

[2026/01/30 19:59:14 556] [P0x000969e8] [T0x00096a27] D/DataSender(line 705)           :send packet, ret=300, need_resend=0, send_cnt=1, sessionNo=1, info:
streamId=audio-1
frameId=31
sid=cid00015311@dx19c0ec4e6604010001
dataType=1
dataStatus=1
dataLen=214

[2026/01/30 19:59:14 556] [P0x000969e8] [T0x00096a27] D/DataSender(line 705)           :send packet, ret=300, need_resend=0, send_cnt=1, sessionNo=1, info:
streamId=audio-1
frameId=32
sid=cid00015311@dx19c0ec4e6604010001
dataType=1
dataStatus=1
dataLen=214

[2026/01/30 19:59:14 557] [P0x000969e8] [T0x00096a27] D/DataSender(line 705)           :send packet, ret=300, need_resend=0, send_cnt=1, sessionNo=1, info:
streamId=audio-1
frameId=33
sid=cid00015311@dx19c0ec4e6604010001
dataType=1
dataStatus=1
dataLen=214

[2026/01/30 19:59:14 583] [P0x000969e8] [T0x00096bd2] D/WSConnection(line 603)         :receive data completely, dataLen=69
[2026/01/30 19:59:14 583] [P0x000969e8] [T0x00096bd2] D/WSConnection(line 603)         :receive data completely, dataLen=69
[2026/01/30 19:59:14 583] [P0x000969e8] [T0x00096bd2] D/WSConnection(line 603)         :receive data completely, dataLen=69
[2026/01/30 19:59:14 583] [P0x000969e8] [T0x00096a1b] D/DataSender(line 867)           :parsed data as ack, s2ack_time=27ms, info:
streamId=audio-1
frameId=31
retCode=0

[2026/01/30 19:59:14 583] [P0x000969e8] [T0x00096a1b] D/DataSender(line 867)           :parsed data as ack, s2ack_time=27ms, info:
streamId=audio-1
frameId=32
retCode=0

[2026/01/30 19:59:14 583] [P0x000969e8] [T0x00096a1b] D/DataSender(line 867)           :parsed data as ack, s2ack_time=26ms, info:
streamId=audio-1
frameId=33
retCode=0

[2026/01/30 19:59:14 737] [P0x000969e8] [T0x00096a27] D/DataSender(line 705)           :send packet, ret=300, need_resend=0, send_cnt=1, sessionNo=1, info:
streamId=audio-1
frameId=34
sid=cid00015311@dx19c0ec4e6604010001
dataType=1
dataStatus=1
dataLen=214

[2026/01/30 19:59:14 737] [P0x000969e8] [T0x00096a27] D/DataSender(line 705)           :send packet, ret=300, need_resend=0, send_cnt=1, sessionNo=1, info:
streamId=audio-1
frameId=35
sid=cid00015311@dx19c0ec4e6604010001
dataType=1
dataStatus=1
dataLen=214

[2026/01/30 19:59:14 737] [P0x000969e8] [T0x00096a27] D/DataSender(line 705)           :send packet, ret=300, need_resend=0, send_cnt=1, sessionNo=1, info:
streamId=audio-1
frameId=36
sid=cid00015311@dx19c0ec4e6604010001
dataType=1
dataStatus=1
dataLen=214

[2026/01/30 19:59:14 762] [P0x000969e8] [T0x00096bd2] D/WSConnection(line 603)         :receive data completely, dataLen=69
[2026/01/30 19:59:14 762] [P0x000969e8] [T0x00096a1b] D/DataSender(line 867)           :parsed data as ack, s2ack_time=25ms, info:
streamId=audio-1
frameId=34
retCode=0

[2026/01/30 19:59:14 762] [P0x000969e8] [T0x00096bd2] D/WSConnection(line 603)         :receive data completely, dataLen=69
[2026/01/30 19:59:14 762] [P0x000969e8] [T0x00096a1b] D/DataSender(line 867)           :parsed data as ack, s2ack_time=25ms, info:
streamId=audio-1
frameId=35
retCode=0

[2026/01/30 19:59:14 764] [P0x000969e8] [T0x00096bd2] D/WSConnection(line 603)         :receive data completely, dataLen=69
[2026/01/30 19:59:14 764] [P0x000969e8] [T0x00096a1b] D/DataSender(line 867)           :parsed data as ack, s2ack_time=27ms, info:
streamId=audio-1
frameId=36
retCode=0

[2026/01/30 19:59:14 777] [P0x000969e8] [T0x00096a27] D/DataSender(line 705)           :send packet, ret=300, need_resend=0, send_cnt=1, sessionNo=1, info:
streamId=audio-1
frameId=37
sid=cid00015311@dx19c0ec4e6604010001
dataType=1
dataStatus=1
dataLen=214

[2026/01/30 19:59:14 777] [P0x000969e8] [T0x00096a27] D/DataSender(line 705)           :send packet, ret=300, need_resend=0, send_cnt=1, sessionNo=1, info:
streamId=audio-1
frameId=38
sid=cid00015311@dx19c0ec4e6604010001
dataType=1
dataStatus=1
dataLen=214

[2026/01/30 19:59:14 777] [P0x000969e8] [T0x00096a27] D/DataSender(line 705)           :send packet, ret=300, need_resend=0, send_cnt=1, sessionNo=1, info:
streamId=audio-1
frameId=39
sid=cid00015311@dx19c0ec4e6604010001
dataType=1
dataStatus=1
dataLen=214

[2026/01/30 19:59:14 803] [P0x000969e8] [T0x00096bd2] D/WSConnection(line 603)         :receive data completely, dataLen=69
[2026/01/30 19:59:14 803] [P0x000969e8] [T0x00096a1b] D/DataSender(line 867)           :parsed data as ack, s2ack_time=26ms, info:
streamId=audio-1
frameId=37
retCode=0

[2026/01/30 19:59:14 803] [P0x000969e8] [T0x00096bd2] D/WSConnection(line 603)         :receive data completely, dataLen=69
[2026/01/30 19:59:14 803] [P0x000969e8] [T0x00096bd2] D/WSConnection(line 603)         :receive data completely, dataLen=69
[2026/01/30 19:59:14 803] [P0x000969e8] [T0x00096a1b] D/DataSender(line 867)           :parsed data as ack, s2ack_time=26ms, info:
streamId=audio-1
frameId=38
retCode=0

[2026/01/30 19:59:14 803] [P0x000969e8] [T0x00096a1b] D/DataSender(line 867)           :parsed data as ack, s2ack_time=26ms, info:
streamId=audio-1
frameId=39
retCode=0

[2026/01/30 19:59:14 957] [P0x000969e8] [T0x00096a27] D/DataSender(line 705)           :send packet, ret=300, need_resend=0, send_cnt=1, sessionNo=1, info:
streamId=audio-1
frameId=40
sid=cid00015311@dx19c0ec4e6604010001
dataType=1
dataStatus=1
dataLen=214

[2026/01/30 19:59:14 957] [P0x000969e8] [T0x00096a27] D/DataSender(line 705)           :send packet, ret=300, need_resend=0, send_cnt=1, sessionNo=1, info:
streamId=audio-1
frameId=41
sid=cid00015311@dx19c0ec4e6604010001
dataType=1
dataStatus=1
dataLen=214

[2026/01/30 19:59:14 958] [P0x000969e8] [T0x00096a27] D/DataSender(line 705)           :send packet, ret=300, need_resend=0, send_cnt=1, sessionNo=1, info:
streamId=audio-1
frameId=42
sid=cid00015311@dx19c0ec4e6604010001
dataType=1
dataStatus=1
dataLen=214

[2026/01/30 19:59:14 984] [P0x000969e8] [T0x00096bd2] D/WSConnection(line 603)         :receive data completely, dataLen=69
[2026/01/30 19:59:14 984] [P0x000969e8] [T0x00096bd2] D/WSConnection(line 603)         :receive data completely, dataLen=69
[2026/01/30 19:59:14 984] [P0x000969e8] [T0x00096a1b] D/DataSender(line 867)           :parsed data as ack, s2ack_time=27ms, info:
streamId=audio-1
frameId=40
retCode=0

[2026/01/30 19:59:14 984] [P0x000969e8] [T0x00096a1b] D/DataSender(line 867)           :parsed data as ack, s2ack_time=27ms, info:
streamId=audio-1
frameId=41
retCode=0

[2026/01/30 19:59:14 984] [P0x000969e8] [T0x00096bd2] D/WSConnection(line 603)         :receive data completely, dataLen=69
[2026/01/30 19:59:14 984] [P0x000969e8] [T0x00096a1b] D/DataSender(line 867)           :parsed data as ack, s2ack_time=26ms, info:
streamId=audio-1
frameId=42
retCode=0

[2026/01/30 19:59:15 118] [P0x000969e8] [T0x00096a27] D/DataSender(line 705)           :send packet, ret=300, need_resend=0, send_cnt=1, sessionNo=1, info:
streamId=audio-1
frameId=43
sid=cid00015311@dx19c0ec4e6604010001
dataType=1
dataStatus=1
dataLen=214

[2026/01/30 19:59:15 118] [P0x000969e8] [T0x00096a27] D/DataSender(line 705)           :send packet, ret=300, need_resend=0, send_cnt=1, sessionNo=1, info:
streamId=audio-1
frameId=44
sid=cid00015311@dx19c0ec4e6604010001
dataType=1
dataStatus=1
dataLen=214

[2026/01/30 19:59:15 118] [P0x000969e8] [T0x00096a27] D/DataSender(line 705)           :send packet, ret=300, need_resend=0, send_cnt=1, sessionNo=1, info:
streamId=audio-1
frameId=45
sid=cid00015311@dx19c0ec4e6604010001
dataType=1
dataStatus=1
dataLen=214

[2026/01/30 19:59:15 119] [P0x000969e8] [T0x00096a27] D/DataSender(line 705)           :send packet, ret=300, need_resend=0, send_cnt=1, sessionNo=1, info:
streamId=audio-1
frameId=46
sid=cid00015311@dx19c0ec4e6604010001
dataType=1
dataStatus=1
dataLen=214

[2026/01/30 19:59:15 146] [P0x000969e8] [T0x00096bd2] D/WSConnection(line 603)         :receive data completely, dataLen=69
[2026/01/30 19:59:15 146] [P0x000969e8] [T0x00096bd2] D/WSConnection(line 603)         :receive data completely, dataLen=69
[2026/01/30 19:59:15 146] [P0x000969e8] [T0x00096a1b] D/DataSender(line 867)           :parsed data as ack, s2ack_time=28ms, info:
streamId=audio-1
frameId=43
retCode=0

[2026/01/30 19:59:15 146] [P0x000969e8] [T0x00096a1b] D/DataSender(line 867)           :parsed data as ack, s2ack_time=28ms, info:
streamId=audio-1
frameId=44
retCode=0

[2026/01/30 19:59:15 146] [P0x000969e8] [T0x00096bd2] D/WSConnection(line 603)         :receive data completely, dataLen=69
[2026/01/30 19:59:15 146] [P0x000969e8] [T0x00096a1b] D/DataSender(line 867)           :parsed data as ack, s2ack_time=28ms, info:
streamId=audio-1
frameId=45
retCode=0

[2026/01/30 19:59:15 146] [P0x000969e8] [T0x00096bd2] D/WSConnection(line 603)         :receive data completely, dataLen=69
[2026/01/30 19:59:15 146] [P0x000969e8] [T0x00096a1b] D/DataSender(line 867)           :parsed data as ack, s2ack_time=27ms, info:
streamId=audio-1
frameId=46
retCode=0

[2026/01/30 19:59:15 158] [P0x000969e8] [T0x00096a27] D/DataSender(line 705)           :send packet, ret=300, need_resend=0, send_cnt=1, sessionNo=1, info:
streamId=audio-1
frameId=47
sid=cid00015311@dx19c0ec4e6604010001
dataType=1
dataStatus=1
dataLen=214

[2026/01/30 19:59:15 158] [P0x000969e8] [T0x00096a27] D/DataSender(line 705)           :send packet, ret=300, need_resend=0, send_cnt=1, sessionNo=1, info:
streamId=audio-1
frameId=48
sid=cid00015311@dx19c0ec4e6604010001
dataType=1
dataStatus=1
dataLen=214

[2026/01/30 19:59:15 158] [P0x000969e8] [T0x00096a27] D/DataSender(line 705)           :send packet, ret=300, need_resend=0, send_cnt=1, sessionNo=1, info:
streamId=audio-1
frameId=49
sid=cid00015311@dx19c0ec4e6604010001
dataType=1
dataStatus=1
dataLen=214

[2026/01/30 19:59:15 184] [P0x000969e8] [T0x00096bd2] D/WSConnection(line 603)         :receive data completely, dataLen=69
[2026/01/30 19:59:15 184] [P0x000969e8] [T0x00096bd2] D/WSConnection(line 603)         :receive data completely, dataLen=69
[2026/01/30 19:59:15 184] [P0x000969e8] [T0x00096a1b] D/DataSender(line 867)           :parsed data as ack, s2ack_time=26ms, info:
streamId=audio-1
frameId=47
retCode=0

[2026/01/30 19:59:15 184] [P0x000969e8] [T0x00096a1b] D/DataSender(line 867)           :parsed data as ack, s2ack_time=26ms, info:
streamId=audio-1
frameId=48
retCode=0

[2026/01/30 19:59:15 184] [P0x000969e8] [T0x00096bd2] D/WSConnection(line 603)         :receive data completely, dataLen=69
[2026/01/30 19:59:15 184] [P0x000969e8] [T0x00096a1b] D/DataSender(line 867)           :parsed data as ack, s2ack_time=26ms, info:
streamId=audio-1
frameId=49
retCode=0

[2026/01/30 19:59:15 338] [P0x000969e8] [T0x00096a27] D/DataSender(line 705)           :send packet, ret=300, need_resend=0, send_cnt=1, sessionNo=1, info:
streamId=audio-1
frameId=50
sid=cid00015311@dx19c0ec4e6604010001
dataType=1
dataStatus=1
dataLen=214

[2026/01/30 19:59:15 338] [P0x000969e8] [T0x00096a27] D/DataSender(line 705)           :send packet, ret=300, need_resend=0, send_cnt=1, sessionNo=1, info:
streamId=audio-1
frameId=51
sid=cid00015311@dx19c0ec4e6604010001
dataType=1
dataStatus=1
dataLen=214

[2026/01/30 19:59:15 339] [P0x000969e8] [T0x00096a27] D/DataSender(line 705)           :send packet, ret=300, need_resend=0, send_cnt=1, sessionNo=1, info:
streamId=audio-1
frameId=52
sid=cid00015311@dx19c0ec4e6604010001
dataType=1
dataStatus=1
dataLen=214

[2026/01/30 19:59:15 365] [P0x000969e8] [T0x00096bd2] D/WSConnection(line 603)         :receive data completely, dataLen=69
[2026/01/30 19:59:15 365] [P0x000969e8] [T0x00096a1b] D/DataSender(line 867)           :parsed data as ack, s2ack_time=27ms, info:
streamId=audio-1
frameId=50
retCode=0

[2026/01/30 19:59:15 365] [P0x000969e8] [T0x00096bd2] D/WSConnection(line 603)         :receive data completely, dataLen=69
[2026/01/30 19:59:15 365] [P0x000969e8] [T0x00096a1b] D/DataSender(line 867)           :parsed data as ack, s2ack_time=26ms, info:
streamId=audio-1
frameId=51
retCode=0

[2026/01/30 19:59:15 366] [P0x000969e8] [T0x00096bd2] D/WSConnection(line 603)         :receive data completely, dataLen=69
[2026/01/30 19:59:15 366] [P0x000969e8] [T0x00096a1b] D/DataSender(line 867)           :parsed data as ack, s2ack_time=27ms, info:
streamId=audio-1
frameId=52
retCode=0

[2026/01/30 19:59:15 518] [P0x000969e8] [T0x00096a27] D/DataSender(line 705)           :send packet, ret=300, need_resend=0, send_cnt=1, sessionNo=1, info:
streamId=audio-1
frameId=53
sid=cid00015311@dx19c0ec4e6604010001
dataType=1
dataStatus=1
dataLen=214

[2026/01/30 19:59:15 518] [P0x000969e8] [T0x00096a27] D/DataSender(line 705)           :send packet, ret=300, need_resend=0, send_cnt=1, sessionNo=1, info:
streamId=audio-1
frameId=54
sid=cid00015311@dx19c0ec4e6604010001
dataType=1
dataStatus=1
dataLen=214

[2026/01/30 19:59:15 519] [P0x000969e8] [T0x00096a27] D/DataSender(line 705)           :send packet, ret=300, need_resend=0, send_cnt=1, sessionNo=1, info:
streamId=audio-1
frameId=55
sid=cid00015311@dx19c0ec4e6604010001
dataType=1
dataStatus=1
dataLen=214

[2026/01/30 19:59:15 545] [P0x000969e8] [T0x00096bd2] D/WSConnection(line 603)         :receive data completely, dataLen=69
[2026/01/30 19:59:15 545] [P0x000969e8] [T0x00096bd2] D/WSConnection(line 603)         :receive data completely, dataLen=69
[2026/01/30 19:59:15 545] [P0x000969e8] [T0x00096a1b] D/DataSender(line 867)           :parsed data as ack, s2ack_time=27ms, info:
streamId=audio-1
frameId=53
retCode=0

[2026/01/30 19:59:15 545] [P0x000969e8] [T0x00096a1b] D/DataSender(line 867)           :parsed data as ack, s2ack_time=27ms, info:
streamId=audio-1
frameId=54
retCode=0

[2026/01/30 19:59:15 545] [P0x000969e8] [T0x00096bd2] D/WSConnection(line 603)         :receive data completely, dataLen=69
[2026/01/30 19:59:15 545] [P0x000969e8] [T0x00096a1b] D/DataSender(line 867)           :parsed data as ack, s2ack_time=26ms, info:
streamId=audio-1
frameId=55
retCode=0

[2026/01/30 19:59:15 558] [P0x000969e8] [T0x00096a27] D/DataSender(line 705)           :send packet, ret=300, need_resend=0, send_cnt=1, sessionNo=1, info:
streamId=audio-1
frameId=56
sid=cid00015311@dx19c0ec4e6604010001
dataType=1
dataStatus=1
dataLen=214

[2026/01/30 19:59:15 558] [P0x000969e8] [T0x00096a27] D/DataSender(line 705)           :send packet, ret=300, need_resend=0, send_cnt=1, sessionNo=1, info:
streamId=audio-1
frameId=57
sid=cid00015311@dx19c0ec4e6604010001
dataType=1
dataStatus=1
dataLen=214

[2026/01/30 19:59:15 558] [P0x000969e8] [T0x00096a27] D/DataSender(line 705)           :send packet, ret=300, need_resend=0, send_cnt=1, sessionNo=1, info:
streamId=audio-1
frameId=58
sid=cid00015311@dx19c0ec4e6604010001
dataType=1
dataStatus=1
dataLen=214

[2026/01/30 19:59:15 585] [P0x000969e8] [T0x00096bd2] D/WSConnection(line 603)         :receive data completely, dataLen=69
[2026/01/30 19:59:15 585] [P0x000969e8] [T0x00096a1b] D/DataSender(line 867)           :parsed data as ack, s2ack_time=27ms, info:
streamId=audio-1
frameId=56
retCode=0

[2026/01/30 19:59:15 585] [P0x000969e8] [T0x00096bd2] D/WSConnection(line 603)         :receive data completely, dataLen=69
[2026/01/30 19:59:15 585] [P0x000969e8] [T0x00096a1b] D/DataSender(line 867)           :parsed data as ack, s2ack_time=27ms, info:
streamId=audio-1
frameId=57
retCode=0

[2026/01/30 19:59:15 585] [P0x000969e8] [T0x00096bd2] D/WSConnection(line 603)         :receive data completely, dataLen=69
[2026/01/30 19:59:15 585] [P0x000969e8] [T0x00096a1b] D/DataSender(line 867)           :parsed data as ack, s2ack_time=27ms, info:
streamId=audio-1
frameId=58
retCode=0

[2026/01/30 19:59:15 737] [P0x000969e8] [T0x00096a27] D/DataSender(line 705)           :send packet, ret=300, need_resend=0, send_cnt=1, sessionNo=1, info:
streamId=audio-1
frameId=59
sid=cid00015311@dx19c0ec4e6604010001
dataType=1
dataStatus=1
dataLen=214

[2026/01/30 19:59:15 737] [P0x000969e8] [T0x00096a27] D/DataSender(line 705)           :send packet, ret=300, need_resend=0, send_cnt=1, sessionNo=1, info:
streamId=audio-1
frameId=60
sid=cid00015311@dx19c0ec4e6604010001
dataType=1
dataStatus=1
dataLen=214

[2026/01/30 19:59:15 738] [P0x000969e8] [T0x00096a27] D/DataSender(line 705)           :send packet, ret=300, need_resend=0, send_cnt=1, sessionNo=1, info:
streamId=audio-1
frameId=61
sid=cid00015311@dx19c0ec4e6604010001
dataType=1
dataStatus=1
dataLen=214

[2026/01/30 19:59:15 738] [P0x000969e8] [T0x00096a27] D/DataSender(line 705)           :send packet, ret=300, need_resend=0, send_cnt=1, sessionNo=1, info:
streamId=audio-1
frameId=62
sid=cid00015311@dx19c0ec4e6604010001
dataType=1
dataStatus=1
dataLen=214

[2026/01/30 19:59:15 763] [P0x000969e8] [T0x00096bd2] D/WSConnection(line 603)         :receive data completely, dataLen=69
[2026/01/30 19:59:15 763] [P0x000969e8] [T0x00096a1b] D/DataSender(line 867)           :parsed data as ack, s2ack_time=26ms, info:
streamId=audio-1
frameId=59
retCode=0

[2026/01/30 19:59:15 763] [P0x000969e8] [T0x00096bd2] D/WSConnection(line 603)         :receive data completely, dataLen=69
[2026/01/30 19:59:15 763] [P0x000969e8] [T0x00096a1b] D/DataSender(line 867)           :parsed data as ack, s2ack_time=26ms, info:
streamId=audio-1
frameId=60
retCode=0

[2026/01/30 19:59:15 763] [P0x000969e8] [T0x00096bd2] D/WSConnection(line 603)         :receive data completely, dataLen=69
[2026/01/30 19:59:15 763] [P0x000969e8] [T0x00096bd2] D/WSConnection(line 603)         :receive data completely, dataLen=69
[2026/01/30 19:59:15 763] [P0x000969e8] [T0x00096a1b] D/DataSender(line 867)           :parsed data as ack, s2ack_time=25ms, info:
streamId=audio-1
frameId=61
retCode=0

[2026/01/30 19:59:15 763] [P0x000969e8] [T0x00096a1b] D/DataSender(line 867)           :parsed data as ack, s2ack_time=25ms, info:
streamId=audio-1
frameId=62
retCode=0

[2026/01/30 19:59:15 918] [P0x000969e8] [T0x00096a27] D/DataSender(line 705)           :send packet, ret=300, need_resend=0, send_cnt=1, sessionNo=1, info:
streamId=audio-1
frameId=63
sid=cid00015311@dx19c0ec4e6604010001
dataType=1
dataStatus=1
dataLen=214

[2026/01/30 19:59:15 918] [P0x000969e8] [T0x00096a27] D/DataSender(line 705)           :send packet, ret=300, need_resend=0, send_cnt=1, sessionNo=1, info:
streamId=audio-1
frameId=64
sid=cid00015311@dx19c0ec4e6604010001
dataType=1
dataStatus=1
dataLen=214

[2026/01/30 19:59:15 918] [P0x000969e8] [T0x00096a27] D/DataSender(line 705)           :send packet, ret=300, need_resend=0, send_cnt=1, sessionNo=1, info:
streamId=audio-1
frameId=65
sid=cid00015311@dx19c0ec4e6604010001
dataType=1
dataStatus=1
dataLen=214

[2026/01/30 19:59:15 944] [P0x000969e8] [T0x00096bd2] D/WSConnection(line 603)         :receive data completely, dataLen=69
[2026/01/30 19:59:15 944] [P0x000969e8] [T0x00096a1b] D/DataSender(line 867)           :parsed data as ack, s2ack_time=26ms, info:
streamId=audio-1
frameId=63
retCode=0

[2026/01/30 19:59:15 944] [P0x000969e8] [T0x00096bd2] D/WSConnection(line 603)         :receive data completely, dataLen=69
[2026/01/30 19:59:15 944] [P0x000969e8] [T0x00096a1b] D/DataSender(line 867)           :parsed data as ack, s2ack_time=26ms, info:
streamId=audio-1
frameId=64
retCode=0

[2026/01/30 19:59:15 944] [P0x000969e8] [T0x00096bd2] D/WSConnection(line 603)         :receive data completely, dataLen=69
[2026/01/30 19:59:15 944] [P0x000969e8] [T0x00096a1b] D/DataSender(line 867)           :parsed data as ack, s2ack_time=26ms, info:
streamId=audio-1
frameId=65
retCode=0

[2026/01/30 19:59:15 958] [P0x000969e8] [T0x00096a29] I/VadUnit(line 714)              :vad_eos found, confidence=0.961475.
[2026/01/30 19:59:15 958] [P0x000969e8] [T0x00096a27] D/DataSender(line 705)           :send packet, ret=300, need_resend=0, send_cnt=1, sessionNo=1, info:
streamId=audio-1
frameId=66
sid=cid00015311@dx19c0ec4e6604010001
dataType=1
dataStatus=1
dataLen=214

[2026/01/30 19:59:15 958] [P0x000969e8] [T0x00096a27] D/DataSender(line 705)           :send packet, ret=300, need_resend=0, send_cnt=1, sessionNo=1, info:
streamId=audio-1
frameId=67
sid=cid00015311@dx19c0ec4e6604010001
dataType=1
dataStatus=1
dataLen=214

[2026/01/30 19:59:15 958] [P0x000969e8] [T0x00096a2a] D/DataSender(line 524)           :set result timeout 5000ms for stream audio-1, taskId=1068.
[2026/01/30 19:59:15 958] [P0x000969e8] [T0x00096a27] D/DataSender(line 705)           :send packet, ret=300, need_resend=0, send_cnt=1, sessionNo=1, info:
streamId=audio-1
frameId=68
sid=cid00015311@dx19c0ec4e6604010001
dataType=1
dataStatus=2
dataLen=214

[2026/01/30 19:59:15 987] [P0x000969e8] [T0x00096bd2] D/WSConnection(line 603)         :receive data completely, dataLen=69
[2026/01/30 19:59:15 987] [P0x000969e8] [T0x00096bd2] D/WSConnection(line 603)         :receive data completely, dataLen=69
[2026/01/30 19:59:15 987] [P0x000969e8] [T0x00096bd2] D/WSConnection(line 603)         :receive data completely, dataLen=69
[2026/01/30 19:59:15 987] [P0x000969e8] [T0x00096a1b] D/DataSender(line 867)           :parsed data as ack, s2ack_time=29ms, info:
streamId=audio-1
frameId=66
retCode=0

[2026/01/30 19:59:15 987] [P0x000969e8] [T0x00096a1b] D/DataSender(line 867)           :parsed data as ack, s2ack_time=29ms, info:
streamId=audio-1
frameId=67
retCode=0

[2026/01/30 19:59:15 987] [P0x000969e8] [T0x00096a1b] D/DataSender(line 867)           :parsed data as ack, s2ack_time=29ms, info:
streamId=audio-1
frameId=68
retCode=0

[2026/01/30 19:59:16 059] [P0x000969e8] [T0x00096bd2] D/WSConnection(line 603)         :receive data completely, dataLen=362
[2026/01/30 19:59:16 060] [P0x000969e8] [T0x00096bd2] D/DataSender(line 1466)          :parsed data as result, stmid=audio-1, sid=cid00015311@dx19c0ec4e6604010001, retCode=0, params:
{"data":[{"content":[{"cnt_id":"0","dte":"utf8","dtf":"json"}],"params":{"accent":"mandarin","cmd":"[{\"service\":\"iat\",\"next\":\"end\"}]","frstid":"1","language":"zh-cn","lrst":"1","rss":"2","rstid":1,"sub":"iat"}}]}

[2026/01/30 19:59:16 060] [P0x000969e8] [T0x00096a26] D/ResultScheduler(line 313)      :sub=iat, result={"text":{"bg":0,"ed":0,"ls":true,"sn":1,"ws":[{"bg":0,"cw":[{"sc":0,"w":"你好"}]},{"bg":0,"cw":[{"sc":0,"w":"精灵"}]},{"bg":0,"cw":[{"sc":0,"w":""}]}]}}
[2026/01/30 19:59:16 060] [P0x000969e8] [T0x00096a26] D/ResultScheduler(line 456)      :stat size=1
[2026/01/30 19:59:16 060] [P0x000969e8] [T0x00096a26] D/ResultScheduler(line 457)      :rstMap size=0
[2026/01/30 19:59:16 060] [P0x000969e8] [T0x00096a26] D/ResultScheduler(line 458)      :sid=cid00015311@dx19c0ec4e6604010001
[2026/01/30 19:59:16 060] [P0x000969e8] [T0x00096a26] D/ResultScheduler(line 459)      :streamId=audio-1
[2026/01/30 19:59:16 060] [P0x000969e8] [T0x00096a26] D/ResultScheduler(line 460)      :bizParam={"data":[{"content":[{"cnt_id":"0","dte":"utf8","dtf":"json"}],"params":{"accent":"mandarin","cmd":"[{\"service\":\"iat\",\"next\":\"end\"}]","frstid":"1","language":"zh-cn","lrst":"1","rss":"2","rstid":1,"sub":"iat"}}]}
[2026/01/30 19:59:16 060] [P0x000969e8] [T0x00096a1b] D/DataSender(line 1047)          :stream audio-1 received result, reset the continued timeout count.
[2026/01/30 19:59:18 280] [P0x000969e8] [T0x00096a29] I/VadUnit(line 653)              :write audio before bos, length=19200.
[2026/01/30 19:59:18 280] [P0x000969e8] [T0x00096a29] I/VadUnit(line 665)              :vad_bos found, stmid=audio-2.
[2026/01/30 19:59:18 281] [P0x000969e8] [T0x00096a27] D/DataSender(line 705)           :send packet, ret=1029, need_resend=0, send_cnt=1, sessionNo=1, info:
streamId=audio-2
frameId=1
sid=cid00015311@dx19c0ec4e6608010002
dataType=1
dataStatus=0
dataLen=214
args={"cnt_id":"0","dte":"speex-wb;10","dtf":"audio/L16;rate=16000","frame_size":"1280"}
params={"appid":"ad184cbf","context":{"sdk_support":["tts","iat","nlp"]},"dev_lang":"cpp","dsrc":"sdk","dtype":"audio","interact_mode":"continuous","os_sys":"Linux","prot_type":"pb","sample_rate":"16000","scene":"main_box","sdk_ver":"6.6.0001.0041","sn":"bc:fc:e7:cc:1d:1a","stmid":"audio-2","ver_type":"desktop_pc","wake_id":"1769774310864031e689d7ae224e14d1fb770"}
userParams=

[2026/01/30 19:59:18 281] [P0x000969e8] [T0x00096a27] D/DataSender(line 705)           :send packet, ret=300, need_resend=0, send_cnt=1, sessionNo=1, info:
streamId=audio-2
frameId=2
sid=cid00015311@dx19c0ec4e6608010002
dataType=1
dataStatus=1
dataLen=214

[2026/01/30 19:59:18 281] [P0x000969e8] [T0x00096a27] D/DataSender(line 705)           :send packet, ret=300, need_resend=0, send_cnt=1, sessionNo=1, info:
streamId=audio-2
frameId=3
sid=cid00015311@dx19c0ec4e6608010002
dataType=1
dataStatus=1
dataLen=214

[2026/01/30 19:59:18 282] [P0x000969e8] [T0x00096a27] D/DataSender(line 705)           :send packet, ret=300, need_resend=0, send_cnt=1, sessionNo=1, info:
streamId=audio-2
frameId=4
sid=cid00015311@dx19c0ec4e6608010002
dataType=1
dataStatus=1
dataLen=214

[2026/01/30 19:59:18 282] [P0x000969e8] [T0x00096a27] D/DataSender(line 705)           :send packet, ret=300, need_resend=0, send_cnt=1, sessionNo=1, info:
streamId=audio-2
frameId=5
sid=cid00015311@dx19c0ec4e6608010002
dataType=1
dataStatus=1
dataLen=214

[2026/01/30 19:59:18 282] [P0x000969e8] [T0x00096a27] D/DataSender(line 705)           :send packet, ret=300, need_resend=0, send_cnt=1, sessionNo=1, info:
streamId=audio-2
frameId=6
sid=cid00015311@dx19c0ec4e6608010002
dataType=1
dataStatus=1
dataLen=214

[2026/01/30 19:59:18 283] [P0x000969e8] [T0x00096a27] D/DataSender(line 705)           :send packet, ret=300, need_resend=0, send_cnt=1, sessionNo=1, info:
streamId=audio-2
frameId=7
sid=cid00015311@dx19c0ec4e6608010002
dataType=1
dataStatus=1
dataLen=214

[2026/01/30 19:59:18 283] [P0x000969e8] [T0x00096a27] D/DataSender(line 705)           :send packet, ret=300, need_resend=0, send_cnt=1, sessionNo=1, info:
streamId=audio-2
frameId=8
sid=cid00015311@dx19c0ec4e6608010002
dataType=1
dataStatus=1
dataLen=214

[2026/01/30 19:59:18 283] [P0x000969e8] [T0x00096a27] D/DataSender(line 705)           :send packet, ret=300, need_resend=0, send_cnt=1, sessionNo=1, info:
streamId=audio-2
frameId=9
sid=cid00015311@dx19c0ec4e6608010002
dataType=1
dataStatus=1
dataLen=214

[2026/01/30 19:59:18 284] [P0x000969e8] [T0x00096a27] D/DataSender(line 705)           :send packet, ret=300, need_resend=0, send_cnt=1, sessionNo=1, info:
streamId=audio-2
frameId=10
sid=cid00015311@dx19c0ec4e6608010002
dataType=1
dataStatus=1
dataLen=214

[2026/01/30 19:59:18 284] [P0x000969e8] [T0x00096a27] D/DataSender(line 705)           :send packet, ret=300, need_resend=0, send_cnt=1, sessionNo=1, info:
streamId=audio-2
frameId=11
sid=cid00015311@dx19c0ec4e6608010002
dataType=1
dataStatus=1
dataLen=214

[2026/01/30 19:59:18 284] [P0x000969e8] [T0x00096a27] D/DataSender(line 705)           :send packet, ret=300, need_resend=0, send_cnt=1, sessionNo=1, info:
streamId=audio-2
frameId=12
sid=cid00015311@dx19c0ec4e6608010002
dataType=1
dataStatus=1
dataLen=214

[2026/01/30 19:59:18 285] [P0x000969e8] [T0x00096a27] D/DataSender(line 705)           :send packet, ret=300, need_resend=0, send_cnt=1, sessionNo=1, info:
streamId=audio-2
frameId=13
sid=cid00015311@dx19c0ec4e6608010002
dataType=1
dataStatus=1
dataLen=214

[2026/01/30 19:59:18 285] [P0x000969e8] [T0x00096a27] D/DataSender(line 705)           :send packet, ret=300, need_resend=0, send_cnt=1, sessionNo=1, info:
streamId=audio-2
frameId=14
sid=cid00015311@dx19c0ec4e6608010002
dataType=1
dataStatus=1
dataLen=214

[2026/01/30 19:59:18 285] [P0x000969e8] [T0x00096a27] D/DataSender(line 705)           :send packet, ret=300, need_resend=0, send_cnt=1, sessionNo=1, info:
streamId=audio-2
frameId=15
sid=cid00015311@dx19c0ec4e6608010002
dataType=1
dataStatus=1
dataLen=214

[2026/01/30 19:59:18 285] [P0x000969e8] [T0x00096a27] D/DataSender(line 705)           :send packet, ret=300, need_resend=0, send_cnt=1, sessionNo=1, info:
streamId=audio-2
frameId=16
sid=cid00015311@dx19c0ec4e6608010002
dataType=1
dataStatus=1
dataLen=214

[2026/01/30 19:59:18 286] [P0x000969e8] [T0x00096a27] D/DataSender(line 705)           :send packet, ret=300, need_resend=0, send_cnt=1, sessionNo=1, info:
streamId=audio-2
frameId=17
sid=cid00015311@dx19c0ec4e6608010002
dataType=1
dataStatus=1
dataLen=214

[2026/01/30 19:59:18 286] [P0x000969e8] [T0x00096a27] D/DataSender(line 705)           :send packet, ret=300, need_resend=0, send_cnt=1, sessionNo=1, info:
streamId=audio-2
frameId=18
sid=cid00015311@dx19c0ec4e6608010002
dataType=1
dataStatus=1
dataLen=214

[2026/01/30 19:59:18 286] [P0x000969e8] [T0x00096a27] D/DataSender(line 705)           :send packet, ret=300, need_resend=0, send_cnt=1, sessionNo=1, info:
streamId=audio-2
frameId=19
sid=cid00015311@dx19c0ec4e6608010002
dataType=1
dataStatus=1
dataLen=214

[2026/01/30 19:59:18 313] [P0x000969e8] [T0x00096bd2] D/WSConnection(line 603)         :receive data completely, dataLen=66
[2026/01/30 19:59:18 313] [P0x000969e8] [T0x00096a1b] D/DataSender(line 867)           :parsed data as ack, s2ack_time=32ms, info:
streamId=audio-2
frameId=1
retCode=0

[2026/01/30 19:59:18 314] [P0x000969e8] [T0x00096bd2] D/WSConnection(line 603)         :receive data completely, dataLen=68
[2026/01/30 19:59:18 314] [P0x000969e8] [T0x00096bd2] D/WSConnection(line 603)         :receive data completely, dataLen=68
[2026/01/30 19:59:18 314] [P0x000969e8] [T0x00096bd2] D/WSConnection(line 603)         :receive data completely, dataLen=68
[2026/01/30 19:59:18 314] [P0x000969e8] [T0x00096a1b] D/DataSender(line 867)           :parsed data as ack, s2ack_time=33ms, info:
streamId=audio-2
frameId=2
retCode=0

[2026/01/30 19:59:18 314] [P0x000969e8] [T0x00096a1b] D/DataSender(line 867)           :parsed data as ack, s2ack_time=33ms, info:
streamId=audio-2
frameId=3
retCode=0

[2026/01/30 19:59:18 314] [P0x000969e8] [T0x00096bd2] D/WSConnection(line 603)         :receive data completely, dataLen=68
[2026/01/30 19:59:18 314] [P0x000969e8] [T0x00096a1b] D/DataSender(line 867)           :parsed data as ack, s2ack_time=32ms, info:
streamId=audio-2
frameId=4
retCode=0

[2026/01/30 19:59:18 314] [P0x000969e8] [T0x00096a1b] D/DataSender(line 867)           :parsed data as ack, s2ack_time=32ms, info:
streamId=audio-2
frameId=5
retCode=0

[2026/01/30 19:59:18 314] [P0x000969e8] [T0x00096bd2] D/WSConnection(line 603)         :receive data completely, dataLen=68
[2026/01/30 19:59:18 314] [P0x000969e8] [T0x00096a1b] D/DataSender(line 867)           :parsed data as ack, s2ack_time=32ms, info:
streamId=audio-2
frameId=6
retCode=0

[2026/01/30 19:59:18 314] [P0x000969e8] [T0x00096bd2] D/WSConnection(line 603)         :receive data completely, dataLen=68
[2026/01/30 19:59:18 314] [P0x000969e8] [T0x00096a1b] D/DataSender(line 867)           :parsed data as ack, s2ack_time=31ms, info:
streamId=audio-2
frameId=7
retCode=0

[2026/01/30 19:59:18 314] [P0x000969e8] [T0x00096bd2] D/WSConnection(line 603)         :receive data completely, dataLen=68
[2026/01/30 19:59:18 314] [P0x000969e8] [T0x00096a1b] D/DataSender(line 867)           :parsed data as ack, s2ack_time=31ms, info:
streamId=audio-2
frameId=8
retCode=0

[2026/01/30 19:59:18 314] [P0x000969e8] [T0x00096bd2] D/WSConnection(line 603)         :receive data completely, dataLen=68
[2026/01/30 19:59:18 314] [P0x000969e8] [T0x00096a1b] D/DataSender(line 867)           :parsed data as ack, s2ack_time=31ms, info:
streamId=audio-2
frameId=9
retCode=0

[2026/01/30 19:59:18 314] [P0x000969e8] [T0x00096bd2] D/WSConnection(line 603)         :receive data completely, dataLen=69
[2026/01/30 19:59:18 314] [P0x000969e8] [T0x00096a1b] D/DataSender(line 867)           :parsed data as ack, s2ack_time=30ms, info:
streamId=audio-2
frameId=10
retCode=0

[2026/01/30 19:59:18 335] [P0x000969e8] [T0x00096bd2] D/WSConnection(line 603)         :receive data completely, dataLen=69
[2026/01/30 19:59:18 335] [P0x000969e8] [T0x00096bd2] D/WSConnection(line 603)         :receive data completely, dataLen=69
[2026/01/30 19:59:18 335] [P0x000969e8] [T0x00096a1b] D/DataSender(line 867)           :parsed data as ack, s2ack_time=51ms, info:
streamId=audio-2
frameId=11
retCode=0

[2026/01/30 19:59:18 335] [P0x000969e8] [T0x00096bd2] D/WSConnection(line 603)         :receive data completely, dataLen=69
[2026/01/30 19:59:18 335] [P0x000969e8] [T0x00096a1b] D/DataSender(line 867)           :parsed data as ack, s2ack_time=51ms, info:
streamId=audio-2
frameId=12
retCode=0

[2026/01/30 19:59:18 335] [P0x000969e8] [T0x00096a1b] D/DataSender(line 867)           :parsed data as ack, s2ack_time=50ms, info:
streamId=audio-2
frameId=13
retCode=0

[2026/01/30 19:59:18 335] [P0x000969e8] [T0x00096bd2] D/WSConnection(line 603)         :receive data completely, dataLen=69
[2026/01/30 19:59:18 335] [P0x000969e8] [T0x00096bd2] D/WSConnection(line 603)         :receive data completely, dataLen=69
[2026/01/30 19:59:18 335] [P0x000969e8] [T0x00096a1b] D/DataSender(line 867)           :parsed data as ack, s2ack_time=50ms, info:
streamId=audio-2
frameId=14
retCode=0

[2026/01/30 19:59:18 335] [P0x000969e8] [T0x00096a1b] D/DataSender(line 867)           :parsed data as ack, s2ack_time=50ms, info:
streamId=audio-2
frameId=15
retCode=0

[2026/01/30 19:59:18 338] [P0x000969e8] [T0x00096bd2] D/WSConnection(line 603)         :receive data completely, dataLen=69
[2026/01/30 19:59:18 338] [P0x000969e8] [T0x00096a1b] D/DataSender(line 867)           :parsed data as ack, s2ack_time=53ms, info:
streamId=audio-2
frameId=16
retCode=0

[2026/01/30 19:59:18 338] [P0x000969e8] [T0x00096bd2] D/WSConnection(line 603)         :receive data completely, dataLen=69
[2026/01/30 19:59:18 338] [P0x000969e8] [T0x00096a1b] D/DataSender(line 867)           :parsed data as ack, s2ack_time=52ms, info:
streamId=audio-2
frameId=17
retCode=0

[2026/01/30 19:59:18 338] [P0x000969e8] [T0x00096bd2] D/WSConnection(line 603)         :receive data completely, dataLen=69
[2026/01/30 19:59:18 338] [P0x000969e8] [T0x00096a1b] D/DataSender(line 867)           :parsed data as ack, s2ack_time=52ms, info:
streamId=audio-2
frameId=18
retCode=0

[2026/01/30 19:59:18 338] [P0x000969e8] [T0x00096bd2] D/WSConnection(line 603)         :receive data completely, dataLen=69
[2026/01/30 19:59:18 338] [P0x000969e8] [T0x00096a1b] D/DataSender(line 867)           :parsed data as ack, s2ack_time=52ms, info:
streamId=audio-2
frameId=19
retCode=0

[2026/01/30 19:59:18 439] [P0x000969e8] [T0x00096a27] D/DataSender(line 705)           :send packet, ret=300, need_resend=0, send_cnt=1, sessionNo=1, info:
streamId=audio-2
frameId=20
sid=cid00015311@dx19c0ec4e6608010002
dataType=1
dataStatus=1
dataLen=214

[2026/01/30 19:59:18 439] [P0x000969e8] [T0x00096a27] D/DataSender(line 705)           :send packet, ret=300, need_resend=0, send_cnt=1, sessionNo=1, info:
streamId=audio-2
frameId=21
sid=cid00015311@dx19c0ec4e6608010002
dataType=1
dataStatus=1
dataLen=214

[2026/01/30 19:59:18 439] [P0x000969e8] [T0x00096a27] D/DataSender(line 705)           :send packet, ret=300, need_resend=0, send_cnt=1, sessionNo=1, info:
streamId=audio-2
frameId=22
sid=cid00015311@dx19c0ec4e6608010002
dataType=1
dataStatus=1
dataLen=214

[2026/01/30 19:59:18 475] [P0x000969e8] [T0x00096bd2] D/WSConnection(line 603)         :receive data completely, dataLen=69
[2026/01/30 19:59:18 475] [P0x000969e8] [T0x00096bd2] D/WSConnection(line 603)         :receive data completely, dataLen=69
[2026/01/30 19:59:18 475] [P0x000969e8] [T0x00096a1b] D/DataSender(line 867)           :parsed data as ack, s2ack_time=36ms, info:
streamId=audio-2
frameId=20
retCode=0

[2026/01/30 19:59:18 475] [P0x000969e8] [T0x00096a1b] D/DataSender(line 867)           :parsed data as ack, s2ack_time=36ms, info:
streamId=audio-2
frameId=21
retCode=0

[2026/01/30 19:59:18 475] [P0x000969e8] [T0x00096bd2] D/WSConnection(line 603)         :receive data completely, dataLen=69
[2026/01/30 19:59:18 475] [P0x000969e8] [T0x00096a1b] D/DataSender(line 867)           :parsed data as ack, s2ack_time=36ms, info:
streamId=audio-2
frameId=22
retCode=0

[2026/01/30 19:59:18 600] [P0x000969e8] [T0x00096a27] D/DataSender(line 705)           :send packet, ret=300, need_resend=0, send_cnt=1, sessionNo=1, info:
streamId=audio-2
frameId=23
sid=cid00015311@dx19c0ec4e6608010002
dataType=1
dataStatus=1
dataLen=214

[2026/01/30 19:59:18 600] [P0x000969e8] [T0x00096a27] D/DataSender(line 705)           :send packet, ret=300, need_resend=0, send_cnt=1, sessionNo=1, info:
streamId=audio-2
frameId=24
sid=cid00015311@dx19c0ec4e6608010002
dataType=1
dataStatus=1
dataLen=214

[2026/01/30 19:59:18 600] [P0x000969e8] [T0x00096a27] D/DataSender(line 705)           :send packet, ret=300, need_resend=0, send_cnt=1, sessionNo=1, info:
streamId=audio-2
frameId=25
sid=cid00015311@dx19c0ec4e6608010002
dataType=1
dataStatus=1
dataLen=214

[2026/01/30 19:59:18 629] [P0x000969e8] [T0x00096bd2] D/WSConnection(line 603)         :receive data completely, dataLen=69
[2026/01/30 19:59:18 629] [P0x000969e8] [T0x00096bd2] D/WSConnection(line 603)         :receive data completely, dataLen=69
[2026/01/30 19:59:18 629] [P0x000969e8] [T0x00096a1b] D/DataSender(line 867)           :parsed data as ack, s2ack_time=29ms, info:
streamId=audio-2
frameId=23
retCode=0

[2026/01/30 19:59:18 629] [P0x000969e8] [T0x00096a1b] D/DataSender(line 867)           :parsed data as ack, s2ack_time=29ms, info:
streamId=audio-2
frameId=24
retCode=0

[2026/01/30 19:59:18 629] [P0x000969e8] [T0x00096bd2] D/WSConnection(line 603)         :receive data completely, dataLen=69
[2026/01/30 19:59:18 629] [P0x000969e8] [T0x00096a1b] D/DataSender(line 867)           :parsed data as ack, s2ack_time=29ms, info:
streamId=audio-2
frameId=25
retCode=0

[2026/01/30 19:59:18 640] [P0x000969e8] [T0x00096a27] D/DataSender(line 705)           :send packet, ret=300, need_resend=0, send_cnt=1, sessionNo=1, info:
streamId=audio-2
frameId=26
sid=cid00015311@dx19c0ec4e6608010002
dataType=1
dataStatus=1
dataLen=214

[2026/01/30 19:59:18 640] [P0x000969e8] [T0x00096a27] D/DataSender(line 705)           :send packet, ret=300, need_resend=0, send_cnt=1, sessionNo=1, info:
streamId=audio-2
frameId=27
sid=cid00015311@dx19c0ec4e6608010002
dataType=1
dataStatus=1
dataLen=214

[2026/01/30 19:59:18 640] [P0x000969e8] [T0x00096a27] D/DataSender(line 705)           :send packet, ret=300, need_resend=0, send_cnt=1, sessionNo=1, info:
streamId=audio-2
frameId=28
sid=cid00015311@dx19c0ec4e6608010002
dataType=1
dataStatus=1
dataLen=214

[2026/01/30 19:59:18 666] [P0x000969e8] [T0x00096bd2] D/WSConnection(line 603)         :receive data completely, dataLen=69
[2026/01/30 19:59:18 666] [P0x000969e8] [T0x00096bd2] D/WSConnection(line 603)         :receive data completely, dataLen=69
[2026/01/30 19:59:18 666] [P0x000969e8] [T0x00096a1b] D/DataSender(line 867)           :parsed data as ack, s2ack_time=26ms, info:
streamId=audio-2
frameId=26
retCode=0

[2026/01/30 19:59:18 666] [P0x000969e8] [T0x00096a1b] D/DataSender(line 867)           :parsed data as ack, s2ack_time=26ms, info:
streamId=audio-2
frameId=27
retCode=0

[2026/01/30 19:59:18 667] [P0x000969e8] [T0x00096bd2] D/WSConnection(line 603)         :receive data completely, dataLen=69
[2026/01/30 19:59:18 667] [P0x000969e8] [T0x00096a1b] D/DataSender(line 867)           :parsed data as ack, s2ack_time=27ms, info:
streamId=audio-2
frameId=28
retCode=0

[2026/01/30 19:59:18 800] [P0x000969e8] [T0x00096a27] D/DataSender(line 705)           :send packet, ret=300, need_resend=0, send_cnt=1, sessionNo=1, info:
streamId=audio-2
frameId=29
sid=cid00015311@dx19c0ec4e6608010002
dataType=1
dataStatus=1
dataLen=214

[2026/01/30 19:59:18 800] [P0x000969e8] [T0x00096a27] D/DataSender(line 705)           :send packet, ret=300, need_resend=0, send_cnt=1, sessionNo=1, info:
streamId=audio-2
frameId=30
sid=cid00015311@dx19c0ec4e6608010002
dataType=1
dataStatus=1
dataLen=214

[2026/01/30 19:59:18 801] [P0x000969e8] [T0x00096a27] D/DataSender(line 705)           :send packet, ret=300, need_resend=0, send_cnt=1, sessionNo=1, info:
streamId=audio-2
frameId=31
sid=cid00015311@dx19c0ec4e6608010002
dataType=1
dataStatus=1
dataLen=214

[2026/01/30 19:59:18 856] [P0x000969e8] [T0x00096bd2] D/WSConnection(line 603)         :receive data completely, dataLen=69
[2026/01/30 19:59:18 856] [P0x000969e8] [T0x00096bd2] D/WSConnection(line 603)         :receive data completely, dataLen=69
[2026/01/30 19:59:18 856] [P0x000969e8] [T0x00096a1b] D/DataSender(line 867)           :parsed data as ack, s2ack_time=56ms, info:
streamId=audio-2
frameId=29
retCode=0

[2026/01/30 19:59:18 856] [P0x000969e8] [T0x00096a1b] D/DataSender(line 867)           :parsed data as ack, s2ack_time=56ms, info:
streamId=audio-2
frameId=30
retCode=0

[2026/01/30 19:59:18 856] [P0x000969e8] [T0x00096bd2] D/WSConnection(line 603)         :receive data completely, dataLen=69
[2026/01/30 19:59:18 856] [P0x000969e8] [T0x00096a1b] D/DataSender(line 867)           :parsed data as ack, s2ack_time=55ms, info:
streamId=audio-2
frameId=31
retCode=0

[2026/01/30 19:59:18 980] [P0x000969e8] [T0x00096a27] D/DataSender(line 705)           :send packet, ret=300, need_resend=0, send_cnt=1, sessionNo=1, info:
streamId=audio-2
frameId=32
sid=cid00015311@dx19c0ec4e6608010002
dataType=1
dataStatus=1
dataLen=214

[2026/01/30 19:59:18 981] [P0x000969e8] [T0x00096a27] D/DataSender(line 705)           :send packet, ret=300, need_resend=0, send_cnt=1, sessionNo=1, info:
streamId=audio-2
frameId=33
sid=cid00015311@dx19c0ec4e6608010002
dataType=1
dataStatus=1
dataLen=214

[2026/01/30 19:59:18 981] [P0x000969e8] [T0x00096a27] D/DataSender(line 705)           :send packet, ret=300, need_resend=0, send_cnt=1, sessionNo=1, info:
streamId=audio-2
frameId=34
sid=cid00015311@dx19c0ec4e6608010002
dataType=1
dataStatus=1
dataLen=214

[2026/01/30 19:59:18 981] [P0x000969e8] [T0x00096a27] D/DataSender(line 705)           :send packet, ret=300, need_resend=0, send_cnt=1, sessionNo=1, info:
streamId=audio-2
frameId=35
sid=cid00015311@dx19c0ec4e6608010002
dataType=1
dataStatus=1
dataLen=214

[2026/01/30 19:59:19 006] [P0x000969e8] [T0x00096bd2] D/WSConnection(line 603)         :receive data completely, dataLen=69
[2026/01/30 19:59:19 006] [P0x000969e8] [T0x00096a1b] D/DataSender(line 867)           :parsed data as ack, s2ack_time=26ms, info:
streamId=audio-2
frameId=32
retCode=0

[2026/01/30 19:59:19 006] [P0x000969e8] [T0x00096bd2] D/WSConnection(line 603)         :receive data completely, dataLen=69
[2026/01/30 19:59:19 006] [P0x000969e8] [T0x00096a1b] D/DataSender(line 867)           :parsed data as ack, s2ack_time=25ms, info:
streamId=audio-2
frameId=33
retCode=0

[2026/01/30 19:59:19 006] [P0x000969e8] [T0x00096bd2] D/WSConnection(line 603)         :receive data completely, dataLen=69
[2026/01/30 19:59:19 006] [P0x000969e8] [T0x00096a1b] D/DataSender(line 867)           :parsed data as ack, s2ack_time=25ms, info:
streamId=audio-2
frameId=34
retCode=0

[2026/01/30 19:59:19 007] [P0x000969e8] [T0x00096bd2] D/WSConnection(line 603)         :receive data completely, dataLen=69
[2026/01/30 19:59:19 007] [P0x000969e8] [T0x00096a1b] D/DataSender(line 867)           :parsed data as ack, s2ack_time=26ms, info:
streamId=audio-2
frameId=35
retCode=0

[2026/01/30 19:59:19 021] [P0x000969e8] [T0x00096a27] D/DataSender(line 705)           :send packet, ret=300, need_resend=0, send_cnt=1, sessionNo=1, info:
streamId=audio-2
frameId=36
sid=cid00015311@dx19c0ec4e6608010002
dataType=1
dataStatus=1
dataLen=214

[2026/01/30 19:59:19 021] [P0x000969e8] [T0x00096a27] D/DataSender(line 705)           :send packet, ret=300, need_resend=0, send_cnt=1, sessionNo=1, info:
streamId=audio-2
frameId=37
sid=cid00015311@dx19c0ec4e6608010002
dataType=1
dataStatus=1
dataLen=214

[2026/01/30 19:59:19 021] [P0x000969e8] [T0x00096a27] D/DataSender(line 705)           :send packet, ret=300, need_resend=0, send_cnt=1, sessionNo=1, info:
streamId=audio-2
frameId=38
sid=cid00015311@dx19c0ec4e6608010002
dataType=1
dataStatus=1
dataLen=214

[2026/01/30 19:59:19 047] [P0x000969e8] [T0x00096bd2] D/WSConnection(line 603)         :receive data completely, dataLen=69
[2026/01/30 19:59:19 047] [P0x000969e8] [T0x00096bd2] D/WSConnection(line 603)         :receive data completely, dataLen=69
[2026/01/30 19:59:19 047] [P0x000969e8] [T0x00096a1b] D/DataSender(line 867)           :parsed data as ack, s2ack_time=26ms, info:
streamId=audio-2
frameId=36
retCode=0

[2026/01/30 19:59:19 047] [P0x000969e8] [T0x00096a1b] D/DataSender(line 867)           :parsed data as ack, s2ack_time=26ms, info:
streamId=audio-2
frameId=37
retCode=0

[2026/01/30 19:59:19 047] [P0x000969e8] [T0x00096bd2] D/WSConnection(line 603)         :receive data completely, dataLen=69
[2026/01/30 19:59:19 047] [P0x000969e8] [T0x00096a1b] D/DataSender(line 867)           :parsed data as ack, s2ack_time=26ms, info:
streamId=audio-2
frameId=38
retCode=0

[2026/01/30 19:59:19 180] [P0x000969e8] [T0x00096a27] D/DataSender(line 705)           :send packet, ret=300, need_resend=0, send_cnt=1, sessionNo=1, info:
streamId=audio-2
frameId=39
sid=cid00015311@dx19c0ec4e6608010002
dataType=1
dataStatus=1
dataLen=214

[2026/01/30 19:59:19 180] [P0x000969e8] [T0x00096a27] D/DataSender(line 705)           :send packet, ret=300, need_resend=0, send_cnt=1, sessionNo=1, info:
streamId=audio-2
frameId=40
sid=cid00015311@dx19c0ec4e6608010002
dataType=1
dataStatus=1
dataLen=214

[2026/01/30 19:59:19 181] [P0x000969e8] [T0x00096a27] D/DataSender(line 705)           :send packet, ret=300, need_resend=0, send_cnt=1, sessionNo=1, info:
streamId=audio-2
frameId=41
sid=cid00015311@dx19c0ec4e6608010002
dataType=1
dataStatus=1
dataLen=214

[2026/01/30 19:59:19 223] [P0x000969e8] [T0x00096bd2] D/WSConnection(line 603)         :receive data completely, dataLen=69
[2026/01/30 19:59:19 223] [P0x000969e8] [T0x00096bd2] D/WSConnection(line 603)         :receive data completely, dataLen=69
[2026/01/30 19:59:19 223] [P0x000969e8] [T0x00096a1b] D/DataSender(line 867)           :parsed data as ack, s2ack_time=43ms, info:
streamId=audio-2
frameId=39
retCode=0

[2026/01/30 19:59:19 223] [P0x000969e8] [T0x00096bd2] D/WSConnection(line 603)         :receive data completely, dataLen=69
[2026/01/30 19:59:19 223] [P0x000969e8] [T0x00096a1b] D/DataSender(line 867)           :parsed data as ack, s2ack_time=43ms, info:
streamId=audio-2
frameId=40
retCode=0

[2026/01/30 19:59:19 223] [P0x000969e8] [T0x00096a1b] D/DataSender(line 867)           :parsed data as ack, s2ack_time=42ms, info:
streamId=audio-2
frameId=41
retCode=0

[2026/01/30 19:59:19 361] [P0x000969e8] [T0x00096a27] D/DataSender(line 705)           :send packet, ret=300, need_resend=0, send_cnt=1, sessionNo=1, info:
streamId=audio-2
frameId=42
sid=cid00015311@dx19c0ec4e6608010002
dataType=1
dataStatus=1
dataLen=214

[2026/01/30 19:59:19 361] [P0x000969e8] [T0x00096a27] D/DataSender(line 705)           :send packet, ret=300, need_resend=0, send_cnt=1, sessionNo=1, info:
streamId=audio-2
frameId=43
sid=cid00015311@dx19c0ec4e6608010002
dataType=1
dataStatus=1
dataLen=214

[2026/01/30 19:59:19 361] [P0x000969e8] [T0x00096a27] D/DataSender(line 705)           :send packet, ret=300, need_resend=0, send_cnt=1, sessionNo=1, info:
streamId=audio-2
frameId=44
sid=cid00015311@dx19c0ec4e6608010002
dataType=1
dataStatus=1
dataLen=214

[2026/01/30 19:59:19 401] [P0x000969e8] [T0x00096a29] I/VadUnit(line 714)              :vad_eos found, confidence=0.852029.
[2026/01/30 19:59:19 401] [P0x000969e8] [T0x00096a27] D/DataSender(line 705)           :send packet, ret=300, need_resend=0, send_cnt=1, sessionNo=1, info:
streamId=audio-2
frameId=45
sid=cid00015311@dx19c0ec4e6608010002
dataType=1
dataStatus=1
dataLen=214

[2026/01/30 19:59:19 401] [P0x000969e8] [T0x00096a27] D/DataSender(line 705)           :send packet, ret=300, need_resend=0, send_cnt=1, sessionNo=1, info:
streamId=audio-2
frameId=46
sid=cid00015311@dx19c0ec4e6608010002
dataType=1
dataStatus=1
dataLen=214

[2026/01/30 19:59:19 401] [P0x000969e8] [T0x00096a2a] D/DataSender(line 524)           :set result timeout 5000ms for stream audio-2, taskId=1116.
[2026/01/30 19:59:19 402] [P0x000969e8] [T0x00096a27] D/DataSender(line 705)           :send packet, ret=300, need_resend=0, send_cnt=1, sessionNo=1, info:
streamId=audio-2
frameId=47
sid=cid00015311@dx19c0ec4e6608010002
dataType=1
dataStatus=2
dataLen=214

[2026/01/30 19:59:19 540] [P0x000969e8] [T0x00096bd2] D/WSConnection(line 603)         :receive data completely, dataLen=69
[2026/01/30 19:59:19 540] [P0x000969e8] [T0x00096bd2] D/WSConnection(line 603)         :receive data completely, dataLen=69
[2026/01/30 19:59:19 540] [P0x000969e8] [T0x00096a1b] D/DataSender(line 867)           :parsed data as ack, s2ack_time=179ms, info:
streamId=audio-2
frameId=42
retCode=0

[2026/01/30 19:59:19 540] [P0x000969e8] [T0x00096a1b] D/DataSender(line 867)           :parsed data as ack, s2ack_time=179ms, info:
streamId=audio-2
frameId=43
retCode=0

[2026/01/30 19:59:19 541] [P0x000969e8] [T0x00096bd2] D/WSConnection(line 603)         :receive data completely, dataLen=69
[2026/01/30 19:59:19 541] [P0x000969e8] [T0x00096a1b] D/DataSender(line 867)           :parsed data as ack, s2ack_time=180ms, info:
streamId=audio-2
frameId=44
retCode=0

[2026/01/30 19:59:19 545] [P0x000969e8] [T0x00096bd2] D/WSConnection(line 603)         :receive data completely, dataLen=69
[2026/01/30 19:59:19 545] [P0x000969e8] [T0x00096bd2] D/WSConnection(line 603)         :receive data completely, dataLen=69
[2026/01/30 19:59:19 545] [P0x000969e8] [T0x00096a1b] D/DataSender(line 867)           :parsed data as ack, s2ack_time=144ms, info:
streamId=audio-2
frameId=45
retCode=0

[2026/01/30 19:59:19 545] [P0x000969e8] [T0x00096a1b] D/DataSender(line 867)           :parsed data as ack, s2ack_time=144ms, info:
streamId=audio-2
frameId=46
retCode=0

[2026/01/30 19:59:19 546] [P0x000969e8] [T0x00096bd2] D/WSConnection(line 603)         :receive data completely, dataLen=69
[2026/01/30 19:59:19 546] [P0x000969e8] [T0x00096a1b] D/DataSender(line 867)           :parsed data as ack, s2ack_time=144ms, info:
streamId=audio-2
frameId=47
retCode=0

[2026/01/30 19:59:19 808] [P0x000969e8] [T0x00096bd2] D/WSConnection(line 603)         :receive data completely, dataLen=346
[2026/01/30 19:59:19 808] [P0x000969e8] [T0x00096bd2] D/DataSender(line 1466)          :parsed data as result, stmid=audio-2, sid=cid00015311@dx19c0ec4e6608010002, retCode=0, params:
{"data":[{"content":[{"cnt_id":"0","dte":"utf8","dtf":"json"}],"params":{"accent":"mandarin","cmd":"[{\"service\":\"iat\",\"next\":\"end\"}]","frstid":"1","language":"zh-cn","lrst":"1","rss":"2","rstid":1,"sub":"iat"}}]}

[2026/01/30 19:59:19 808] [P0x000969e8] [T0x00096a26] D/ResultScheduler(line 313)      :sub=iat, result={"text":{"bg":0,"ed":0,"ls":true,"sn":1,"ws":[{"bg":0,"cw":[{"sc":0,"w":"你好"}]},{"bg":0,"cw":[{"sc":0,"w":""}]}]}}
[2026/01/30 19:59:19 808] [P0x000969e8] [T0x00096a26] D/ResultScheduler(line 456)      :stat size=2
[2026/01/30 19:59:19 808] [P0x000969e8] [T0x00096a26] D/ResultScheduler(line 457)      :rstMap size=0
[2026/01/30 19:59:19 808] [P0x000969e8] [T0x00096a26] D/ResultScheduler(line 458)      :sid=cid00015311@dx19c0ec4e6608010002
[2026/01/30 19:59:19 808] [P0x000969e8] [T0x00096a26] D/ResultScheduler(line 459)      :streamId=audio-2
[2026/01/30 19:59:19 808] [P0x000969e8] [T0x00096a26] D/ResultScheduler(line 460)      :bizParam={"data":[{"content":[{"cnt_id":"0","dte":"utf8","dtf":"json"}],"params":{"accent":"mandarin","cmd":"[{\"service\":\"iat\",\"next\":\"end\"}]","frstid":"1","language":"zh-cn","lrst":"1","rss":"2","rstid":1,"sub":"iat"}}]}
[2026/01/30 19:59:19 808] [P0x000969e8] [T0x00096a1b] D/DataSender(line 1047)          :stream audio-2 received result, reset the continued timeout count.
[2026/01/30 19:59:21 058] [P0x000969ec] [T0x00096a1f] D/AIUIScheduler(line 1010)       :CMD_TTS
[2026/01/30 19:59:21 058] [P0x000969ec] [T0x00096a1f] D/DataSender(line 524)           :set result timeout 15000ms for stream text-1, taskId=1001.
[2026/01/30 19:59:21 058] [P0x000969ec] [T0x00096a1f] D/TextUploader(line 96)          :textParams={"appid":"ad184cbf","context":{"sdk_support":["tts","iat","nlp"]},"dtype":"text","scene":"IFLYTEK.tts","sn":"bc:fc:e7:cc:1d:1a","stmid":"text-1","vcn":"x4_lingxiaoying_em_v2"}.
[2026/01/30 19:59:21 059] [P0x000969ec] [T0x00096a2f] W/DataSender(line 595)           :not logined, reset connection.
[2026/01/30 19:59:21 059] [P0x000969ec] [T0x00096a2e] D/AIUISession(line 561)          :reset connection, allFailed=0.
[2026/01/30 19:59:21 059] [P0x000969ec] [T0x00096a2e] D/NameServer(line 439)           :startTask, ttl=6000.
[2026/01/30 19:59:21 059] [P0x000969ec] [T0x00096bfb] D/PushConnection(line 222)       :getChidHttps, host=aiui-ipv6.openspeech.cn, hostIP=42.62.116.26.
[2026/01/30 19:59:21 059] [P0x000969ec] [T0x00096bfb] D/PushConnection(line 251)       :getChid, POST request:
POST /v1.1/server/register HTTP/1.1
Host: aiui-ipv6.openspeech.cn
Content-Type: text/json
Connection: Close
Content-Length: 422

{"appid":"ad184cbf","cmd":1,"encrypt_key":"","lgi_params":{"app.name":"wheeltec_mic_ai","app.path":"/lib/","auth_id":"","cver":"6.6.0001.0041","dev_lang":"cpp","imei":"","key":"301e469bbd67f75138209b58436a9e1a","mac":"bc:fc:e7:cc:1d:1a","openudid":"","os_sys":"Linux","prot_type":"pb","pwd":"","sn":"bc:fc:e7:cc:1d:1a","unique_id":"2efc5aa377304ae37a110d94c86ee84c3","usr":"","ver_type":"desktop_pc"},"uid":"d19271650701"}

[2026/01/30 19:59:21 214] [P0x000969ec] [T0x00096bfb] D/PushConnection(line 272)       :getChid, spent 156ms, response:
HTTP/1.1 200 OK
Server: openresty
Date: Fri, 30 Jan 2026 11:59:21 GMT
Content-Type: application/json; charset=utf-8
Content-Length: 129
Connection: close

{"ret":0,"uid":"d19271650701","chid":"cid00015c8c@dx19c0ec5aa6ba711532","sid":"cau00015c8b@dx19c0ec5aa6aa711532","err":"success"}

[2026/01/30 19:59:21 214] [P0x000969ec] [T0x00096bfb] D/PushConnection(line 316)       :getChid, success, chid=cid00015c8c@dx19c0ec5aa6ba711532.
[2026/01/30 19:59:21 214] [P0x000969ec] [T0x00096bfb] D/DataReceiver(line 307)         :push connected.
[2026/01/30 19:59:21 214] [P0x000969ec] [T0x00096a2e] I/AIUISession(line 429)          :connected to server.
[2026/01/30 19:59:21 214] [P0x000969ec] [T0x00096a2e] D/ServerConnection(line 894)     :connect to server success
[2026/01/30 19:59:21 214] [P0x000969ec] [T0x00096a2e] D/DataSender(line 897)           :clear ack error.
[2026/01/30 19:59:21 214] [P0x000969ec] [T0x00096a2f] W/DataSender(line 608)           :up is non-connected, try to connect right now.
[2026/01/30 19:59:21 214] [P0x000969ec] [T0x00096a22] D/DataSender(line 1664)          :try to reconnect up.
[2026/01/30 19:59:21 214] [P0x000969ec] [T0x00096bfc] D/WSConnection(line 410)         :start connecting, tid=617468, sessionNo=1.
[2026/01/30 19:59:21 215] [P0x000969ec] [T0x00096bfc] D/WSConnection(line 299)         :createWebSocket, host=aiui-ipv6.openspeech.cn, ip=42.62.116.26.
[2026/01/30 19:59:21 215] [P0x000969ec] [T0x00096bfc] D/WSConnection(line 326)         :connecting wss://aiui-ipv6.openspeech.cn/aiui/v2.1/upload.do, tid=617468, sessionNo=1.
[2026/01/30 19:59:21 215] [P0x000969ec] [T0x00096bfc] D/WSConnection(line 333)         :websocket, GET request:
GET /aiui/v2.1/upload.do HTTP/1.1
Origin: https://aiui-ipv6.openspeech.cn
Host: aiui-ipv6.openspeech.cn



[2026/01/30 19:59:21 358] [P0x000969ec] [T0x00096bfc] D/WSConnection(line 361)         :connected to wss://aiui-ipv6.openspeech.cn/aiui/v2.1/upload.do, spent 144ms, tid=617468, sessionNo=1.
[2026/01/30 19:59:21 359] [P0x000969ec] [T0x00096bfc] D/WSConnection(line 365)         :websocket, response:
HTTP/1.1 101 Switching Protocols
Server: openresty
Date: Fri, 30 Jan 2026 11:59:21 GMT
Connection: upgrade
Upgrade: websocket
Sec-WebSocket-Accept: hhZwL5duczw+2RA1d6C+Pdguc1A=



[2026/01/30 19:59:21 359] [P0x000969ec] [T0x00096bfc] D/WSConnection(line 419)         :connect success, tid=617468, sessionNo=1.
[2026/01/30 19:59:21 359] [P0x000969ec] [T0x00096bfc] D/DataSender(line 1429)          :up connected, try to send packet.
[2026/01/30 19:59:21 359] [P0x000969ec] [T0x00096bfc] D/WSConnection(line 473)         :start receiving, tid=617468, sessionNo=1.
[2026/01/30 19:59:21 359] [P0x000969ec] [T0x00096a2f] D/DataSender(line 705)           :send packet, ret=614, need_resend=0, send_cnt=1, sessionNo=1, info:
streamId=text-1
frameId=1
sid=cid00015c8c@dx19c0ec5aa6ba040001
dataType=0
dataStatus=3
dataLen=87
args={"cnt_id":"0","dte":"","dtf":""}
params={"appid":"ad184cbf","context":{"sdk_support":["tts","iat","nlp"]},"dtype":"text","scene":"IFLYTEK.tts","sn":"bc:fc:e7:cc:1d:1a","stmid":"text-1","vcn":"x4_lingxiaoying_em_v2"}
userParams=

[2026/01/30 19:59:21 383] [P0x000969ec] [T0x00096bfc] D/WSConnection(line 603)         :receive data completely, dataLen=65
[2026/01/30 19:59:21 383] [P0x000969ec] [T0x00096a22] D/DataSender(line 867)           :parsed data as ack, s2ack_time=24ms, info:
streamId=text-1
frameId=1
retCode=0

[2026/01/30 19:59:21 773] [P0x000969ec] [T0x00096bfc] D/WSConnection(line 603)         :receive data completely, dataLen=1946
[2026/01/30 19:59:21 774] [P0x000969ec] [T0x00096bfc] D/DataSender(line 1466)          :parsed data as result, stmid=text-1, sid=cid00015c8c@dx19c0ec5aa6ba040001, retCode=0, params:
{"data":[{"content":[{"cancel":"0","cnt_id":"0","dte":"speex-wb;7","dtf":"audio/L16;rate=16000","dts":0,"error":"","frame_id":1,"text_end":87,"text_percent":100,"text_seg":"你好呀！我是精灵，来自上海半醒科技的机器人，今天想聊点啥？","text_start":0,"url":"0"}],"params":{"cmd":"[{\"service\":\"tts\",\"next\":\"end\"}]","lrst":"0","rstid":1,"sub":"tts","tts":"1"}}]}

[2026/01/30 19:59:21 774] [P0x000969ec] [T0x00096a2e] D/ResultScheduler(line 316)      :sub=tts, binary result
[2026/01/30 19:59:21 774] [P0x000969ec] [T0x00096a2e] D/ResultScheduler(line 456)      :stat size=1
[2026/01/30 19:59:21 774] [P0x000969ec] [T0x00096a2e] D/ResultScheduler(line 457)      :rstMap size=0
[2026/01/30 19:59:21 774] [P0x000969ec] [T0x00096a2e] D/ResultScheduler(line 458)      :sid=cid00015c8c@dx19c0ec5aa6ba040001
[2026/01/30 19:59:21 774] [P0x000969ec] [T0x00096a2e] D/ResultScheduler(line 459)      :streamId=text-1
[2026/01/30 19:59:21 774] [P0x000969ec] [T0x00096a2e] D/ResultScheduler(line 460)      :bizParam={"data":[{"content":[{"cancel":"0","cnt_id":"0","dte":"pcm","dtf":"audio/L16;rate=16000","dts":0,"error":"","frame_id":1,"text_end":87,"text_percent":100,"text_seg":"你好呀！我是精灵，来自上海半醒科技的机器人，今天想聊点啥？","text_start":0,"url":"0"}],"params":{"cmd":"[{\"service\":\"tts\",\"next\":\"end\"}]","lrst":"0","rstid":1,"sub":"tts","tts":"1"}}]}
[2026/01/30 19:59:21 774] [P0x000969ec] [T0x00096a22] D/DataSender(line 1047)          :stream text-1 received result, reset the continued timeout count.
[2026/01/30 19:59:21 830] [P0x000969ec] [T0x00096bfc] D/WSConnection(line 603)         :receive data completely, dataLen=1946
[2026/01/30 19:59:21 830] [P0x000969ec] [T0x00096bfc] D/DataSender(line 1466)          :parsed data as result, stmid=text-1, sid=cid00015c8c@dx19c0ec5aa6ba040001, retCode=0, params:
{"data":[{"content":[{"cancel":"0","cnt_id":"0","dte":"speex-wb;7","dtf":"audio/L16;rate=16000","dts":1,"error":"","frame_id":2,"text_end":87,"text_percent":100,"text_seg":"你好呀！我是精灵，来自上海半醒科技的机器人，今天想聊点啥？","text_start":0,"url":"0"}],"params":{"cmd":"[{\"service\":\"tts\",\"next\":\"end\"}]","lrst":"0","rstid":1,"sub":"tts","tts":"1"}}]}

[2026/01/30 19:59:21 830] [P0x000969ec] [T0x00096a2e] D/ResultScheduler(line 316)      :sub=tts, binary result
[2026/01/30 19:59:21 831] [P0x000969ec] [T0x00096a2e] D/ResultScheduler(line 456)      :stat size=1
[2026/01/30 19:59:21 831] [P0x000969ec] [T0x00096a2e] D/ResultScheduler(line 457)      :rstMap size=0
[2026/01/30 19:59:21 831] [P0x000969ec] [T0x00096a2e] D/ResultScheduler(line 458)      :sid=cid00015c8c@dx19c0ec5aa6ba040001
[2026/01/30 19:59:21 831] [P0x000969ec] [T0x00096a2e] D/ResultScheduler(line 459)      :streamId=text-1
[2026/01/30 19:59:21 831] [P0x000969ec] [T0x00096a2e] D/ResultScheduler(line 460)      :bizParam={"data":[{"content":[{"cancel":"0","cnt_id":"0","dte":"pcm","dtf":"audio/L16;rate=16000","dts":1,"error":"","frame_id":2,"text_end":87,"text_percent":100,"text_seg":"你好呀！我是精灵，来自上海半醒科技的机器人，今天想聊点啥？","text_start":0,"url":"0"}],"params":{"cmd":"[{\"service\":\"tts\",\"next\":\"end\"}]","lrst":"0","rstid":1,"sub":"tts","tts":"1"}}]}
[2026/01/30 19:59:21 831] [P0x000969ec] [T0x00096a22] D/DataSender(line 1047)          :stream text-1 received result, reset the continued timeout count.
[2026/01/30 19:59:21 885] [P0x000969ec] [T0x00096bfc] D/WSConnection(line 603)         :receive data completely, dataLen=1978
[2026/01/30 19:59:21 886] [P0x000969ec] [T0x00096bfc] D/DataSender(line 1466)          :parsed data as result, stmid=text-1, sid=cid00015c8c@dx19c0ec5aa6ba040001, retCode=0, params:
{"data":[{"content":[{"cancel":"0","cnt_id":"0","dte":"speex-wb;7","dtf":"audio/L16;rate=16000","dts":1,"error":"","frame_id":3,"text_end":87,"text_percent":100,"text_seg":"你好呀！我是精灵，来自上海半醒科技的机器人，今天想聊点啥？","text_start":0,"url":"0"}],"params":{"cmd":"[{\"service\":\"tts\",\"next\":\"end\"}]","lrst":"0","rstid":1,"sub":"tts","tts":"1"}}]}

[2026/01/30 19:59:21 886] [P0x000969ec] [T0x00096a2e] D/ResultScheduler(line 316)      :sub=tts, binary result
[2026/01/30 19:59:21 886] [P0x000969ec] [T0x00096a2e] D/ResultScheduler(line 456)      :stat size=1
[2026/01/30 19:59:21 886] [P0x000969ec] [T0x00096a2e] D/ResultScheduler(line 457)      :rstMap size=0
[2026/01/30 19:59:21 886] [P0x000969ec] [T0x00096a2e] D/ResultScheduler(line 458)      :sid=cid00015c8c@dx19c0ec5aa6ba040001
[2026/01/30 19:59:21 886] [P0x000969ec] [T0x00096a2e] D/ResultScheduler(line 459)      :streamId=text-1
[2026/01/30 19:59:21 886] [P0x000969ec] [T0x00096a2e] D/ResultScheduler(line 460)      :bizParam={"data":[{"content":[{"cancel":"0","cnt_id":"0","dte":"pcm","dtf":"audio/L16;rate=16000","dts":1,"error":"","frame_id":3,"text_end":87,"text_percent":100,"text_seg":"你好呀！我是精灵，来自上海半醒科技的机器人，今天想聊点啥？","text_start":0,"url":"0"}],"params":{"cmd":"[{\"service\":\"tts\",\"next\":\"end\"}]","lrst":"0","rstid":1,"sub":"tts","tts":"1"}}]}
[2026/01/30 19:59:21 886] [P0x000969ec] [T0x00096a22] D/DataSender(line 1047)          :stream text-1 received result, reset the continued timeout count.
[2026/01/30 19:59:21 955] [P0x000969ec] [T0x00096bfc] D/WSConnection(line 603)         :receive data completely, dataLen=1786
[2026/01/30 19:59:21 955] [P0x000969ec] [T0x00096bfc] D/DataSender(line 1466)          :parsed data as result, stmid=text-1, sid=cid00015c8c@dx19c0ec5aa6ba040001, retCode=0, params:
{"data":[{"content":[{"cancel":"0","cnt_id":"0","dte":"speex-wb;7","dtf":"audio/L16;rate=16000","dts":1,"error":"","frame_id":4,"text_end":87,"text_percent":100,"text_seg":"你好呀！我是精灵，来自上海半醒科技的机器人，今天想聊点啥？","text_start":0,"url":"0"}],"params":{"cmd":"[{\"service\":\"tts\",\"next\":\"end\"}]","lrst":"0","rstid":1,"sub":"tts","tts":"1"}}]}

[2026/01/30 19:59:21 955] [P0x000969ec] [T0x00096a2e] D/ResultScheduler(line 316)      :sub=tts, binary result
[2026/01/30 19:59:21 955] [P0x000969ec] [T0x00096a2e] D/ResultScheduler(line 456)      :stat size=1
[2026/01/30 19:59:21 955] [P0x000969ec] [T0x00096a2e] D/ResultScheduler(line 457)      :rstMap size=0
[2026/01/30 19:59:21 955] [P0x000969ec] [T0x00096a2e] D/ResultScheduler(line 458)      :sid=cid00015c8c@dx19c0ec5aa6ba040001
[2026/01/30 19:59:21 955] [P0x000969ec] [T0x00096a2e] D/ResultScheduler(line 459)      :streamId=text-1
[2026/01/30 19:59:21 955] [P0x000969ec] [T0x00096a2e] D/ResultScheduler(line 460)      :bizParam={"data":[{"content":[{"cancel":"0","cnt_id":"0","dte":"pcm","dtf":"audio/L16;rate=16000","dts":1,"error":"","frame_id":4,"text_end":87,"text_percent":100,"text_seg":"你好呀！我是精灵，来自上海半醒科技的机器人，今天想聊点啥？","text_start":0,"url":"0"}],"params":{"cmd":"[{\"service\":\"tts\",\"next\":\"end\"}]","lrst":"0","rstid":1,"sub":"tts","tts":"1"}}]}
[2026/01/30 19:59:21 955] [P0x000969ec] [T0x00096a22] D/DataSender(line 1047)          :stream text-1 received result, reset the continued timeout count.
[2026/01/30 19:59:22 045] [P0x000969ec] [T0x00096bfc] D/WSConnection(line 603)         :receive data completely, dataLen=1962
[2026/01/30 19:59:22 045] [P0x000969ec] [T0x00096bfc] D/DataSender(line 1466)          :parsed data as result, stmid=text-1, sid=cid00015c8c@dx19c0ec5aa6ba040001, retCode=0, params:
{"data":[{"content":[{"cancel":"0","cnt_id":"0","dte":"speex-wb;7","dtf":"audio/L16;rate=16000","dts":1,"error":"","frame_id":5,"text_end":87,"text_percent":100,"text_seg":"你好呀！我是精灵，来自上海半醒科技的机器人，今天想聊点啥？","text_start":0,"url":"0"}],"params":{"cmd":"[{\"service\":\"tts\",\"next\":\"end\"}]","lrst":"0","rstid":1,"sub":"tts","tts":"1"}}]}

[2026/01/30 19:59:22 045] [P0x000969ec] [T0x00096a2e] D/ResultScheduler(line 316)      :sub=tts, binary result
[2026/01/30 19:59:22 045] [P0x000969ec] [T0x00096a2e] D/ResultScheduler(line 456)      :stat size=1
[2026/01/30 19:59:22 045] [P0x000969ec] [T0x00096a2e] D/ResultScheduler(line 457)      :rstMap size=0
[2026/01/30 19:59:22 045] [P0x000969ec] [T0x00096a2e] D/ResultScheduler(line 458)      :sid=cid00015c8c@dx19c0ec5aa6ba040001
[2026/01/30 19:59:22 045] [P0x000969ec] [T0x00096a2e] D/ResultScheduler(line 459)      :streamId=text-1
[2026/01/30 19:59:22 045] [P0x000969ec] [T0x00096a2e] D/ResultScheduler(line 460)      :bizParam={"data":[{"content":[{"cancel":"0","cnt_id":"0","dte":"pcm","dtf":"audio/L16;rate=16000","dts":1,"error":"","frame_id":5,"text_end":87,"text_percent":100,"text_seg":"你好呀！我是精灵，来自上海半醒科技的机器人，今天想聊点啥？","text_start":0,"url":"0"}],"params":{"cmd":"[{\"service\":\"tts\",\"next\":\"end\"}]","lrst":"0","rstid":1,"sub":"tts","tts":"1"}}]}
[2026/01/30 19:59:22 045] [P0x000969ec] [T0x00096a22] D/DataSender(line 1047)          :stream text-1 received result, reset the continued timeout count.
[2026/01/30 19:59:22 085] [P0x000969ec] [T0x00096bfc] D/WSConnection(line 523)         :receive 1456 bytes, incomplete ws frame.
[2026/01/30 19:59:22 085] [P0x000969ec] [T0x00096bfc] D/WSConnection(line 603)         :receive data completely, dataLen=1962
[2026/01/30 19:59:22 085] [P0x000969ec] [T0x00096bfc] D/DataSender(line 1466)          :parsed data as result, stmid=text-1, sid=cid00015c8c@dx19c0ec5aa6ba040001, retCode=0, params:
{"data":[{"content":[{"cancel":"0","cnt_id":"0","dte":"speex-wb;7","dtf":"audio/L16;rate=16000","dts":1,"error":"","frame_id":6,"text_end":87,"text_percent":100,"text_seg":"你好呀！我是精灵，来自上海半醒科技的机器人，今天想聊点啥？","text_start":0,"url":"0"}],"params":{"cmd":"[{\"service\":\"tts\",\"next\":\"end\"}]","lrst":"0","rstid":1,"sub":"tts","tts":"1"}}]}

[2026/01/30 19:59:22 085] [P0x000969ec] [T0x00096a2e] D/ResultScheduler(line 316)      :sub=tts, binary result
[2026/01/30 19:59:22 086] [P0x000969ec] [T0x00096a2e] D/ResultScheduler(line 456)      :stat size=1
[2026/01/30 19:59:22 086] [P0x000969ec] [T0x00096a2e] D/ResultScheduler(line 457)      :rstMap size=0
[2026/01/30 19:59:22 086] [P0x000969ec] [T0x00096a2e] D/ResultScheduler(line 458)      :sid=cid00015c8c@dx19c0ec5aa6ba040001
[2026/01/30 19:59:22 086] [P0x000969ec] [T0x00096a2e] D/ResultScheduler(line 459)      :streamId=text-1
[2026/01/30 19:59:22 086] [P0x000969ec] [T0x00096a2e] D/ResultScheduler(line 460)      :bizParam={"data":[{"content":[{"cancel":"0","cnt_id":"0","dte":"pcm","dtf":"audio/L16;rate=16000","dts":1,"error":"","frame_id":6,"text_end":87,"text_percent":100,"text_seg":"你好呀！我是精灵，来自上海半醒科技的机器人，今天想聊点啥？","text_start":0,"url":"0"}],"params":{"cmd":"[{\"service\":\"tts\",\"next\":\"end\"}]","lrst":"0","rstid":1,"sub":"tts","tts":"1"}}]}
[2026/01/30 19:59:22 086] [P0x000969ec] [T0x00096a22] D/DataSender(line 1047)          :stream text-1 received result, reset the continued timeout count.
[2026/01/30 19:59:22 144] [P0x000969ec] [T0x00096bfc] D/WSConnection(line 523)         :receive 1456 bytes, incomplete ws frame.
[2026/01/30 19:59:22 144] [P0x000969ec] [T0x00096bfc] D/WSConnection(line 603)         :receive data completely, dataLen=1946
[2026/01/30 19:59:22 144] [P0x000969ec] [T0x00096bfc] D/DataSender(line 1466)          :parsed data as result, stmid=text-1, sid=cid00015c8c@dx19c0ec5aa6ba040001, retCode=0, params:
{"data":[{"content":[{"cancel":"0","cnt_id":"0","dte":"speex-wb;7","dtf":"audio/L16;rate=16000","dts":1,"error":"","frame_id":7,"text_end":87,"text_percent":100,"text_seg":"你好呀！我是精灵，来自上海半醒科技的机器人，今天想聊点啥？","text_start":0,"url":"0"}],"params":{"cmd":"[{\"service\":\"tts\",\"next\":\"end\"}]","lrst":"0","rstid":1,"sub":"tts","tts":"1"}}]}

[2026/01/30 19:59:22 144] [P0x000969ec] [T0x00096a2e] D/ResultScheduler(line 316)      :sub=tts, binary result
[2026/01/30 19:59:22 144] [P0x000969ec] [T0x00096a2e] D/ResultScheduler(line 456)      :stat size=1
[2026/01/30 19:59:22 144] [P0x000969ec] [T0x00096a2e] D/ResultScheduler(line 457)      :rstMap size=0
[2026/01/30 19:59:22 144] [P0x000969ec] [T0x00096a2e] D/ResultScheduler(line 458)      :sid=cid00015c8c@dx19c0ec5aa6ba040001
[2026/01/30 19:59:22 144] [P0x000969ec] [T0x00096a2e] D/ResultScheduler(line 459)      :streamId=text-1
[2026/01/30 19:59:22 144] [P0x000969ec] [T0x00096a2e] D/ResultScheduler(line 460)      :bizParam={"data":[{"content":[{"cancel":"0","cnt_id":"0","dte":"pcm","dtf":"audio/L16;rate=16000","dts":1,"error":"","frame_id":7,"text_end":87,"text_percent":100,"text_seg":"你好呀！我是精灵，来自上海半醒科技的机器人，今天想聊点啥？","text_start":0,"url":"0"}],"params":{"cmd":"[{\"service\":\"tts\",\"next\":\"end\"}]","lrst":"0","rstid":1,"sub":"tts","tts":"1"}}]}
[2026/01/30 19:59:22 145] [P0x000969ec] [T0x00096a22] D/DataSender(line 1047)          :stream text-1 received result, reset the continued timeout count.
[2026/01/30 19:59:22 220] [P0x000969ec] [T0x00096bfc] D/WSConnection(line 603)         :receive data completely, dataLen=1978
[2026/01/30 19:59:22 220] [P0x000969ec] [T0x00096bfc] D/DataSender(line 1466)          :parsed data as result, stmid=text-1, sid=cid00015c8c@dx19c0ec5aa6ba040001, retCode=0, params:
{"data":[{"content":[{"cancel":"0","cnt_id":"0","dte":"speex-wb;7","dtf":"audio/L16;rate=16000","dts":1,"error":"","frame_id":8,"text_end":87,"text_percent":100,"text_seg":"你好呀！我是精灵，来自上海半醒科技的机器人，今天想聊点啥？","text_start":0,"url":"0"}],"params":{"cmd":"[{\"service\":\"tts\",\"next\":\"end\"}]","lrst":"0","rstid":1,"sub":"tts","tts":"1"}}]}

[2026/01/30 19:59:22 220] [P0x000969ec] [T0x00096a2e] D/ResultScheduler(line 316)      :sub=tts, binary result
[2026/01/30 19:59:22 220] [P0x000969ec] [T0x00096a2e] D/ResultScheduler(line 456)      :stat size=1
[2026/01/30 19:59:22 220] [P0x000969ec] [T0x00096a2e] D/ResultScheduler(line 457)      :rstMap size=0
[2026/01/30 19:59:22 220] [P0x000969ec] [T0x00096a2e] D/ResultScheduler(line 458)      :sid=cid00015c8c@dx19c0ec5aa6ba040001
[2026/01/30 19:59:22 220] [P0x000969ec] [T0x00096a2e] D/ResultScheduler(line 459)      :streamId=text-1
[2026/01/30 19:59:22 220] [P0x000969ec] [T0x00096a2e] D/ResultScheduler(line 460)      :bizParam={"data":[{"content":[{"cancel":"0","cnt_id":"0","dte":"pcm","dtf":"audio/L16;rate=16000","dts":1,"error":"","frame_id":8,"text_end":87,"text_percent":100,"text_seg":"你好呀！我是精灵，来自上海半醒科技的机器人，今天想聊点啥？","text_start":0,"url":"0"}],"params":{"cmd":"[{\"service\":\"tts\",\"next\":\"end\"}]","lrst":"0","rstid":1,"sub":"tts","tts":"1"}}]}
[2026/01/30 19:59:22 220] [P0x000969ec] [T0x00096a22] D/DataSender(line 1047)          :stream text-1 received result, reset the continued timeout count.
[2026/01/30 19:59:22 286] [P0x000969ec] [T0x00096bfc] D/WSConnection(line 603)         :receive data completely, dataLen=1754
[2026/01/30 19:59:22 286] [P0x000969ec] [T0x00096bfc] D/DataSender(line 1466)          :parsed data as result, stmid=text-1, sid=cid00015c8c@dx19c0ec5aa6ba040001, retCode=0, params:
{"data":[{"content":[{"cancel":"0","cnt_id":"0","dte":"speex-wb;7","dtf":"audio/L16;rate=16000","dts":1,"error":"","frame_id":9,"text_end":87,"text_percent":100,"text_seg":"你好呀！我是精灵，来自上海半醒科技的机器人，今天想聊点啥？","text_start":0,"url":"0"}],"params":{"cmd":"[{\"service\":\"tts\",\"next\":\"end\"}]","lrst":"0","rstid":1,"sub":"tts","tts":"1"}}]}

[2026/01/30 19:59:22 286] [P0x000969ec] [T0x00096a2e] D/ResultScheduler(line 316)      :sub=tts, binary result
[2026/01/30 19:59:22 287] [P0x000969ec] [T0x00096a2e] D/ResultScheduler(line 456)      :stat size=1
[2026/01/30 19:59:22 287] [P0x000969ec] [T0x00096a2e] D/ResultScheduler(line 457)      :rstMap size=0
[2026/01/30 19:59:22 287] [P0x000969ec] [T0x00096a2e] D/ResultScheduler(line 458)      :sid=cid00015c8c@dx19c0ec5aa6ba040001
[2026/01/30 19:59:22 287] [P0x000969ec] [T0x00096a2e] D/ResultScheduler(line 459)      :streamId=text-1
[2026/01/30 19:59:22 287] [P0x000969ec] [T0x00096a2e] D/ResultScheduler(line 460)      :bizParam={"data":[{"content":[{"cancel":"0","cnt_id":"0","dte":"pcm","dtf":"audio/L16;rate=16000","dts":1,"error":"","frame_id":9,"text_end":87,"text_percent":100,"text_seg":"你好呀！我是精灵，来自上海半醒科技的机器人，今天想聊点啥？","text_start":0,"url":"0"}],"params":{"cmd":"[{\"service\":\"tts\",\"next\":\"end\"}]","lrst":"0","rstid":1,"sub":"tts","tts":"1"}}]}
[2026/01/30 19:59:22 287] [P0x000969ec] [T0x00096a22] D/DataSender(line 1047)          :stream text-1 received result, reset the continued timeout count.
[2026/01/30 19:59:22 365] [P0x000969ec] [T0x00096bfc] D/WSConnection(line 603)         :receive data completely, dataLen=1962
[2026/01/30 19:59:22 365] [P0x000969ec] [T0x00096bfc] D/DataSender(line 1466)          :parsed data as result, stmid=text-1, sid=cid00015c8c@dx19c0ec5aa6ba040001, retCode=0, params:
{"data":[{"content":[{"cancel":"0","cnt_id":"0","dte":"speex-wb;7","dtf":"audio/L16;rate=16000","dts":1,"error":"","frame_id":10,"text_end":87,"text_percent":100,"text_seg":"你好呀！我是精灵，来自上海半醒科技的机器人，今天想聊点啥？","text_start":0,"url":"0"}],"params":{"cmd":"[{\"service\":\"tts\",\"next\":\"end\"}]","lrst":"0","rstid":1,"sub":"tts","tts":"1"}}]}

[2026/01/30 19:59:22 365] [P0x000969ec] [T0x00096a2e] D/ResultScheduler(line 316)      :sub=tts, binary result
[2026/01/30 19:59:22 365] [P0x000969ec] [T0x00096a2e] D/ResultScheduler(line 456)      :stat size=1
[2026/01/30 19:59:22 365] [P0x000969ec] [T0x00096a2e] D/ResultScheduler(line 457)      :rstMap size=0
[2026/01/30 19:59:22 365] [P0x000969ec] [T0x00096a2e] D/ResultScheduler(line 458)      :sid=cid00015c8c@dx19c0ec5aa6ba040001
[2026/01/30 19:59:22 365] [P0x000969ec] [T0x00096a2e] D/ResultScheduler(line 459)      :streamId=text-1
[2026/01/30 19:59:22 365] [P0x000969ec] [T0x00096a2e] D/ResultScheduler(line 460)      :bizParam={"data":[{"content":[{"cancel":"0","cnt_id":"0","dte":"pcm","dtf":"audio/L16;rate=16000","dts":1,"error":"","frame_id":10,"text_end":87,"text_percent":100,"text_seg":"你好呀！我是精灵，来自上海半醒科技的机器人，今天想聊点啥？","text_start":0,"url":"0"}],"params":{"cmd":"[{\"service\":\"tts\",\"next\":\"end\"}]","lrst":"0","rstid":1,"sub":"tts","tts":"1"}}]}
[2026/01/30 19:59:22 366] [P0x000969ec] [T0x00096a22] D/DataSender(line 1047)          :stream text-1 received result, reset the continued timeout count.
[2026/01/30 19:59:22 443] [P0x000969ec] [T0x00096bfc] D/WSConnection(line 603)         :receive data completely, dataLen=1978
[2026/01/30 19:59:22 443] [P0x000969ec] [T0x00096bfc] D/DataSender(line 1466)          :parsed data as result, stmid=text-1, sid=cid00015c8c@dx19c0ec5aa6ba040001, retCode=0, params:
{"data":[{"content":[{"cancel":"0","cnt_id":"0","dte":"speex-wb;7","dtf":"audio/L16;rate=16000","dts":1,"error":"","frame_id":11,"text_end":87,"text_percent":100,"text_seg":"你好呀！我是精灵，来自上海半醒科技的机器人，今天想聊点啥？","text_start":0,"url":"0"}],"params":{"cmd":"[{\"service\":\"tts\",\"next\":\"end\"}]","lrst":"0","rstid":1,"sub":"tts","tts":"1"}}]}

[2026/01/30 19:59:22 443] [P0x000969ec] [T0x00096a2e] D/ResultScheduler(line 316)      :sub=tts, binary result
[2026/01/30 19:59:22 443] [P0x000969ec] [T0x00096a2e] D/ResultScheduler(line 456)      :stat size=1
[2026/01/30 19:59:22 443] [P0x000969ec] [T0x00096a2e] D/ResultScheduler(line 457)      :rstMap size=0
[2026/01/30 19:59:22 443] [P0x000969ec] [T0x00096a2e] D/ResultScheduler(line 458)      :sid=cid00015c8c@dx19c0ec5aa6ba040001
[2026/01/30 19:59:22 443] [P0x000969ec] [T0x00096a2e] D/ResultScheduler(line 459)      :streamId=text-1
[2026/01/30 19:59:22 443] [P0x000969ec] [T0x00096a2e] D/ResultScheduler(line 460)      :bizParam={"data":[{"content":[{"cancel":"0","cnt_id":"0","dte":"pcm","dtf":"audio/L16;rate=16000","dts":1,"error":"","frame_id":11,"text_end":87,"text_percent":100,"text_seg":"你好呀！我是精灵，来自上海半醒科技的机器人，今天想聊点啥？","text_start":0,"url":"0"}],"params":{"cmd":"[{\"service\":\"tts\",\"next\":\"end\"}]","lrst":"0","rstid":1,"sub":"tts","tts":"1"}}]}
[2026/01/30 19:59:22 443] [P0x000969ec] [T0x00096a22] D/DataSender(line 1047)          :stream text-1 received result, reset the continued timeout count.
[2026/01/30 19:59:22 487] [P0x000969ec] [T0x00096bfc] D/WSConnection(line 523)         :receive 1456 bytes, incomplete ws frame.
[2026/01/30 19:59:22 487] [P0x000969ec] [T0x00096bfc] D/WSConnection(line 603)         :receive data completely, dataLen=1530
[2026/01/30 19:59:22 487] [P0x000969ec] [T0x00096bfc] D/DataSender(line 1466)          :parsed data as result, stmid=text-1, sid=cid00015c8c@dx19c0ec5aa6ba040001, retCode=0, params:
{"data":[{"content":[{"cancel":"0","cnt_id":"0","dte":"speex-wb;7","dtf":"audio/L16;rate=16000","dts":2,"error":"","frame_id":12,"text_end":87,"text_percent":100,"text_seg":"你好呀！我是精灵，来自上海半醒科技的机器人，今天想聊点啥？","text_start":0,"url":"0"}],"params":{"cmd":"[{\"service\":\"tts\",\"next\":\"end\"}]","frstid":"1","lrst":"1","rstid":1,"sub":"tts","tts":"1"}}]}

[2026/01/30 19:59:22 487] [P0x000969ec] [T0x00096bfc] D/DataSender(line 473)           :receive stream completed, streamId=text-1.
[2026/01/30 19:59:22 487] [P0x000969ec] [T0x00096a2e] D/ResultScheduler(line 316)      :sub=tts, binary result
[2026/01/30 19:59:22 487] [P0x000969ec] [T0x00096a2e] D/ResultScheduler(line 456)      :stat size=1
[2026/01/30 19:59:22 487] [P0x000969ec] [T0x00096a2e] D/ResultScheduler(line 457)      :rstMap size=0
[2026/01/30 19:59:22 487] [P0x000969ec] [T0x00096a2e] D/ResultScheduler(line 458)      :sid=cid00015c8c@dx19c0ec5aa6ba040001
[2026/01/30 19:59:22 487] [P0x000969ec] [T0x00096a2e] D/ResultScheduler(line 459)      :streamId=text-1
[2026/01/30 19:59:22 487] [P0x000969ec] [T0x00096a2e] D/ResultScheduler(line 460)      :bizParam={"data":[{"content":[{"cancel":"0","cnt_id":"0","dte":"pcm","dtf":"audio/L16;rate=16000","dts":2,"error":"","frame_id":12,"text_end":87,"text_percent":100,"text_seg":"你好呀！我是精灵，来自上海半醒科技的机器人，今天想聊点啥？","text_start":0,"url":"0"}],"params":{"cmd":"[{\"service\":\"tts\",\"next\":\"end\"}]","frstid":"1","lrst":"1","rstid":1,"sub":"tts","tts":"1"}}]}
[2026/01/30 19:59:22 487] [P0x000969ec] [T0x00096a22] D/DataSender(line 1047)          :stream text-1 received result, reset the continued timeout count.
[2026/01/30 19:59:22 811] [P0x000969e8] [T0x00096bd2] D/WSConnection(line 566)         :receive timeout, try again
[2026/01/30 19:59:24 402] [P0x000969e8] [T0x00096a29] I/VadUnit(line 688)              :vad_bos timeout.
[2026/01/30 19:59:25 489] [P0x000969ec] [T0x00096bfc] D/WSConnection(line 566)         :receive timeout, try again
[2026/01/30 19:59:27 360] [P0x000969ec] [T0x000969ec] I/IatUnit(line 107)              :IatUnit stopped.
[2026/01/30 19:59:27 360] [P0x000969ec] [T0x000969ec] D/SpeechModule(line 196)         :SpeechModule stopped.
[2026/01/30 19:59:27 360] [P0x000969ec] [T0x000969ec] I/AIUISession(line 157)          :session end.
[2026/01/30 19:59:27 360] [P0x000969ec] [T0x000969ec] D/WSConnection(line 159)         :closing connection.
[2026/01/30 19:59:27 360] [P0x000969ec] [T0x000969ec] I/DataSender(line 196)           :stopped success.
[2026/01/30 19:59:27 360] [P0x000969ec] [T0x000969ec] D/PushConnection(line 161)       :closing connection.
[2026/01/30 19:59:27 360] [P0x000969ec] [T0x000969ec] I/DataReceiver(line 135)         :stopped success.
[2026/01/30 19:59:27 360] [P0x000969ec] [T0x000969ec] D/StreamStats(line 154)          :clearStats
[2026/01/30 19:59:27 360] [P0x000969ec] [T0x000969ec] I/AIUISession(line 218)          :session has ended, sessionNo=1, spent 0ms.
[2026/01/30 19:59:27 400] [P0x000969ec] [T0x000969ec] I/AIUIScheduler(line 508)        :AIUIScheduler stopped
[2026/01/30 19:59:27 400] [P0x000969ec] [T0x000969ec] D/SpeechModule(line 212)         :vad unit stop
[2026/01/30 19:59:27 400] [P0x000969ec] [T0x000969ec] I/IatUnit(line 107)              :IatUnit stopped.
[2026/01/30 19:59:27 400] [P0x000969ec] [T0x000969ec] D/SpeechModule(line 218)         :iat unit stop
[2026/01/30 19:59:27 400] [P0x000969ec] [T0x000969ec] D/SpeechModule(line 223)         :asr unit stop
[2026/01/30 19:59:27 400] [P0x000969ec] [T0x000969ec] D/SpeechModule(line 228)         :wakeup unit stop
[2026/01/30 19:59:27 400] [P0x000969ec] [T0x000969ec] D/SpeechModule(line 250)         :captor unit stop
[2026/01/30 19:59:27 400] [P0x000969ec] [T0x000969ec] D/SpeechModule(line 260)         :tts unit stop
[2026/01/30 19:59:27 400] [P0x000969ec] [T0x000969ec] D/AIUIScheduler(line 545)        :speech module stopped
[2026/01/30 19:59:27 400] [P0x000969ec] [T0x000969ec] I/AIUIScheduler(line 558)        :AIUIScheduler destroyed
================================================================
Time 2026/01/30 20:02:01 827
================================================================
================================================================
Time 2026/01/30 20:02:01 830
================================================================
[2026/01/30 20:02:01 831] [P0x00096cec] [T0x00096cec] I/AIUISession(line 65)           :session begin, aiui_ver=1, sessionNo=1.
[2026/01/30 20:02:01 831] [P0x00096cec] [T0x00096cec] D/NameServer(line 263)           :resolveHost begin, ignoreCache=0.
[2026/01/30 20:02:01 832] [P0x00096cec] [T0x00096d20] D/NameServer(line 151)           :dns resolve hdns.openspeech.cn as [198.18.0.18], spent 1ms.
[2026/01/30 20:02:01 832] [P0x00096cec] [T0x00096d20] D/NameServer(line 181)           :ipv6_support=1, is_ipv6_prior=0, ip_env=V4, use ip 198.18.0.18.
[2026/01/30 20:02:01 832] [P0x00096cec] [T0x00096d20] D/NameServer(line 207)           :getNameServerResult, GET request:
GET /sip/resolver?srand=0130200214.65 HTTP/1.1
Connection: Close
Accept-Encoding: gzip
Host: hdns.openspeech.cn
X-Par: ver=1.3&appid=ad184cbf&operator=&nettype=&cver=6.6.0001.0041&svc=aiui&host=aiui-ipv6.openspeech.cn&sign=6a04b8ec8f0276823d72e61edac619f4


[2026/01/30 20:02:01 833] [P0x00096cf0] [T0x00096cf0] I/AIUISession(line 65)           :session begin, aiui_ver=1, sessionNo=1.
[2026/01/30 20:02:01 833] [P0x00096cf0] [T0x00096cf0] D/NameServer(line 263)           :resolveHost begin, ignoreCache=0.
[2026/01/30 20:02:01 834] [P0x00096cf0] [T0x00096d27] D/NameServer(line 151)           :dns resolve hdns.openspeech.cn as [198.18.0.18], spent 0ms.
[2026/01/30 20:02:01 834] [P0x00096cf0] [T0x00096d27] D/NameServer(line 181)           :ipv6_support=1, is_ipv6_prior=0, ip_env=V4, use ip 198.18.0.18.
[2026/01/30 20:02:01 834] [P0x00096cf0] [T0x00096d27] D/NameServer(line 207)           :getNameServerResult, GET request:
GET /sip/resolver?srand=0130200214.65 HTTP/1.1
Connection: Close
Accept-Encoding: gzip
Host: hdns.openspeech.cn
X-Par: ver=1.3&appid=ad184cbf&operator=&nettype=&cver=6.6.0001.0041&svc=aiui&host=aiui-ipv6.openspeech.cn&sign=6a04b8ec8f0276823d72e61edac619f4


[2026/01/30 20:02:01 933] [P0x00096cf0] [T0x00096d27] D/NameServer(line 224)           :getNameServerResult, spent 100ms, response:
{"dns":[{"host":"aiui-ipv6.openspeech.cn","sip":[{"svc":"aiui","ips":[{"ip":"42.62.116.27","port":80,"idc":"dx"},{"ip":"42.62.116.26","port":80,"idc":"dx"}],"ttl":6000,"compel":0}]}],"default":[{"host":"aiui-ipv6.openspeech.cn","sip":[{"svc":"aiui","ips":[{"ip":"42.62.116.26","port":80,"idc":"dx"}],"ttl":6000,"compel":0}]}]}

[2026/01/30 20:02:01 934] [P0x00096cf0] [T0x00096d27] D/NameServer(line 512)           :dns nameserver resolve aiui-ipv6.openspeech.cn as [42.62.116.27, 42.62.116.26], spent 101ms, ttl=6000.
[2026/01/30 20:02:01 934] [P0x00096cf0] [T0x00096d27] D/NameServer(line 534)           :dns nameserver set current address 42.62.116.27:80.
[2026/01/30 20:02:01 934] [P0x00096cf0] [T0x00096d27] D/NameServer(line 537)           :dns nameserver update.
[2026/01/30 20:02:01 934] [P0x00096cf0] [T0x00096d27] D/NameServer(line 439)           :startTask, ttl=6000.
[2026/01/30 20:02:01 934] [P0x00096cf0] [T0x00096cf0] D/NameServer(line 301)           :dns resolve aiui-ipv6.openspeech.cn as [198.18.0.19], spent 1ms.
[2026/01/30 20:02:01 934] [P0x00096cf0] [T0x00096cf0] I/DataSender(line 72)            :start sender.
[2026/01/30 20:02:01 934] [P0x00096cf0] [T0x00096cf0] I/DataSender(line 135)           :started success.
[2026/01/30 20:02:01 934] [P0x00096cf0] [T0x00096cf0] I/DataReceiver(line 46)          :start receiver.
[2026/01/30 20:02:01 934] [P0x00096cf0] [T0x00096cf0] I/DataReceiver(line 94)          :started success.
[2026/01/30 20:02:01 934] [P0x00096cf0] [T0x00096cf0] I/AIUISession(line 150)          :session has begun, spent 102ms.
[2026/01/30 20:02:01 935] [P0x00096cf0] [T0x00096cf0] D/ConverterFactory(line 21)      :converter name default
[2026/01/30 20:02:01 935] [P0x00096cf0] [T0x00096cf0] I/Converter(line 53)             :need_channels_ 2
[2026/01/30 20:02:01 935] [P0x00096cf0] [T0x00096cf0] D/SpeechModule(line 88)          :data source sdk
[2026/01/30 20:02:01 935] [P0x00096cf0] [T0x00096cf0] D/SpeechModule(line 122)         :SpeechModule started.
[2026/01/30 20:02:01 935] [P0x00096cf0] [T0x00096cf0] I/AIUIScheduler(line 466)        :AIUIScheduler started
[2026/01/30 20:02:01 935] [P0x00096cf0] [T0x00096cf0] D/AIUIAgent(line 139)            :AIUI version=6.6.0001.0041 params={"cbmparams":{"nlp":{"nlp":{"compress":"raw","encoding":"utf8","format":"json"},"sub_scene":"cbm_v45"}},"global":{"aiui_ver":"1","clean_dialog_history":"auto","scene":"main_box"},"iat":{"sample_rate":"16000"},"interact":{"interact_timeout":"-1","result_timeout":"5000"},"ivw":{"mic_type":"mic1","res_path":"AIUI/assets/vtn/vtn.ini"},"log":{"datalog_path":"","datalog_size":1024,"debug_log":"0","raw_audio_path":"","save_datalog":"0"},"login":{"api_secret":"ZDFkY2JkNjIyZDU3NzZjNjhmYmMzZTA5","appid":"ad184cbf","key":"301e469bbd67f75138209b58436a9e1a"},"recorder":{"channel_count":1,"channel_filter":"0,-1","sample_size":2},"speech":{"audio_captor":"system","data_source":"sdk","intent_engine_type":"cloud","interact_mode":"continuous","wakeup_mode":"off"},"tts":{"engine_type":"cloud","voice_name":"x4_lingxiaoying_em_v2"},"vad":{"engine_type":"meta"}}
[2026/01/30 20:02:01 963] [P0x00096cec] [T0x00096d20] D/NameServer(line 224)           :getNameServerResult, spent 131ms, response:
{"dns":[{"host":"aiui-ipv6.openspeech.cn","sip":[{"svc":"aiui","ips":[{"ip":"42.62.116.27","port":80,"idc":"dx"},{"ip":"42.62.116.26","port":80,"idc":"dx"}],"ttl":6000,"compel":0}]}],"default":[{"host":"aiui-ipv6.openspeech.cn","sip":[{"svc":"aiui","ips":[{"ip":"42.62.116.26","port":80,"idc":"dx"}],"ttl":6000,"compel":0}]}]}

[2026/01/30 20:02:01 964] [P0x00096cec] [T0x00096d20] D/NameServer(line 512)           :dns nameserver resolve aiui-ipv6.openspeech.cn as [42.62.116.27, 42.62.116.26], spent 133ms, ttl=6000.
[2026/01/30 20:02:01 964] [P0x00096cec] [T0x00096d20] D/NameServer(line 534)           :dns nameserver set current address 42.62.116.27:80.
[2026/01/30 20:02:01 964] [P0x00096cec] [T0x00096d20] D/NameServer(line 537)           :dns nameserver update.
[2026/01/30 20:02:01 964] [P0x00096cec] [T0x00096d20] D/NameServer(line 439)           :startTask, ttl=6000.
[2026/01/30 20:02:01 964] [P0x00096cec] [T0x00096cec] D/NameServer(line 301)           :dns resolve aiui-ipv6.openspeech.cn as [198.18.0.19], spent 1ms.
[2026/01/30 20:02:01 964] [P0x00096cec] [T0x00096cec] I/DataSender(line 72)            :start sender.
[2026/01/30 20:02:01 964] [P0x00096cec] [T0x00096cec] I/DataSender(line 135)           :started success.
[2026/01/30 20:02:01 964] [P0x00096cec] [T0x00096cec] I/DataReceiver(line 46)          :start receiver.
[2026/01/30 20:02:01 964] [P0x00096cec] [T0x00096cec] I/DataReceiver(line 94)          :started success.
[2026/01/30 20:02:01 964] [P0x00096cec] [T0x00096cec] I/AIUISession(line 150)          :session has begun, spent 134ms.
[2026/01/30 20:02:01 964] [P0x00096cec] [T0x00096d31] D/PushConnection(line 222)       :getChidHttps, host=aiui-ipv6.openspeech.cn, hostIP=42.62.116.27.
[2026/01/30 20:02:01 965] [P0x00096cec] [T0x00096cec] D/ConverterFactory(line 21)      :converter name default
[2026/01/30 20:02:01 965] [P0x00096cec] [T0x00096cec] I/Converter(line 53)             :need_channels_ 2
[2026/01/30 20:02:01 965] [P0x00096cec] [T0x00096cec] D/SpeechModule(line 88)          :data source sdk
[2026/01/30 20:02:01 965] [P0x00096cec] [T0x00096cec] D/SpeechModule(line 122)         :SpeechModule started.
[2026/01/30 20:02:01 965] [P0x00096cec] [T0x00096cec] I/AIUIScheduler(line 466)        :AIUIScheduler started
[2026/01/30 20:02:01 965] [P0x00096cec] [T0x00096cec] D/AIUIAgent(line 139)            :AIUI version=6.6.0001.0041 params={
    /* 交互参数 */
    "interact": {
        "interact_timeout": "-1",
        "result_timeout": "5000"
    },

    /* 全局设置 */
    "global": {
        "scene": "main_box"
    },

    "login": {
        "appid": "ad184cbf",
        "key":"301e469bbd67f75138209b58436a9e1a",
        "api_secret": "ZDFkY2JkNjIyZDU3NzZjNjhmYmMzZTA5"
    },

    /* 全局设置 */
    // 若要将新版本SDK（6.6.xxxx.xxxx以上）当作老版本（5.6.xxxx.xxxx）使用，请把aiui_ver的值改为1
    // "scene" 场景，示例："main"，"main_box"（带box的为测试环境）。在平台的应用配置页面添加和配置
    // "aiui_ver" AIUI版本，取值："1"（通用语义），"2"（交互大模型），"3"（极速交互，默认）
    // "clean_dialog_history" 清除对话历史方式，取值："auto"（SDK自动控制，默认，按speech中的interact_mode处理：oneshot模式下首次唤醒清历史，continuous模式下每次唤醒都会清历史），"user"（外部控制）
    "global": {
        "scene": "main_box",
        "aiui_ver": "1",
        "clean_dialog_history": "auto"
    },

    /* 业务相关参数 */
    /* 本地vad参数 */
    "vad": {
        "engine_type": "meta"
    },

    /* 识别（音频输入）参数 */
    "iat": {
        "sample_rate": "16000"
    },

    /* 唤醒参数 */
    "ivw": {
        "mic_type": "mic1",
        "res_path": "AIUI/assets/vtn/vtn.ini"
    },

    /* 合成参数 */
    "tts": {
        "engine_type": "cloud",
         "voice_name": "x4_lingxiaoying_em_v2"
    },

    /* 业务流程相关参数 */
    /* 语音业务流程 */
    "speech": {
        "data_source": "sdk",
        "wakeup_mode": "off",
        "interact_mode": "continuous",
        "intent_engine_type": "cloud",
        "audio_captor": "system"
    },


    /* 音频转换参数 */
    "recorder": {
        "sample_size": 2,
        "channel_count": 1,
        "channel_filter": "0,-1"
    },

    // 传给大模型的参数
    "cbmparams": {
        "nlp": {
            "nlp": {
                "encoding": "utf8",
                "compress": "raw",
                "format": "json"
            },
            "sub_scene": "cbm_v45"
        }
    },
    /* 日志设置 */
    "log": {
        "debug_log": "0",
        "save_datalog": "0",
        "datalog_path": "",
        "datalog_size": 1024,
        "raw_audio_path": ""
    }
}

[2026/01/30 20:02:01 965] [P0x00096cec] [T0x00096d1c] D/AIUIScheduler(line 794)        :CMD_WAKEUP, beam=0
[2026/01/30 20:02:01 965] [P0x00096cec] [T0x00096d1c] D/AIUIScheduler(line 1035)       :wakeup, isOutter=1
[2026/01/30 20:02:01 965] [P0x00096cec] [T0x00096d31] D/PushConnection(line 251)       :getChid, POST request:
POST /v1.1/server/register HTTP/1.1
Host: aiui-ipv6.openspeech.cn
Content-Type: text/json
Connection: Close
Content-Length: 422

{"appid":"ad184cbf","cmd":1,"encrypt_key":"","lgi_params":{"app.name":"voice_recogniti","app.path":"/lib/","auth_id":"","cver":"6.6.0001.0041","dev_lang":"cpp","imei":"","key":"301e469bbd67f75138209b58436a9e1a","mac":"bc:fc:e7:cc:1d:1a","openudid":"","os_sys":"Linux","prot_type":"pb","pwd":"","sn":"bc:fc:e7:cc:1d:1a","unique_id":"2efc5aa377304ae37a110d94c86ee84c3","usr":"","ver_type":"desktop_pc"},"uid":"d19271650701"}

[2026/01/30 20:02:01 965] [P0x00096cec] [T0x00096d1c] D/EventUploader(line 177)        :jsonParams={"appid":"ad184cbf","context":{"sdk_support":["tts","iat","nlp"]},"dev_lang":"cpp","dts":"3","dtype":"null","event_only":"1","os_sys":"Linux","prot_type":"pb","scene":"main_box","sdk_ver":"6.6.0001.0041","status":{"event":{"name":"cmd","operation":{"name":"clean_history"},"source":"user"},"state":{"last_state":"ready","name":"working"}},"stmid":"event-1","ver_type":"desktop_pc"}.
[2026/01/30 20:02:01 965] [P0x00096cec] [T0x00096d1c] I/AIUIScheduler(line 1148)       :clearSessionData
[2026/01/30 20:02:01 965] [P0x00096cec] [T0x00096d1c] D/StreamStats(line 154)          :clearStats
[2026/01/30 20:02:01 965] [P0x00096cec] [T0x00096d1c] D/AIUISession(line 310)          :clear session data.
[2026/01/30 20:02:01 965] [P0x00096cec] [T0x00096d30] W/DataSender(line 595)           :not logined, reset connection.
[2026/01/30 20:02:01 965] [P0x00096cec] [T0x00096d1c] I/VadUnit(line 322)              :VadUnit not started, won't reset, re_wakeup=1.
[2026/01/30 20:02:01 965] [P0x00096cec] [T0x00096d1d] I/IatUnit(line 83)               :IatUnit started. left size 0
[2026/01/30 20:02:01 965] [P0x00096cec] [T0x00096d2f] D/AIUISession(line 555)          :push is connecting, invalid operation.
[2026/01/30 20:02:01 965] [P0x00096cec] [T0x00096d1d] I/VadUnit(line 269)              :VadUnit started.
[2026/01/30 20:02:02 102] [P0x00096cec] [T0x00096d31] D/PushConnection(line 272)       :getChid, spent 138ms, response:
HTTP/1.1 200 OK
Server: openresty
Date: Fri, 30 Jan 2026 12:02:02 GMT
Content-Type: application/json; charset=utf-8
Content-Length: 129
Connection: close

{"ret":0,"uid":"d19271650701","chid":"cid00015101@dx19c0ec81eedba42532","sid":"cau00015100@dx19c0ec81eecba42532","err":"success"}

[2026/01/30 20:02:02 103] [P0x00096cec] [T0x00096d31] D/PushConnection(line 316)       :getChid, success, chid=cid00015101@dx19c0ec81eedba42532.
[2026/01/30 20:02:02 103] [P0x00096cec] [T0x00096d31] D/DataReceiver(line 307)         :push connected.
[2026/01/30 20:02:02 103] [P0x00096cec] [T0x00096d2f] I/AIUISession(line 429)          :connected to server.
[2026/01/30 20:02:02 103] [P0x00096cec] [T0x00096d2f] D/ServerConnection(line 894)     :connect to server success
[2026/01/30 20:02:02 103] [P0x00096cec] [T0x00096d2f] D/DataSender(line 897)           :clear ack error.
[2026/01/30 20:02:05 082] [P0x00096cec] [T0x00096d32] I/VadUnit(line 653)              :write audio before bos, length=19200.
[2026/01/30 20:02:05 082] [P0x00096cec] [T0x00096d32] I/VadUnit(line 665)              :vad_bos found, stmid=audio-1.
[2026/01/30 20:02:05 083] [P0x00096cec] [T0x00096d30] W/DataSender(line 608)           :up is non-connected, try to connect right now.
[2026/01/30 20:02:05 083] [P0x00096cec] [T0x00096d1f] D/DataSender(line 1664)          :try to reconnect up.
[2026/01/30 20:02:05 083] [P0x00096cec] [T0x00096d30] W/DataSender(line 602)           :up is connecting, won't send packet.
[2026/01/30 20:02:05 083] [P0x00096cec] [T0x00096d84] D/WSConnection(line 410)         :start connecting, tid=617860, sessionNo=1.
[2026/01/30 20:02:05 083] [P0x00096cec] [T0x00096d84] D/WSConnection(line 299)         :createWebSocket, host=aiui-ipv6.openspeech.cn, ip=42.62.116.27.
[2026/01/30 20:02:05 083] [P0x00096cec] [T0x00096d84] D/WSConnection(line 326)         :connecting wss://aiui-ipv6.openspeech.cn/aiui/v2.1/upload.do, tid=617860, sessionNo=1.
[2026/01/30 20:02:05 083] [P0x00096cec] [T0x00096d84] D/WSConnection(line 333)         :websocket, GET request:
GET /aiui/v2.1/upload.do HTTP/1.1
Origin: https://aiui-ipv6.openspeech.cn
Host: aiui-ipv6.openspeech.cn



[2026/01/30 20:02:05 083] [P0x00096cec] [T0x00096d30] W/DataSender(line 602)           :up is connecting, won't send packet.
[2026/01/30 20:02:05 084] [P0x00096cec] [T0x00096d30] W/DataSender(line 602)           :up is connecting, won't send packet.
[2026/01/30 20:02:05 084] [P0x00096cec] [T0x00096d30] W/DataSender(line 602)           :up is connecting, won't send packet.
[2026/01/30 20:02:05 084] [P0x00096cec] [T0x00096d30] W/DataSender(line 602)           :up is connecting, won't send packet.
[2026/01/30 20:02:05 084] [P0x00096cec] [T0x00096d30] W/DataSender(line 602)           :up is connecting, won't send packet.
[2026/01/30 20:02:05 084] [P0x00096cec] [T0x00096d30] W/DataSender(line 602)           :up is connecting, won't send packet.
[2026/01/30 20:02:05 085] [P0x00096cec] [T0x00096d30] W/DataSender(line 602)           :up is connecting, won't send packet.
[2026/01/30 20:02:05 085] [P0x00096cec] [T0x00096d30] W/DataSender(line 602)           :up is connecting, won't send packet.
[2026/01/30 20:02:05 085] [P0x00096cec] [T0x00096d30] W/DataSender(line 602)           :up is connecting, won't send packet.
[2026/01/30 20:02:05 085] [P0x00096cec] [T0x00096d30] W/DataSender(line 602)           :up is connecting, won't send packet.
[2026/01/30 20:02:05 085] [P0x00096cec] [T0x00096d30] W/DataSender(line 602)           :up is connecting, won't send packet.
[2026/01/30 20:02:05 086] [P0x00096cec] [T0x00096d30] W/DataSender(line 602)           :up is connecting, won't send packet.
[2026/01/30 20:02:05 086] [P0x00096cec] [T0x00096d30] W/DataSender(line 602)           :up is connecting, won't send packet.
[2026/01/30 20:02:05 086] [P0x00096cec] [T0x00096d30] W/DataSender(line 602)           :up is connecting, won't send packet.
[2026/01/30 20:02:05 242] [P0x00096cec] [T0x00096d84] D/WSConnection(line 361)         :connected to wss://aiui-ipv6.openspeech.cn/aiui/v2.1/upload.do, spent 158ms, tid=617860, sessionNo=1.
[2026/01/30 20:02:05 242] [P0x00096cec] [T0x00096d84] D/WSConnection(line 365)         :websocket, response:
HTTP/1.1 101 Switching Protocols
Server: openresty
Date: Fri, 30 Jan 2026 12:02:05 GMT
Connection: upgrade
Upgrade: websocket
Sec-WebSocket-Accept: it3PaFox6QCo9OFjaJv+XvEsA1Y=



[2026/01/30 20:02:05 242] [P0x00096cec] [T0x00096d84] D/WSConnection(line 419)         :connect success, tid=617860, sessionNo=1.
[2026/01/30 20:02:05 242] [P0x00096cec] [T0x00096d84] D/DataSender(line 1429)          :up connected, try to send packet.
[2026/01/30 20:02:05 242] [P0x00096cec] [T0x00096d84] D/WSConnection(line 473)         :start receiving, tid=617860, sessionNo=1.
[2026/01/30 20:02:05 242] [P0x00096cec] [T0x00096d30] D/DataSender(line 705)           :send packet, ret=1029, need_resend=0, send_cnt=1, sessionNo=1, info:
streamId=audio-1
frameId=1
sid=cid00015101@dx19c0ec81eede010001
dataType=1
dataStatus=0
dataLen=214
args={"cnt_id":"0","dte":"speex-wb;10","dtf":"audio/L16;rate=16000","frame_size":"1280"}
params={"appid":"ad184cbf","context":{"sdk_support":["tts","iat","nlp"]},"dev_lang":"cpp","dsrc":"sdk","dtype":"audio","interact_mode":"continuous","os_sys":"Linux","prot_type":"pb","sample_rate":"16000","scene":"main_box","sdk_ver":"6.6.0001.0041","sn":"bc:fc:e7:cc:1d:1a","stmid":"audio-1","ver_type":"desktop_pc","wake_id":"1769774521965cc95accd7b749bbe64639782"}
userParams=

[2026/01/30 20:02:05 242] [P0x00096cec] [T0x00096d30] D/DataSender(line 705)           :send packet, ret=300, need_resend=0, send_cnt=1, sessionNo=1, info:
streamId=audio-1
frameId=2
sid=cid00015101@dx19c0ec81eede010001
dataType=1
dataStatus=1
dataLen=214

[2026/01/30 20:02:05 242] [P0x00096cec] [T0x00096d30] D/DataSender(line 705)           :send packet, ret=300, need_resend=0, send_cnt=1, sessionNo=1, info:
streamId=audio-1
frameId=3
sid=cid00015101@dx19c0ec81eede010001
dataType=1
dataStatus=1
dataLen=214

[2026/01/30 20:02:05 242] [P0x00096cec] [T0x00096d30] D/DataSender(line 705)           :send packet, ret=300, need_resend=0, send_cnt=1, sessionNo=1, info:
streamId=audio-1
frameId=4
sid=cid00015101@dx19c0ec81eede010001
dataType=1
dataStatus=1
dataLen=214

[2026/01/30 20:02:05 242] [P0x00096cec] [T0x00096d30] D/DataSender(line 705)           :send packet, ret=300, need_resend=0, send_cnt=1, sessionNo=1, info:
streamId=audio-1
frameId=5
sid=cid00015101@dx19c0ec81eede010001
dataType=1
dataStatus=1
dataLen=214

[2026/01/30 20:02:05 242] [P0x00096cec] [T0x00096d30] D/DataSender(line 705)           :send packet, ret=300, need_resend=0, send_cnt=1, sessionNo=1, info:
streamId=audio-1
frameId=6
sid=cid00015101@dx19c0ec81eede010001
dataType=1
dataStatus=1
dataLen=214

[2026/01/30 20:02:05 242] [P0x00096cec] [T0x00096d30] D/DataSender(line 705)           :send packet, ret=300, need_resend=0, send_cnt=1, sessionNo=1, info:
streamId=audio-1
frameId=7
sid=cid00015101@dx19c0ec81eede010001
dataType=1
dataStatus=1
dataLen=214

[2026/01/30 20:02:05 242] [P0x00096cec] [T0x00096d30] D/DataSender(line 705)           :send packet, ret=300, need_resend=0, send_cnt=1, sessionNo=1, info:
streamId=audio-1
frameId=8
sid=cid00015101@dx19c0ec81eede010001
dataType=1
dataStatus=1
dataLen=214

[2026/01/30 20:02:05 242] [P0x00096cec] [T0x00096d30] D/DataSender(line 705)           :send packet, ret=300, need_resend=0, send_cnt=1, sessionNo=1, info:
streamId=audio-1
frameId=9
sid=cid00015101@dx19c0ec81eede010001
dataType=1
dataStatus=1
dataLen=214

[2026/01/30 20:02:05 242] [P0x00096cec] [T0x00096d30] D/DataSender(line 705)           :send packet, ret=300, need_resend=0, send_cnt=1, sessionNo=1, info:
streamId=audio-1
frameId=10
sid=cid00015101@dx19c0ec81eede010001
dataType=1
dataStatus=1
dataLen=214

[2026/01/30 20:02:05 242] [P0x00096cec] [T0x00096d30] D/DataSender(line 705)           :send packet, ret=300, need_resend=0, send_cnt=1, sessionNo=1, info:
streamId=audio-1
frameId=11
sid=cid00015101@dx19c0ec81eede010001
dataType=1
dataStatus=1
dataLen=214

[2026/01/30 20:02:05 242] [P0x00096cec] [T0x00096d30] D/DataSender(line 705)           :send packet, ret=300, need_resend=0, send_cnt=1, sessionNo=1, info:
streamId=audio-1
frameId=12
sid=cid00015101@dx19c0ec81eede010001
dataType=1
dataStatus=1
dataLen=214

[2026/01/30 20:02:05 242] [P0x00096cec] [T0x00096d30] D/DataSender(line 705)           :send packet, ret=300, need_resend=0, send_cnt=1, sessionNo=1, info:
streamId=audio-1
frameId=13
sid=cid00015101@dx19c0ec81eede010001
dataType=1
dataStatus=1
dataLen=214

[2026/01/30 20:02:05 242] [P0x00096cec] [T0x00096d30] D/DataSender(line 705)           :send packet, ret=300, need_resend=0, send_cnt=1, sessionNo=1, info:
streamId=audio-1
frameId=14
sid=cid00015101@dx19c0ec81eede010001
dataType=1
dataStatus=1
dataLen=214

[2026/01/30 20:02:05 242] [P0x00096cec] [T0x00096d30] D/DataSender(line 705)           :send packet, ret=300, need_resend=0, send_cnt=1, sessionNo=1, info:
streamId=audio-1
frameId=15
sid=cid00015101@dx19c0ec81eede010001
dataType=1
dataStatus=1
dataLen=214

[2026/01/30 20:02:05 242] [P0x00096cec] [T0x00096d30] D/DataSender(line 705)           :send packet, ret=300, need_resend=0, send_cnt=1, sessionNo=1, info:
streamId=audio-1
frameId=16
sid=cid00015101@dx19c0ec81eede010001
dataType=1
dataStatus=1
dataLen=214

[2026/01/30 20:02:05 243] [P0x00096cec] [T0x00096d30] D/DataSender(line 705)           :send packet, ret=300, need_resend=0, send_cnt=1, sessionNo=1, info:
streamId=audio-1
frameId=17
sid=cid00015101@dx19c0ec81eede010001
dataType=1
dataStatus=1
dataLen=214

[2026/01/30 20:02:05 243] [P0x00096cec] [T0x00096d30] D/DataSender(line 705)           :send packet, ret=300, need_resend=0, send_cnt=1, sessionNo=1, info:
streamId=audio-1
frameId=18
sid=cid00015101@dx19c0ec81eede010001
dataType=1
dataStatus=1
dataLen=214

[2026/01/30 20:02:05 243] [P0x00096cec] [T0x00096d30] D/DataSender(line 705)           :send packet, ret=300, need_resend=0, send_cnt=1, sessionNo=1, info:
streamId=audio-1
frameId=19
sid=cid00015101@dx19c0ec81eede010001
dataType=1
dataStatus=1
dataLen=214

[2026/01/30 20:02:05 243] [P0x00096cec] [T0x00096d30] D/DataSender(line 705)           :send packet, ret=300, need_resend=0, send_cnt=1, sessionNo=1, info:
streamId=audio-1
frameId=20
sid=cid00015101@dx19c0ec81eede010001
dataType=1
dataStatus=1
dataLen=214

[2026/01/30 20:02:05 274] [P0x00096cec] [T0x00096d84] D/WSConnection(line 603)         :receive data completely, dataLen=66
[2026/01/30 20:02:05 274] [P0x00096cec] [T0x00096d84] D/WSConnection(line 603)         :receive data completely, dataLen=68
[2026/01/30 20:02:05 274] [P0x00096cec] [T0x00096d84] D/WSConnection(line 603)         :receive data completely, dataLen=68
[2026/01/30 20:02:05 274] [P0x00096cec] [T0x00096d1f] D/DataSender(line 867)           :parsed data as ack, s2ack_time=32ms, info:
streamId=audio-1
frameId=1
retCode=0

[2026/01/30 20:02:05 274] [P0x00096cec] [T0x00096d1f] D/DataSender(line 867)           :parsed data as ack, s2ack_time=32ms, info:
streamId=audio-1
frameId=2
retCode=0

[2026/01/30 20:02:05 274] [P0x00096cec] [T0x00096d1f] D/DataSender(line 867)           :parsed data as ack, s2ack_time=32ms, info:
streamId=audio-1
frameId=3
retCode=0

[2026/01/30 20:02:05 274] [P0x00096cec] [T0x00096d84] D/WSConnection(line 603)         :receive data completely, dataLen=68
[2026/01/30 20:02:05 274] [P0x00096cec] [T0x00096d84] D/WSConnection(line 603)         :receive data completely, dataLen=68
[2026/01/30 20:02:05 274] [P0x00096cec] [T0x00096d84] D/WSConnection(line 603)         :receive data completely, dataLen=68
[2026/01/30 20:02:05 274] [P0x00096cec] [T0x00096d84] D/WSConnection(line 603)         :receive data completely, dataLen=68
[2026/01/30 20:02:05 274] [P0x00096cec] [T0x00096d1f] D/DataSender(line 867)           :parsed data as ack, s2ack_time=32ms, info:
streamId=audio-1
frameId=4
retCode=0

[2026/01/30 20:02:05 274] [P0x00096cec] [T0x00096d1f] D/DataSender(line 867)           :parsed data as ack, s2ack_time=32ms, info:
streamId=audio-1
frameId=5
retCode=0

[2026/01/30 20:02:05 274] [P0x00096cec] [T0x00096d84] D/WSConnection(line 603)         :receive data completely, dataLen=68
[2026/01/30 20:02:05 274] [P0x00096cec] [T0x00096d84] D/WSConnection(line 603)         :receive data completely, dataLen=68
[2026/01/30 20:02:05 274] [P0x00096cec] [T0x00096d84] D/WSConnection(line 603)         :receive data completely, dataLen=69
[2026/01/30 20:02:05 274] [P0x00096cec] [T0x00096d1f] D/DataSender(line 867)           :parsed data as ack, s2ack_time=32ms, info:
streamId=audio-1
frameId=6
retCode=0

[2026/01/30 20:02:05 274] [P0x00096cec] [T0x00096d84] D/WSConnection(line 603)         :receive data completely, dataLen=69
[2026/01/30 20:02:05 274] [P0x00096cec] [T0x00096d1f] D/DataSender(line 867)           :parsed data as ack, s2ack_time=32ms, info:
streamId=audio-1
frameId=7
retCode=0

[2026/01/30 20:02:05 274] [P0x00096cec] [T0x00096d84] D/WSConnection(line 603)         :receive data completely, dataLen=69
[2026/01/30 20:02:05 274] [P0x00096cec] [T0x00096d1f] D/DataSender(line 867)           :parsed data as ack, s2ack_time=32ms, info:
streamId=audio-1
frameId=8
retCode=0

[2026/01/30 20:02:05 274] [P0x00096cec] [T0x00096d1f] D/DataSender(line 867)           :parsed data as ack, s2ack_time=32ms, info:
streamId=audio-1
frameId=9
retCode=0

[2026/01/30 20:02:05 274] [P0x00096cec] [T0x00096d84] D/WSConnection(line 603)         :receive data completely, dataLen=69
[2026/01/30 20:02:05 274] [P0x00096cec] [T0x00096d84] D/WSConnection(line 603)         :receive data completely, dataLen=69
[2026/01/30 20:02:05 274] [P0x00096cec] [T0x00096d84] D/WSConnection(line 603)         :receive data completely, dataLen=69
[2026/01/30 20:02:05 274] [P0x00096cec] [T0x00096d84] D/WSConnection(line 603)         :receive data completely, dataLen=69
[2026/01/30 20:02:05 274] [P0x00096cec] [T0x00096d1f] D/DataSender(line 867)           :parsed data as ack, s2ack_time=32ms, info:
streamId=audio-1
frameId=10
retCode=0

[2026/01/30 20:02:05 274] [P0x00096cec] [T0x00096d84] D/WSConnection(line 603)         :receive data completely, dataLen=69
[2026/01/30 20:02:05 274] [P0x00096cec] [T0x00096d1f] D/DataSender(line 867)           :parsed data as ack, s2ack_time=32ms, info:
streamId=audio-1
frameId=11
retCode=0

[2026/01/30 20:02:05 274] [P0x00096cec] [T0x00096d84] D/WSConnection(line 603)         :receive data completely, dataLen=69
[2026/01/30 20:02:05 274] [P0x00096cec] [T0x00096d1f] D/DataSender(line 867)           :parsed data as ack, s2ack_time=32ms, info:
streamId=audio-1
frameId=12
retCode=0

[2026/01/30 20:02:05 274] [P0x00096cec] [T0x00096d1f] D/DataSender(line 867)           :parsed data as ack, s2ack_time=32ms, info:
streamId=audio-1
frameId=13
retCode=0

[2026/01/30 20:02:05 275] [P0x00096cec] [T0x00096d84] D/WSConnection(line 603)         :receive data completely, dataLen=69
[2026/01/30 20:02:05 275] [P0x00096cec] [T0x00096d1f] D/DataSender(line 867)           :parsed data as ack, s2ack_time=32ms, info:
streamId=audio-1
frameId=14
retCode=0

[2026/01/30 20:02:05 275] [P0x00096cec] [T0x00096d84] D/WSConnection(line 603)         :receive data completely, dataLen=69
[2026/01/30 20:02:05 275] [P0x00096cec] [T0x00096d1f] D/DataSender(line 867)           :parsed data as ack, s2ack_time=32ms, info:
streamId=audio-1
frameId=15
retCode=0

[2026/01/30 20:02:05 275] [P0x00096cec] [T0x00096d1f] D/DataSender(line 867)           :parsed data as ack, s2ack_time=32ms, info:
streamId=audio-1
frameId=16
retCode=0

[2026/01/30 20:02:05 275] [P0x00096cec] [T0x00096d1f] D/DataSender(line 867)           :parsed data as ack, s2ack_time=31ms, info:
streamId=audio-1
frameId=17
retCode=0

[2026/01/30 20:02:05 275] [P0x00096cec] [T0x00096d1f] D/DataSender(line 867)           :parsed data as ack, s2ack_time=31ms, info:
streamId=audio-1
frameId=18
retCode=0

[2026/01/30 20:02:05 275] [P0x00096cec] [T0x00096d1f] D/DataSender(line 867)           :parsed data as ack, s2ack_time=32ms, info:
streamId=audio-1
frameId=19
retCode=0

[2026/01/30 20:02:05 275] [P0x00096cec] [T0x00096d1f] D/DataSender(line 867)           :parsed data as ack, s2ack_time=32ms, info:
streamId=audio-1
frameId=20
retCode=0

[2026/01/30 20:02:05 423] [P0x00096cec] [T0x00096d30] D/DataSender(line 705)           :send packet, ret=300, need_resend=0, send_cnt=1, sessionNo=1, info:
streamId=audio-1
frameId=21
sid=cid00015101@dx19c0ec81eede010001
dataType=1
dataStatus=1
dataLen=214

[2026/01/30 20:02:05 423] [P0x00096cec] [T0x00096d30] D/DataSender(line 705)           :send packet, ret=300, need_resend=0, send_cnt=1, sessionNo=1, info:
streamId=audio-1
frameId=22
sid=cid00015101@dx19c0ec81eede010001
dataType=1
dataStatus=1
dataLen=214

[2026/01/30 20:02:05 423] [P0x00096cec] [T0x00096d30] D/DataSender(line 705)           :send packet, ret=300, need_resend=0, send_cnt=1, sessionNo=1, info:
streamId=audio-1
frameId=23
sid=cid00015101@dx19c0ec81eede010001
dataType=1
dataStatus=1
dataLen=214

[2026/01/30 20:02:05 453] [P0x00096cec] [T0x00096d84] D/WSConnection(line 603)         :receive data completely, dataLen=69
[2026/01/30 20:02:05 453] [P0x00096cec] [T0x00096d84] D/WSConnection(line 603)         :receive data completely, dataLen=69
[2026/01/30 20:02:05 453] [P0x00096cec] [T0x00096d84] D/WSConnection(line 603)         :receive data completely, dataLen=69
[2026/01/30 20:02:05 453] [P0x00096cec] [T0x00096d1f] D/DataSender(line 867)           :parsed data as ack, s2ack_time=30ms, info:
streamId=audio-1
frameId=21
retCode=0

[2026/01/30 20:02:05 453] [P0x00096cec] [T0x00096d1f] D/DataSender(line 867)           :parsed data as ack, s2ack_time=30ms, info:
streamId=audio-1
frameId=22
retCode=0

[2026/01/30 20:02:05 453] [P0x00096cec] [T0x00096d1f] D/DataSender(line 867)           :parsed data as ack, s2ack_time=30ms, info:
streamId=audio-1
frameId=23
retCode=0

[2026/01/30 20:02:05 463] [P0x00096cec] [T0x00096d30] D/DataSender(line 705)           :send packet, ret=300, need_resend=0, send_cnt=1, sessionNo=1, info:
streamId=audio-1
frameId=24
sid=cid00015101@dx19c0ec81eede010001
dataType=1
dataStatus=1
dataLen=214

[2026/01/30 20:02:05 463] [P0x00096cec] [T0x00096d30] D/DataSender(line 705)           :send packet, ret=300, need_resend=0, send_cnt=1, sessionNo=1, info:
streamId=audio-1
frameId=25
sid=cid00015101@dx19c0ec81eede010001
dataType=1
dataStatus=1
dataLen=214

[2026/01/30 20:02:05 463] [P0x00096cec] [T0x00096d30] D/DataSender(line 705)           :send packet, ret=300, need_resend=0, send_cnt=1, sessionNo=1, info:
streamId=audio-1
frameId=26
sid=cid00015101@dx19c0ec81eede010001
dataType=1
dataStatus=1
dataLen=214

[2026/01/30 20:02:05 487] [P0x00096cec] [T0x00096d84] D/WSConnection(line 603)         :receive data completely, dataLen=69
[2026/01/30 20:02:05 487] [P0x00096cec] [T0x00096d1f] D/DataSender(line 867)           :parsed data as ack, s2ack_time=24ms, info:
streamId=audio-1
frameId=24
retCode=0

[2026/01/30 20:02:05 487] [P0x00096cec] [T0x00096d84] D/WSConnection(line 603)         :receive data completely, dataLen=69
[2026/01/30 20:02:05 487] [P0x00096cec] [T0x00096d1f] D/DataSender(line 867)           :parsed data as ack, s2ack_time=24ms, info:
streamId=audio-1
frameId=25
retCode=0

[2026/01/30 20:02:05 487] [P0x00096cec] [T0x00096d84] D/WSConnection(line 603)         :receive data completely, dataLen=69
[2026/01/30 20:02:05 487] [P0x00096cec] [T0x00096d1f] D/DataSender(line 867)           :parsed data as ack, s2ack_time=24ms, info:
streamId=audio-1
frameId=26
retCode=0

[2026/01/30 20:02:05 623] [P0x00096cec] [T0x00096d30] D/DataSender(line 705)           :send packet, ret=300, need_resend=0, send_cnt=1, sessionNo=1, info:
streamId=audio-1
frameId=27
sid=cid00015101@dx19c0ec81eede010001
dataType=1
dataStatus=1
dataLen=214

[2026/01/30 20:02:05 624] [P0x00096cec] [T0x00096d30] D/DataSender(line 705)           :send packet, ret=300, need_resend=0, send_cnt=1, sessionNo=1, info:
streamId=audio-1
frameId=28
sid=cid00015101@dx19c0ec81eede010001
dataType=1
dataStatus=1
dataLen=214

[2026/01/30 20:02:05 624] [P0x00096cec] [T0x00096d30] D/DataSender(line 705)           :send packet, ret=300, need_resend=0, send_cnt=1, sessionNo=1, info:
streamId=audio-1
frameId=29
sid=cid00015101@dx19c0ec81eede010001
dataType=1
dataStatus=1
dataLen=214

[2026/01/30 20:02:05 656] [P0x00096cec] [T0x00096d84] D/WSConnection(line 603)         :receive data completely, dataLen=69
[2026/01/30 20:02:05 656] [P0x00096cec] [T0x00096d84] D/WSConnection(line 603)         :receive data completely, dataLen=69
[2026/01/30 20:02:05 656] [P0x00096cec] [T0x00096d1f] D/DataSender(line 867)           :parsed data as ack, s2ack_time=33ms, info:
streamId=audio-1
frameId=27
retCode=0

[2026/01/30 20:02:05 656] [P0x00096cec] [T0x00096d84] D/WSConnection(line 603)         :receive data completely, dataLen=69
[2026/01/30 20:02:05 656] [P0x00096cec] [T0x00096d1f] D/DataSender(line 867)           :parsed data as ack, s2ack_time=32ms, info:
streamId=audio-1
frameId=28
retCode=0

[2026/01/30 20:02:05 656] [P0x00096cec] [T0x00096d1f] D/DataSender(line 867)           :parsed data as ack, s2ack_time=32ms, info:
streamId=audio-1
frameId=29
retCode=0

[2026/01/30 20:02:05 804] [P0x00096cec] [T0x00096d30] D/DataSender(line 705)           :send packet, ret=300, need_resend=0, send_cnt=1, sessionNo=1, info:
streamId=audio-1
frameId=30
sid=cid00015101@dx19c0ec81eede010001
dataType=1
dataStatus=1
dataLen=214

[2026/01/30 20:02:05 804] [P0x00096cec] [T0x00096d30] D/DataSender(line 705)           :send packet, ret=300, need_resend=0, send_cnt=1, sessionNo=1, info:
streamId=audio-1
frameId=31
sid=cid00015101@dx19c0ec81eede010001
dataType=1
dataStatus=1
dataLen=214

[2026/01/30 20:02:05 804] [P0x00096cec] [T0x00096d30] D/DataSender(line 705)           :send packet, ret=300, need_resend=0, send_cnt=1, sessionNo=1, info:
streamId=audio-1
frameId=32
sid=cid00015101@dx19c0ec81eede010001
dataType=1
dataStatus=1
dataLen=214

[2026/01/30 20:02:05 830] [P0x00096cec] [T0x00096d84] D/WSConnection(line 603)         :receive data completely, dataLen=69
[2026/01/30 20:02:05 830] [P0x00096cec] [T0x00096d1f] D/DataSender(line 867)           :parsed data as ack, s2ack_time=26ms, info:
streamId=audio-1
frameId=30
retCode=0

[2026/01/30 20:02:05 831] [P0x00096cec] [T0x00096d84] D/WSConnection(line 603)         :receive data completely, dataLen=69
[2026/01/30 20:02:05 831] [P0x00096cec] [T0x00096d84] D/WSConnection(line 603)         :receive data completely, dataLen=69
[2026/01/30 20:02:05 831] [P0x00096cec] [T0x00096d1f] D/DataSender(line 867)           :parsed data as ack, s2ack_time=27ms, info:
streamId=audio-1
frameId=31
retCode=0

[2026/01/30 20:02:05 831] [P0x00096cec] [T0x00096d1f] D/DataSender(line 867)           :parsed data as ack, s2ack_time=27ms, info:
streamId=audio-1
frameId=32
retCode=0

[2026/01/30 20:02:05 844] [P0x00096cec] [T0x00096d30] D/DataSender(line 705)           :send packet, ret=300, need_resend=0, send_cnt=1, sessionNo=1, info:
streamId=audio-1
frameId=33
sid=cid00015101@dx19c0ec81eede010001
dataType=1
dataStatus=1
dataLen=214

[2026/01/30 20:02:05 844] [P0x00096cec] [T0x00096d30] D/DataSender(line 705)           :send packet, ret=300, need_resend=0, send_cnt=1, sessionNo=1, info:
streamId=audio-1
frameId=34
sid=cid00015101@dx19c0ec81eede010001
dataType=1
dataStatus=1
dataLen=214

[2026/01/30 20:02:05 844] [P0x00096cec] [T0x00096d30] D/DataSender(line 705)           :send packet, ret=300, need_resend=0, send_cnt=1, sessionNo=1, info:
streamId=audio-1
frameId=35
sid=cid00015101@dx19c0ec81eede010001
dataType=1
dataStatus=1
dataLen=214

[2026/01/30 20:02:05 844] [P0x00096cec] [T0x00096d30] D/DataSender(line 705)           :send packet, ret=300, need_resend=0, send_cnt=1, sessionNo=1, info:
streamId=audio-1
frameId=36
sid=cid00015101@dx19c0ec81eede010001
dataType=1
dataStatus=1
dataLen=214

[2026/01/30 20:02:05 868] [P0x00096cec] [T0x00096d84] D/WSConnection(line 603)         :receive data completely, dataLen=69
[2026/01/30 20:02:05 868] [P0x00096cec] [T0x00096d84] D/WSConnection(line 603)         :receive data completely, dataLen=69
[2026/01/30 20:02:05 868] [P0x00096cec] [T0x00096d1f] D/DataSender(line 867)           :parsed data as ack, s2ack_time=24ms, info:
streamId=audio-1
frameId=33
retCode=0

[2026/01/30 20:02:05 868] [P0x00096cec] [T0x00096d1f] D/DataSender(line 867)           :parsed data as ack, s2ack_time=24ms, info:
streamId=audio-1
frameId=34
retCode=0

[2026/01/30 20:02:05 868] [P0x00096cec] [T0x00096d84] D/WSConnection(line 603)         :receive data completely, dataLen=69
[2026/01/30 20:02:05 868] [P0x00096cec] [T0x00096d84] D/WSConnection(line 603)         :receive data completely, dataLen=69
[2026/01/30 20:02:05 868] [P0x00096cec] [T0x00096d1f] D/DataSender(line 867)           :parsed data as ack, s2ack_time=24ms, info:
streamId=audio-1
frameId=35
retCode=0

[2026/01/30 20:02:05 868] [P0x00096cec] [T0x00096d1f] D/DataSender(line 867)           :parsed data as ack, s2ack_time=24ms, info:
streamId=audio-1
frameId=36
retCode=0

[2026/01/30 20:02:06 023] [P0x00096cec] [T0x00096d30] D/DataSender(line 705)           :send packet, ret=300, need_resend=0, send_cnt=1, sessionNo=1, info:
streamId=audio-1
frameId=37
sid=cid00015101@dx19c0ec81eede010001
dataType=1
dataStatus=1
dataLen=214

[2026/01/30 20:02:06 023] [P0x00096cec] [T0x00096d30] D/DataSender(line 705)           :send packet, ret=300, need_resend=0, send_cnt=1, sessionNo=1, info:
streamId=audio-1
frameId=38
sid=cid00015101@dx19c0ec81eede010001
dataType=1
dataStatus=1
dataLen=214

[2026/01/30 20:02:06 023] [P0x00096cec] [T0x00096d30] D/DataSender(line 705)           :send packet, ret=300, need_resend=0, send_cnt=1, sessionNo=1, info:
streamId=audio-1
frameId=39
sid=cid00015101@dx19c0ec81eede010001
dataType=1
dataStatus=1
dataLen=214

[2026/01/30 20:02:06 052] [P0x00096cec] [T0x00096d84] D/WSConnection(line 603)         :receive data completely, dataLen=69
[2026/01/30 20:02:06 052] [P0x00096cec] [T0x00096d84] D/WSConnection(line 603)         :receive data completely, dataLen=69
[2026/01/30 20:02:06 052] [P0x00096cec] [T0x00096d84] D/WSConnection(line 603)         :receive data completely, dataLen=69
[2026/01/30 20:02:06 052] [P0x00096cec] [T0x00096d1f] D/DataSender(line 867)           :parsed data as ack, s2ack_time=29ms, info:
streamId=audio-1
frameId=37
retCode=0

[2026/01/30 20:02:06 052] [P0x00096cec] [T0x00096d1f] D/DataSender(line 867)           :parsed data as ack, s2ack_time=29ms, info:
streamId=audio-1
frameId=38
retCode=0

[2026/01/30 20:02:06 052] [P0x00096cec] [T0x00096d1f] D/DataSender(line 867)           :parsed data as ack, s2ack_time=29ms, info:
streamId=audio-1
frameId=39
retCode=0

[2026/01/30 20:02:06 202] [P0x00096cec] [T0x00096d32] I/VadUnit(line 714)              :vad_eos found, confidence=0.705809.
[2026/01/30 20:02:06 202] [P0x00096cec] [T0x00096d30] D/DataSender(line 705)           :send packet, ret=300, need_resend=0, send_cnt=1, sessionNo=1, info:
streamId=audio-1
frameId=40
sid=cid00015101@dx19c0ec81eede010001
dataType=1
dataStatus=1
dataLen=214

[2026/01/30 20:02:06 203] [P0x00096cec] [T0x00096d33] D/DataSender(line 524)           :set result timeout 5000ms for stream audio-1, taskId=1041.
[2026/01/30 20:02:06 203] [P0x00096cec] [T0x00096d30] D/DataSender(line 705)           :send packet, ret=300, need_resend=0, send_cnt=1, sessionNo=1, info:
streamId=audio-1
frameId=41
sid=cid00015101@dx19c0ec81eede010001
dataType=1
dataStatus=2
dataLen=214

[2026/01/30 20:02:06 226] [P0x00096cec] [T0x00096d84] D/WSConnection(line 603)         :receive data completely, dataLen=69
[2026/01/30 20:02:06 227] [P0x00096cec] [T0x00096d1f] D/DataSender(line 867)           :parsed data as ack, s2ack_time=25ms, info:
streamId=audio-1
frameId=40
retCode=0

[2026/01/30 20:02:06 227] [P0x00096cec] [T0x00096d84] D/WSConnection(line 603)         :receive data completely, dataLen=69
[2026/01/30 20:02:06 227] [P0x00096cec] [T0x00096d1f] D/DataSender(line 867)           :parsed data as ack, s2ack_time=24ms, info:
streamId=audio-1
frameId=41
retCode=0

[2026/01/30 20:02:06 232] [P0x00096cec] [T0x00096d84] D/WSConnection(line 603)         :receive data completely, dataLen=330
[2026/01/30 20:02:06 232] [P0x00096cec] [T0x00096d84] D/DataSender(line 1466)          :parsed data as result, stmid=audio-1, sid=cid00015101@dx19c0ec81eede010001, retCode=0, params:
{"data":[{"content":[{"cnt_id":"0","dte":"utf8","dtf":"json"}],"params":{"accent":"mandarin","cmd":"[{\"service\":\"iat\",\"next\":\"end\"}]","frstid":"1","language":"zh-cn","lrst":"1","rss":"2","rstid":1,"sub":"iat"}}]}

[2026/01/30 20:02:06 232] [P0x00096cec] [T0x00096d2f] D/ResultScheduler(line 313)      :sub=iat, result={"text":{"bg":0,"ed":0,"ls":true,"sn":1,"ws":[{"bg":0,"cw":[{"sc":0,"w":""}]}]}}
[2026/01/30 20:02:06 232] [P0x00096cec] [T0x00096d2f] D/ResultScheduler(line 456)      :stat size=1
[2026/01/30 20:02:06 232] [P0x00096cec] [T0x00096d2f] D/ResultScheduler(line 457)      :rstMap size=0
[2026/01/30 20:02:06 232] [P0x00096cec] [T0x00096d2f] D/ResultScheduler(line 458)      :sid=cid00015101@dx19c0ec81eede010001
[2026/01/30 20:02:06 232] [P0x00096cec] [T0x00096d2f] D/ResultScheduler(line 459)      :streamId=audio-1
[2026/01/30 20:02:06 232] [P0x00096cec] [T0x00096d2f] D/ResultScheduler(line 460)      :bizParam={"data":[{"content":[{"cnt_id":"0","dte":"utf8","dtf":"json"}],"params":{"accent":"mandarin","cmd":"[{\"service\":\"iat\",\"next\":\"end\"}]","frstid":"1","language":"zh-cn","lrst":"1","rss":"2","rstid":1,"sub":"iat"}}]}
[2026/01/30 20:02:06 232] [P0x00096cec] [T0x00096d1f] D/DataSender(line 1047)          :stream audio-1 received result, reset the continued timeout count.
[2026/01/30 20:02:09 233] [P0x00096cec] [T0x00096d84] D/WSConnection(line 566)         :receive timeout, try again
[2026/01/30 20:02:10 345] [P0x00096cec] [T0x00096d32] I/VadUnit(line 653)              :write audio before bos, length=19200.
[2026/01/30 20:02:10 345] [P0x00096cec] [T0x00096d32] I/VadUnit(line 665)              :vad_bos found, stmid=audio-2.
[2026/01/30 20:02:10 345] [P0x00096cec] [T0x00096d30] D/DataSender(line 705)           :send packet, ret=1029, need_resend=0, send_cnt=1, sessionNo=1, info:
streamId=audio-2
frameId=1
sid=cid00015101@dx19c0ec81eee3010002
dataType=1
dataStatus=0
dataLen=214
args={"cnt_id":"0","dte":"speex-wb;10","dtf":"audio/L16;rate=16000","frame_size":"1280"}
params={"appid":"ad184cbf","context":{"sdk_support":["tts","iat","nlp"]},"dev_lang":"cpp","dsrc":"sdk","dtype":"audio","interact_mode":"continuous","os_sys":"Linux","prot_type":"pb","sample_rate":"16000","scene":"main_box","sdk_ver":"6.6.0001.0041","sn":"bc:fc:e7:cc:1d:1a","stmid":"audio-2","ver_type":"desktop_pc","wake_id":"1769774521965cc95accd7b749bbe64639782"}
userParams=

[2026/01/30 20:02:10 345] [P0x00096cec] [T0x00096d30] D/DataSender(line 705)           :send packet, ret=300, need_resend=0, send_cnt=1, sessionNo=1, info:
streamId=audio-2
frameId=2
sid=cid00015101@dx19c0ec81eee3010002
dataType=1
dataStatus=1
dataLen=214

[2026/01/30 20:02:10 345] [P0x00096cec] [T0x00096d30] D/DataSender(line 705)           :send packet, ret=300, need_resend=0, send_cnt=1, sessionNo=1, info:
streamId=audio-2
frameId=3
sid=cid00015101@dx19c0ec81eee3010002
dataType=1
dataStatus=1
dataLen=214

[2026/01/30 20:02:10 346] [P0x00096cec] [T0x00096d30] D/DataSender(line 705)           :send packet, ret=300, need_resend=0, send_cnt=1, sessionNo=1, info:
streamId=audio-2
frameId=4
sid=cid00015101@dx19c0ec81eee3010002
dataType=1
dataStatus=1
dataLen=214

[2026/01/30 20:02:10 346] [P0x00096cec] [T0x00096d30] D/DataSender(line 705)           :send packet, ret=300, need_resend=0, send_cnt=1, sessionNo=1, info:
streamId=audio-2
frameId=5
sid=cid00015101@dx19c0ec81eee3010002
dataType=1
dataStatus=1
dataLen=214

[2026/01/30 20:02:10 346] [P0x00096cec] [T0x00096d30] D/DataSender(line 705)           :send packet, ret=300, need_resend=0, send_cnt=1, sessionNo=1, info:
streamId=audio-2
frameId=6
sid=cid00015101@dx19c0ec81eee3010002
dataType=1
dataStatus=1
dataLen=214

[2026/01/30 20:02:10 346] [P0x00096cec] [T0x00096d30] D/DataSender(line 705)           :send packet, ret=300, need_resend=0, send_cnt=1, sessionNo=1, info:
streamId=audio-2
frameId=7
sid=cid00015101@dx19c0ec81eee3010002
dataType=1
dataStatus=1
dataLen=214

[2026/01/30 20:02:10 346] [P0x00096cec] [T0x00096d30] D/DataSender(line 705)           :send packet, ret=300, need_resend=0, send_cnt=1, sessionNo=1, info:
streamId=audio-2
frameId=8
sid=cid00015101@dx19c0ec81eee3010002
dataType=1
dataStatus=1
dataLen=214

[2026/01/30 20:02:10 347] [P0x00096cec] [T0x00096d30] D/DataSender(line 705)           :send packet, ret=300, need_resend=0, send_cnt=1, sessionNo=1, info:
streamId=audio-2
frameId=9
sid=cid00015101@dx19c0ec81eee3010002
dataType=1
dataStatus=1
dataLen=214

[2026/01/30 20:02:10 347] [P0x00096cec] [T0x00096d30] D/DataSender(line 705)           :send packet, ret=300, need_resend=0, send_cnt=1, sessionNo=1, info:
streamId=audio-2
frameId=10
sid=cid00015101@dx19c0ec81eee3010002
dataType=1
dataStatus=1
dataLen=214

[2026/01/30 20:02:10 347] [P0x00096cec] [T0x00096d30] D/DataSender(line 705)           :send packet, ret=300, need_resend=0, send_cnt=1, sessionNo=1, info:
streamId=audio-2
frameId=11
sid=cid00015101@dx19c0ec81eee3010002
dataType=1
dataStatus=1
dataLen=214

[2026/01/30 20:02:10 347] [P0x00096cec] [T0x00096d30] D/DataSender(line 705)           :send packet, ret=300, need_resend=0, send_cnt=1, sessionNo=1, info:
streamId=audio-2
frameId=12
sid=cid00015101@dx19c0ec81eee3010002
dataType=1
dataStatus=1
dataLen=214

[2026/01/30 20:02:10 347] [P0x00096cec] [T0x00096d30] D/DataSender(line 705)           :send packet, ret=300, need_resend=0, send_cnt=1, sessionNo=1, info:
streamId=audio-2
frameId=13
sid=cid00015101@dx19c0ec81eee3010002
dataType=1
dataStatus=1
dataLen=214

[2026/01/30 20:02:10 348] [P0x00096cec] [T0x00096d30] D/DataSender(line 705)           :send packet, ret=300, need_resend=0, send_cnt=1, sessionNo=1, info:
streamId=audio-2
frameId=14
sid=cid00015101@dx19c0ec81eee3010002
dataType=1
dataStatus=1
dataLen=214

[2026/01/30 20:02:10 348] [P0x00096cec] [T0x00096d30] D/DataSender(line 705)           :send packet, ret=300, need_resend=0, send_cnt=1, sessionNo=1, info:
streamId=audio-2
frameId=15
sid=cid00015101@dx19c0ec81eee3010002
dataType=1
dataStatus=1
dataLen=214

[2026/01/30 20:02:10 348] [P0x00096cec] [T0x00096d30] D/DataSender(line 705)           :send packet, ret=300, need_resend=0, send_cnt=1, sessionNo=1, info:
streamId=audio-2
frameId=16
sid=cid00015101@dx19c0ec81eee3010002
dataType=1
dataStatus=1
dataLen=214

[2026/01/30 20:02:10 348] [P0x00096cec] [T0x00096d30] D/DataSender(line 705)           :send packet, ret=300, need_resend=0, send_cnt=1, sessionNo=1, info:
streamId=audio-2
frameId=17
sid=cid00015101@dx19c0ec81eee3010002
dataType=1
dataStatus=1
dataLen=214

[2026/01/30 20:02:10 349] [P0x00096cec] [T0x00096d30] D/DataSender(line 705)           :send packet, ret=300, need_resend=0, send_cnt=1, sessionNo=1, info:
streamId=audio-2
frameId=18
sid=cid00015101@dx19c0ec81eee3010002
dataType=1
dataStatus=1
dataLen=214

[2026/01/30 20:02:10 377] [P0x00096cec] [T0x00096d84] D/WSConnection(line 603)         :receive data completely, dataLen=66
[2026/01/30 20:02:10 377] [P0x00096cec] [T0x00096d84] D/WSConnection(line 603)         :receive data completely, dataLen=68
[2026/01/30 20:02:10 377] [P0x00096cec] [T0x00096d1f] D/DataSender(line 867)           :parsed data as ack, s2ack_time=32ms, info:
streamId=audio-2
frameId=1
retCode=0

[2026/01/30 20:02:10 377] [P0x00096cec] [T0x00096d84] D/WSConnection(line 603)         :receive data completely, dataLen=68
[2026/01/30 20:02:10 377] [P0x00096cec] [T0x00096d1f] D/DataSender(line 867)           :parsed data as ack, s2ack_time=32ms, info:
streamId=audio-2
frameId=2
retCode=0

[2026/01/30 20:02:10 377] [P0x00096cec] [T0x00096d84] D/WSConnection(line 603)         :receive data completely, dataLen=68
[2026/01/30 20:02:10 377] [P0x00096cec] [T0x00096d1f] D/DataSender(line 867)           :parsed data as ack, s2ack_time=32ms, info:
streamId=audio-2
frameId=3
retCode=0

[2026/01/30 20:02:10 377] [P0x00096cec] [T0x00096d1f] D/DataSender(line 867)           :parsed data as ack, s2ack_time=31ms, info:
streamId=audio-2
frameId=4
retCode=0

[2026/01/30 20:02:10 377] [P0x00096cec] [T0x00096d84] D/WSConnection(line 603)         :receive data completely, dataLen=68
[2026/01/30 20:02:10 377] [P0x00096cec] [T0x00096d1f] D/DataSender(line 867)           :parsed data as ack, s2ack_time=31ms, info:
streamId=audio-2
frameId=5
retCode=0

[2026/01/30 20:02:10 377] [P0x00096cec] [T0x00096d84] D/WSConnection(line 603)         :receive data completely, dataLen=68
[2026/01/30 20:02:10 377] [P0x00096cec] [T0x00096d1f] D/DataSender(line 867)           :parsed data as ack, s2ack_time=31ms, info:
streamId=audio-2
frameId=6
retCode=0

[2026/01/30 20:02:10 377] [P0x00096cec] [T0x00096d84] D/WSConnection(line 603)         :receive data completely, dataLen=68
[2026/01/30 20:02:10 377] [P0x00096cec] [T0x00096d84] D/WSConnection(line 603)         :receive data completely, dataLen=68
[2026/01/30 20:02:10 377] [P0x00096cec] [T0x00096d1f] D/DataSender(line 867)           :parsed data as ack, s2ack_time=31ms, info:
streamId=audio-2
frameId=7
retCode=0

[2026/01/30 20:02:10 377] [P0x00096cec] [T0x00096d1f] D/DataSender(line 867)           :parsed data as ack, s2ack_time=31ms, info:
streamId=audio-2
frameId=8
retCode=0

[2026/01/30 20:02:10 377] [P0x00096cec] [T0x00096d84] D/WSConnection(line 603)         :receive data completely, dataLen=68
[2026/01/30 20:02:10 377] [P0x00096cec] [T0x00096d1f] D/DataSender(line 867)           :parsed data as ack, s2ack_time=30ms, info:
streamId=audio-2
frameId=9
retCode=0

[2026/01/30 20:02:10 377] [P0x00096cec] [T0x00096d84] D/WSConnection(line 603)         :receive data completely, dataLen=69
[2026/01/30 20:02:10 377] [P0x00096cec] [T0x00096d1f] D/DataSender(line 867)           :parsed data as ack, s2ack_time=30ms, info:
streamId=audio-2
frameId=10
retCode=0

[2026/01/30 20:02:10 403] [P0x00096cec] [T0x00096d84] D/WSConnection(line 603)         :receive data completely, dataLen=69
[2026/01/30 20:02:10 403] [P0x00096cec] [T0x00096d84] D/WSConnection(line 603)         :receive data completely, dataLen=69
[2026/01/30 20:02:10 403] [P0x00096cec] [T0x00096d1f] D/DataSender(line 867)           :parsed data as ack, s2ack_time=56ms, info:
streamId=audio-2
frameId=11
retCode=0

[2026/01/30 20:02:10 403] [P0x00096cec] [T0x00096d1f] D/DataSender(line 867)           :parsed data as ack, s2ack_time=56ms, info:
streamId=audio-2
frameId=12
retCode=0

[2026/01/30 20:02:10 403] [P0x00096cec] [T0x00096d84] D/WSConnection(line 603)         :receive data completely, dataLen=69
[2026/01/30 20:02:10 403] [P0x00096cec] [T0x00096d1f] D/DataSender(line 867)           :parsed data as ack, s2ack_time=56ms, info:
streamId=audio-2
frameId=13
retCode=0

[2026/01/30 20:02:10 403] [P0x00096cec] [T0x00096d84] D/WSConnection(line 603)         :receive data completely, dataLen=69
[2026/01/30 20:02:10 403] [P0x00096cec] [T0x00096d1f] D/DataSender(line 867)           :parsed data as ack, s2ack_time=55ms, info:
streamId=audio-2
frameId=14
retCode=0

[2026/01/30 20:02:10 403] [P0x00096cec] [T0x00096d84] D/WSConnection(line 603)         :receive data completely, dataLen=69
[2026/01/30 20:02:10 403] [P0x00096cec] [T0x00096d84] D/WSConnection(line 603)         :receive data completely, dataLen=69
[2026/01/30 20:02:10 403] [P0x00096cec] [T0x00096d1f] D/DataSender(line 867)           :parsed data as ack, s2ack_time=55ms, info:
streamId=audio-2
frameId=15
retCode=0

[2026/01/30 20:02:10 403] [P0x00096cec] [T0x00096d1f] D/DataSender(line 867)           :parsed data as ack, s2ack_time=55ms, info:
streamId=audio-2
frameId=16
retCode=0

[2026/01/30 20:02:10 403] [P0x00096cec] [T0x00096d84] D/WSConnection(line 603)         :receive data completely, dataLen=69
[2026/01/30 20:02:10 403] [P0x00096cec] [T0x00096d84] D/WSConnection(line 603)         :receive data completely, dataLen=69
[2026/01/30 20:02:10 403] [P0x00096cec] [T0x00096d1f] D/DataSender(line 867)           :parsed data as ack, s2ack_time=55ms, info:
streamId=audio-2
frameId=17
retCode=0

[2026/01/30 20:02:10 403] [P0x00096cec] [T0x00096d1f] D/DataSender(line 867)           :parsed data as ack, s2ack_time=54ms, info:
streamId=audio-2
frameId=18
retCode=0

[2026/01/30 20:02:10 504] [P0x00096cec] [T0x00096d30] D/DataSender(line 705)           :send packet, ret=300, need_resend=0, send_cnt=1, sessionNo=1, info:
streamId=audio-2
frameId=19
sid=cid00015101@dx19c0ec81eee3010002
dataType=1
dataStatus=1
dataLen=214

[2026/01/30 20:02:10 505] [P0x00096cec] [T0x00096d30] D/DataSender(line 705)           :send packet, ret=300, need_resend=0, send_cnt=1, sessionNo=1, info:
streamId=audio-2
frameId=20
sid=cid00015101@dx19c0ec81eee3010002
dataType=1
dataStatus=1
dataLen=214

[2026/01/30 20:02:10 505] [P0x00096cec] [T0x00096d30] D/DataSender(line 705)           :send packet, ret=300, need_resend=0, send_cnt=1, sessionNo=1, info:
streamId=audio-2
frameId=21
sid=cid00015101@dx19c0ec81eee3010002
dataType=1
dataStatus=1
dataLen=214

[2026/01/30 20:02:10 529] [P0x00096cec] [T0x00096d84] D/WSConnection(line 603)         :receive data completely, dataLen=69
[2026/01/30 20:02:10 529] [P0x00096cec] [T0x00096d84] D/WSConnection(line 603)         :receive data completely, dataLen=69
[2026/01/30 20:02:10 529] [P0x00096cec] [T0x00096d1f] D/DataSender(line 867)           :parsed data as ack, s2ack_time=25ms, info:
streamId=audio-2
frameId=19
retCode=0

[2026/01/30 20:02:10 529] [P0x00096cec] [T0x00096d1f] D/DataSender(line 867)           :parsed data as ack, s2ack_time=24ms, info:
streamId=audio-2
frameId=20
retCode=0

[2026/01/30 20:02:10 529] [P0x00096cec] [T0x00096d84] D/WSConnection(line 603)         :receive data completely, dataLen=69
[2026/01/30 20:02:10 529] [P0x00096cec] [T0x00096d1f] D/DataSender(line 867)           :parsed data as ack, s2ack_time=24ms, info:
streamId=audio-2
frameId=21
retCode=0

[2026/01/30 20:02:10 685] [P0x00096cec] [T0x00096d30] D/DataSender(line 705)           :send packet, ret=300, need_resend=0, send_cnt=1, sessionNo=1, info:
streamId=audio-2
frameId=22
sid=cid00015101@dx19c0ec81eee3010002
dataType=1
dataStatus=1
dataLen=214

[2026/01/30 20:02:10 685] [P0x00096cec] [T0x00096d30] D/DataSender(line 705)           :send packet, ret=300, need_resend=0, send_cnt=1, sessionNo=1, info:
streamId=audio-2
frameId=23
sid=cid00015101@dx19c0ec81eee3010002
dataType=1
dataStatus=1
dataLen=214

[2026/01/30 20:02:10 685] [P0x00096cec] [T0x00096d30] D/DataSender(line 705)           :send packet, ret=300, need_resend=0, send_cnt=1, sessionNo=1, info:
streamId=audio-2
frameId=24
sid=cid00015101@dx19c0ec81eee3010002
dataType=1
dataStatus=1
dataLen=214

[2026/01/30 20:02:10 725] [P0x00096cec] [T0x00096d30] D/DataSender(line 705)           :send packet, ret=300, need_resend=0, send_cnt=1, sessionNo=1, info:
streamId=audio-2
frameId=25
sid=cid00015101@dx19c0ec81eee3010002
dataType=1
dataStatus=1
dataLen=214

[2026/01/30 20:02:10 725] [P0x00096cec] [T0x00096d30] D/DataSender(line 705)           :send packet, ret=300, need_resend=0, send_cnt=1, sessionNo=1, info:
streamId=audio-2
frameId=26
sid=cid00015101@dx19c0ec81eee3010002
dataType=1
dataStatus=1
dataLen=214

[2026/01/30 20:02:10 725] [P0x00096cec] [T0x00096d30] D/DataSender(line 705)           :send packet, ret=300, need_resend=0, send_cnt=1, sessionNo=1, info:
streamId=audio-2
frameId=27
sid=cid00015101@dx19c0ec81eee3010002
dataType=1
dataStatus=1
dataLen=214

[2026/01/30 20:02:10 726] [P0x00096cec] [T0x00096d84] D/WSConnection(line 603)         :receive data completely, dataLen=69
[2026/01/30 20:02:10 726] [P0x00096cec] [T0x00096d84] D/WSConnection(line 603)         :receive data completely, dataLen=69
[2026/01/30 20:02:10 726] [P0x00096cec] [T0x00096d1f] D/DataSender(line 867)           :parsed data as ack, s2ack_time=41ms, info:
streamId=audio-2
frameId=22
retCode=0

[2026/01/30 20:02:10 726] [P0x00096cec] [T0x00096d84] D/WSConnection(line 603)         :receive data completely, dataLen=69
[2026/01/30 20:02:10 726] [P0x00096cec] [T0x00096d1f] D/DataSender(line 867)           :parsed data as ack, s2ack_time=41ms, info:
streamId=audio-2
frameId=23
retCode=0

[2026/01/30 20:02:10 726] [P0x00096cec] [T0x00096d1f] D/DataSender(line 867)           :parsed data as ack, s2ack_time=41ms, info:
streamId=audio-2
frameId=24
retCode=0

[2026/01/30 20:02:10 757] [P0x00096cec] [T0x00096d84] D/WSConnection(line 603)         :receive data completely, dataLen=69
[2026/01/30 20:02:10 757] [P0x00096cec] [T0x00096d84] D/WSConnection(line 603)         :receive data completely, dataLen=69
[2026/01/30 20:02:10 757] [P0x00096cec] [T0x00096d1f] D/DataSender(line 867)           :parsed data as ack, s2ack_time=32ms, info:
streamId=audio-2
frameId=25
retCode=0

[2026/01/30 20:02:10 757] [P0x00096cec] [T0x00096d84] D/WSConnection(line 603)         :receive data completely, dataLen=69
[2026/01/30 20:02:10 757] [P0x00096cec] [T0x00096d1f] D/DataSender(line 867)           :parsed data as ack, s2ack_time=32ms, info:
streamId=audio-2
frameId=26
retCode=0

[2026/01/30 20:02:10 757] [P0x00096cec] [T0x00096d1f] D/DataSender(line 867)           :parsed data as ack, s2ack_time=32ms, info:
streamId=audio-2
frameId=27
retCode=0

[2026/01/30 20:02:10 905] [P0x00096cec] [T0x00096d30] D/DataSender(line 705)           :send packet, ret=300, need_resend=0, send_cnt=1, sessionNo=1, info:
streamId=audio-2
frameId=28
sid=cid00015101@dx19c0ec81eee3010002
dataType=1
dataStatus=1
dataLen=214

[2026/01/30 20:02:10 905] [P0x00096cec] [T0x00096d30] D/DataSender(line 705)           :send packet, ret=300, need_resend=0, send_cnt=1, sessionNo=1, info:
streamId=audio-2
frameId=29
sid=cid00015101@dx19c0ec81eee3010002
dataType=1
dataStatus=1
dataLen=214

[2026/01/30 20:02:10 905] [P0x00096cec] [T0x00096d30] D/DataSender(line 705)           :send packet, ret=300, need_resend=0, send_cnt=1, sessionNo=1, info:
streamId=audio-2
frameId=30
sid=cid00015101@dx19c0ec81eee3010002
dataType=1
dataStatus=1
dataLen=214

[2026/01/30 20:02:10 936] [P0x00096cec] [T0x00096d84] D/WSConnection(line 603)         :receive data completely, dataLen=69
[2026/01/30 20:02:10 936] [P0x00096cec] [T0x00096d84] D/WSConnection(line 603)         :receive data completely, dataLen=69
[2026/01/30 20:02:10 936] [P0x00096cec] [T0x00096d1f] D/DataSender(line 867)           :parsed data as ack, s2ack_time=31ms, info:
streamId=audio-2
frameId=28
retCode=0

[2026/01/30 20:02:10 936] [P0x00096cec] [T0x00096d84] D/WSConnection(line 603)         :receive data completely, dataLen=69
[2026/01/30 20:02:10 936] [P0x00096cec] [T0x00096d1f] D/DataSender(line 867)           :parsed data as ack, s2ack_time=31ms, info:
streamId=audio-2
frameId=29
retCode=0

[2026/01/30 20:02:10 936] [P0x00096cec] [T0x00096d1f] D/DataSender(line 867)           :parsed data as ack, s2ack_time=31ms, info:
streamId=audio-2
frameId=30
retCode=0

[2026/01/30 20:02:11 065] [P0x00096cec] [T0x00096d30] D/DataSender(line 705)           :send packet, ret=300, need_resend=0, send_cnt=1, sessionNo=1, info:
streamId=audio-2
frameId=31
sid=cid00015101@dx19c0ec81eee3010002
dataType=1
dataStatus=1
dataLen=214

[2026/01/30 20:02:11 065] [P0x00096cec] [T0x00096d30] D/DataSender(line 705)           :send packet, ret=300, need_resend=0, send_cnt=1, sessionNo=1, info:
streamId=audio-2
frameId=32
sid=cid00015101@dx19c0ec81eee3010002
dataType=1
dataStatus=1
dataLen=214

[2026/01/30 20:02:11 065] [P0x00096cec] [T0x00096d30] D/DataSender(line 705)           :send packet, ret=300, need_resend=0, send_cnt=1, sessionNo=1, info:
streamId=audio-2
frameId=33
sid=cid00015101@dx19c0ec81eee3010002
dataType=1
dataStatus=1
dataLen=214

[2026/01/30 20:02:11 066] [P0x00096cec] [T0x00096d30] D/DataSender(line 705)           :send packet, ret=300, need_resend=0, send_cnt=1, sessionNo=1, info:
streamId=audio-2
frameId=34
sid=cid00015101@dx19c0ec81eee3010002
dataType=1
dataStatus=1
dataLen=214

[2026/01/30 20:02:11 094] [P0x00096cec] [T0x00096d84] D/WSConnection(line 603)         :receive data completely, dataLen=69
[2026/01/30 20:02:11 095] [P0x00096cec] [T0x00096d1f] D/DataSender(line 867)           :parsed data as ack, s2ack_time=29ms, info:
streamId=audio-2
frameId=31
retCode=0

[2026/01/30 20:02:11 095] [P0x00096cec] [T0x00096d84] D/WSConnection(line 603)         :receive data completely, dataLen=69
[2026/01/30 20:02:11 095] [P0x00096cec] [T0x00096d84] D/WSConnection(line 603)         :receive data completely, dataLen=69
[2026/01/30 20:02:11 095] [P0x00096cec] [T0x00096d1f] D/DataSender(line 867)           :parsed data as ack, s2ack_time=30ms, info:
streamId=audio-2
frameId=32
retCode=0

[2026/01/30 20:02:11 095] [P0x00096cec] [T0x00096d84] D/WSConnection(line 603)         :receive data completely, dataLen=69
[2026/01/30 20:02:11 095] [P0x00096cec] [T0x00096d1f] D/DataSender(line 867)           :parsed data as ack, s2ack_time=30ms, info:
streamId=audio-2
frameId=33
retCode=0

[2026/01/30 20:02:11 095] [P0x00096cec] [T0x00096d1f] D/DataSender(line 867)           :parsed data as ack, s2ack_time=29ms, info:
streamId=audio-2
frameId=34
retCode=0

[2026/01/30 20:02:11 105] [P0x00096cec] [T0x00096d30] D/DataSender(line 705)           :send packet, ret=300, need_resend=0, send_cnt=1, sessionNo=1, info:
streamId=audio-2
frameId=35
sid=cid00015101@dx19c0ec81eee3010002
dataType=1
dataStatus=1
dataLen=214

[2026/01/30 20:02:11 105] [P0x00096cec] [T0x00096d30] D/DataSender(line 705)           :send packet, ret=300, need_resend=0, send_cnt=1, sessionNo=1, info:
streamId=audio-2
frameId=36
sid=cid00015101@dx19c0ec81eee3010002
dataType=1
dataStatus=1
dataLen=214

[2026/01/30 20:02:11 105] [P0x00096cec] [T0x00096d30] D/DataSender(line 705)           :send packet, ret=300, need_resend=0, send_cnt=1, sessionNo=1, info:
streamId=audio-2
frameId=37
sid=cid00015101@dx19c0ec81eee3010002
dataType=1
dataStatus=1
dataLen=214

[2026/01/30 20:02:11 132] [P0x00096cec] [T0x00096d84] D/WSConnection(line 603)         :receive data completely, dataLen=69
[2026/01/30 20:02:11 132] [P0x00096cec] [T0x00096d84] D/WSConnection(line 603)         :receive data completely, dataLen=69
[2026/01/30 20:02:11 132] [P0x00096cec] [T0x00096d1f] D/DataSender(line 867)           :parsed data as ack, s2ack_time=27ms, info:
streamId=audio-2
frameId=35
retCode=0

[2026/01/30 20:02:11 132] [P0x00096cec] [T0x00096d1f] D/DataSender(line 867)           :parsed data as ack, s2ack_time=27ms, info:
streamId=audio-2
frameId=36
retCode=0

[2026/01/30 20:02:11 132] [P0x00096cec] [T0x00096d84] D/WSConnection(line 603)         :receive data completely, dataLen=69
[2026/01/30 20:02:11 132] [P0x00096cec] [T0x00096d1f] D/DataSender(line 867)           :parsed data as ack, s2ack_time=27ms, info:
streamId=audio-2
frameId=37
retCode=0

[2026/01/30 20:02:11 266] [P0x00096cec] [T0x00096d30] D/DataSender(line 705)           :send packet, ret=300, need_resend=0, send_cnt=1, sessionNo=1, info:
streamId=audio-2
frameId=38
sid=cid00015101@dx19c0ec81eee3010002
dataType=1
dataStatus=1
dataLen=214

[2026/01/30 20:02:11 266] [P0x00096cec] [T0x00096d30] D/DataSender(line 705)           :send packet, ret=300, need_resend=0, send_cnt=1, sessionNo=1, info:
streamId=audio-2
frameId=39
sid=cid00015101@dx19c0ec81eee3010002
dataType=1
dataStatus=1
dataLen=214

[2026/01/30 20:02:11 267] [P0x00096cec] [T0x00096d30] D/DataSender(line 705)           :send packet, ret=300, need_resend=0, send_cnt=1, sessionNo=1, info:
streamId=audio-2
frameId=40
sid=cid00015101@dx19c0ec81eee3010002
dataType=1
dataStatus=1
dataLen=214

[2026/01/30 20:02:11 292] [P0x00096cec] [T0x00096d84] D/WSConnection(line 603)         :receive data completely, dataLen=69
[2026/01/30 20:02:11 292] [P0x00096cec] [T0x00096d84] D/WSConnection(line 603)         :receive data completely, dataLen=69
[2026/01/30 20:02:11 292] [P0x00096cec] [T0x00096d1f] D/DataSender(line 867)           :parsed data as ack, s2ack_time=26ms, info:
streamId=audio-2
frameId=38
retCode=0

[2026/01/30 20:02:11 292] [P0x00096cec] [T0x00096d1f] D/DataSender(line 867)           :parsed data as ack, s2ack_time=26ms, info:
streamId=audio-2
frameId=39
retCode=0

[2026/01/30 20:02:11 292] [P0x00096cec] [T0x00096d84] D/WSConnection(line 603)         :receive data completely, dataLen=69
[2026/01/30 20:02:11 292] [P0x00096cec] [T0x00096d1f] D/DataSender(line 867)           :parsed data as ack, s2ack_time=25ms, info:
streamId=audio-2
frameId=40
retCode=0

[2026/01/30 20:02:11 447] [P0x00096cec] [T0x00096d30] D/DataSender(line 705)           :send packet, ret=300, need_resend=0, send_cnt=1, sessionNo=1, info:
streamId=audio-2
frameId=41
sid=cid00015101@dx19c0ec81eee3010002
dataType=1
dataStatus=1
dataLen=214

[2026/01/30 20:02:11 447] [P0x00096cec] [T0x00096d30] D/DataSender(line 705)           :send packet, ret=300, need_resend=0, send_cnt=1, sessionNo=1, info:
streamId=audio-2
frameId=42
sid=cid00015101@dx19c0ec81eee3010002
dataType=1
dataStatus=1
dataLen=214

[2026/01/30 20:02:11 447] [P0x00096cec] [T0x00096d30] D/DataSender(line 705)           :send packet, ret=300, need_resend=0, send_cnt=1, sessionNo=1, info:
streamId=audio-2
frameId=43
sid=cid00015101@dx19c0ec81eee3010002
dataType=1
dataStatus=1
dataLen=214

[2026/01/30 20:02:11 485] [P0x00096cec] [T0x00096d84] D/WSConnection(line 603)         :receive data completely, dataLen=69
[2026/01/30 20:02:11 485] [P0x00096cec] [T0x00096d84] D/WSConnection(line 603)         :receive data completely, dataLen=69
[2026/01/30 20:02:11 485] [P0x00096cec] [T0x00096d1f] D/DataSender(line 867)           :parsed data as ack, s2ack_time=38ms, info:
streamId=audio-2
frameId=41
retCode=0

[2026/01/30 20:02:11 485] [P0x00096cec] [T0x00096d84] D/WSConnection(line 603)         :receive data completely, dataLen=69
[2026/01/30 20:02:11 485] [P0x00096cec] [T0x00096d1f] D/DataSender(line 867)           :parsed data as ack, s2ack_time=38ms, info:
streamId=audio-2
frameId=42
retCode=0

[2026/01/30 20:02:11 485] [P0x00096cec] [T0x00096d1f] D/DataSender(line 867)           :parsed data as ack, s2ack_time=38ms, info:
streamId=audio-2
frameId=43
retCode=0

[2026/01/30 20:02:11 486] [P0x00096cec] [T0x00096d32] I/VadUnit(line 714)              :vad_eos found, confidence=0.752768.
[2026/01/30 20:02:11 487] [P0x00096cec] [T0x00096d30] D/DataSender(line 705)           :send packet, ret=300, need_resend=0, send_cnt=1, sessionNo=1, info:
streamId=audio-2
frameId=44
sid=cid00015101@dx19c0ec81eee3010002
dataType=1
dataStatus=1
dataLen=214

[2026/01/30 20:02:11 487] [P0x00096cec] [T0x00096d33] D/DataSender(line 524)           :set result timeout 5000ms for stream audio-2, taskId=1087.
[2026/01/30 20:02:11 487] [P0x00096cec] [T0x00096d30] D/DataSender(line 705)           :send packet, ret=300, need_resend=0, send_cnt=1, sessionNo=1, info:
streamId=audio-2
frameId=45
sid=cid00015101@dx19c0ec81eee3010002
dataType=1
dataStatus=2
dataLen=214

[2026/01/30 20:02:11 511] [P0x00096cec] [T0x00096d84] D/WSConnection(line 603)         :receive data completely, dataLen=69
[2026/01/30 20:02:11 511] [P0x00096cec] [T0x00096d1f] D/DataSender(line 867)           :parsed data as ack, s2ack_time=24ms, info:
streamId=audio-2
frameId=44
retCode=0

[2026/01/30 20:02:11 511] [P0x00096cec] [T0x00096d84] D/WSConnection(line 603)         :receive data completely, dataLen=69
[2026/01/30 20:02:11 511] [P0x00096cec] [T0x00096d1f] D/DataSender(line 867)           :parsed data as ack, s2ack_time=24ms, info:
streamId=audio-2
frameId=45
retCode=0

[2026/01/30 20:02:11 534] [P0x00096cec] [T0x00096d84] D/WSConnection(line 603)         :receive data completely, dataLen=330
[2026/01/30 20:02:11 534] [P0x00096cec] [T0x00096d84] D/DataSender(line 1466)          :parsed data as result, stmid=audio-2, sid=cid00015101@dx19c0ec81eee3010002, retCode=0, params:
{"data":[{"content":[{"cnt_id":"0","dte":"utf8","dtf":"json"}],"params":{"accent":"mandarin","cmd":"[{\"service\":\"iat\",\"next\":\"end\"}]","frstid":"1","language":"zh-cn","lrst":"1","rss":"2","rstid":1,"sub":"iat"}}]}

[2026/01/30 20:02:11 534] [P0x00096cec] [T0x00096d2f] D/ResultScheduler(line 313)      :sub=iat, result={"text":{"bg":0,"ed":0,"ls":true,"sn":1,"ws":[{"bg":0,"cw":[{"sc":0,"w":""}]}]}}
[2026/01/30 20:02:11 534] [P0x00096cec] [T0x00096d2f] D/ResultScheduler(line 456)      :stat size=2
[2026/01/30 20:02:11 534] [P0x00096cec] [T0x00096d2f] D/ResultScheduler(line 457)      :rstMap size=0
[2026/01/30 20:02:11 534] [P0x00096cec] [T0x00096d2f] D/ResultScheduler(line 458)      :sid=cid00015101@dx19c0ec81eee3010002
[2026/01/30 20:02:11 534] [P0x00096cec] [T0x00096d2f] D/ResultScheduler(line 459)      :streamId=audio-2
[2026/01/30 20:02:11 534] [P0x00096cec] [T0x00096d2f] D/ResultScheduler(line 460)      :bizParam={"data":[{"content":[{"cnt_id":"0","dte":"utf8","dtf":"json"}],"params":{"accent":"mandarin","cmd":"[{\"service\":\"iat\",\"next\":\"end\"}]","frstid":"1","language":"zh-cn","lrst":"1","rss":"2","rstid":1,"sub":"iat"}}]}
[2026/01/30 20:02:11 534] [P0x00096cec] [T0x00096d1f] D/DataSender(line 1047)          :stream audio-2 received result, reset the continued timeout count.
[2026/01/30 20:02:14 536] [P0x00096cec] [T0x00096d84] D/WSConnection(line 566)         :receive timeout, try again
[2026/01/30 20:02:16 567] [P0x00096cec] [T0x00096d32] I/VadUnit(line 688)              :vad_bos timeout.
[2026/01/30 20:02:21 450] [P0x00096cec] [T0x00096d32] I/VadUnit(line 688)              :vad_bos timeout.
[2026/01/30 20:02:26 553] [P0x00096cec] [T0x00096d32] I/VadUnit(line 688)              :vad_bos timeout.
[2026/01/30 20:02:31 436] [P0x00096cec] [T0x00096d32] I/VadUnit(line 688)              :vad_bos timeout.
[2026/01/30 20:02:36 538] [P0x00096cec] [T0x00096d32] I/VadUnit(line 688)              :vad_bos timeout.
[2026/01/30 20:02:36 626] [P0x00096cf0] [T0x00096cf0] I/IatUnit(line 107)              :IatUnit stopped.
[2026/01/30 20:02:36 626] [P0x00096cf0] [T0x00096cf0] D/SpeechModule(line 196)         :SpeechModule stopped.
[2026/01/30 20:02:36 626] [P0x00096cf0] [T0x00096cf0] I/AIUISession(line 157)          :session end.
[2026/01/30 20:02:36 626] [P0x00096cf0] [T0x00096cf0] D/WSConnection(line 159)         :closing connection.
[2026/01/30 20:02:36 626] [P0x00096cf0] [T0x00096cf0] I/DataSender(line 196)           :stopped success.
[2026/01/30 20:02:36 626] [P0x00096cf0] [T0x00096cf0] D/PushConnection(line 161)       :closing connection.
[2026/01/30 20:02:36 626] [P0x00096cf0] [T0x00096cf0] I/DataReceiver(line 135)         :stopped success.
[2026/01/30 20:02:36 626] [P0x00096cf0] [T0x00096cf0] D/StreamStats(line 154)          :clearStats
[2026/01/30 20:02:36 626] [P0x00096cf0] [T0x00096cf0] I/AIUISession(line 218)          :session has ended, sessionNo=1, spent 0ms.
[2026/01/30 20:02:36 666] [P0x00096cf0] [T0x00096cf0] I/AIUIScheduler(line 508)        :AIUIScheduler stopped
[2026/01/30 20:02:36 666] [P0x00096cf0] [T0x00096cf0] D/SpeechModule(line 212)         :vad unit stop
[2026/01/30 20:02:36 666] [P0x00096cf0] [T0x00096cf0] I/IatUnit(line 107)              :IatUnit stopped.
[2026/01/30 20:02:36 666] [P0x00096cf0] [T0x00096cf0] D/SpeechModule(line 218)         :iat unit stop
[2026/01/30 20:02:36 666] [P0x00096cf0] [T0x00096cf0] D/SpeechModule(line 223)         :asr unit stop
[2026/01/30 20:02:36 666] [P0x00096cf0] [T0x00096cf0] D/SpeechModule(line 228)         :wakeup unit stop
[2026/01/30 20:02:36 666] [P0x00096cf0] [T0x00096cf0] D/SpeechModule(line 250)         :captor unit stop
[2026/01/30 20:02:36 666] [P0x00096cf0] [T0x00096cf0] D/SpeechModule(line 260)         :tts unit stop
[2026/01/30 20:02:36 666] [P0x00096cf0] [T0x00096cf0] D/AIUIScheduler(line 545)        :speech module stopped
[2026/01/30 20:02:36 666] [P0x00096cf0] [T0x00096cf0] I/AIUIScheduler(line 558)        :AIUIScheduler destroyed
[2026/01/30 20:02:44 566] [P0x00096cec] [T0x00096d84] D/WSConnection(line 539)         :connection free reaches 30s, client auto disconnected.
[2026/01/30 20:02:44 566] [P0x00096cec] [T0x00096d84] D/WSConnection(line 385)         :destroyWebSocket.
[2026/01/30 20:02:44 566] [P0x00096cec] [T0x00096d84] W/DataSender(line 1425)          :up disconnected.
[2026/01/30 20:02:44 566] [P0x00096cec] [T0x00096d84] D/WSConnection(line 598)         :receive stopped, tid=617860, sessionNo=1.
================================================================
Time 2026/01/30 20:05:28 913
================================================================
[2026/01/30 20:05:28 913] [P0x000970d0] [T0x000970d0] I/AIUISession(line 65)           :session begin, aiui_ver=1, sessionNo=1.
[2026/01/30 20:05:28 914] [P0x000970d0] [T0x000970d0] D/NameServer(line 263)           :resolveHost begin, ignoreCache=0.
================================================================
Time 2026/01/30 20:05:28 914
================================================================
[2026/01/30 20:05:28 915] [P0x000970d0] [T0x00097103] D/NameServer(line 151)           :dns resolve hdns.openspeech.cn as [198.18.0.18], spent 1ms.
[2026/01/30 20:05:28 915] [P0x000970d0] [T0x00097103] D/NameServer(line 181)           :ipv6_support=1, is_ipv6_prior=0, ip_env=V4, use ip 198.18.0.18.
[2026/01/30 20:05:28 916] [P0x000970d0] [T0x00097103] D/NameServer(line 207)           :getNameServerResult, GET request:
GET /sip/resolver?srand=0130200551.38 HTTP/1.1
Connection: Close
Accept-Encoding: gzip
Host: hdns.openspeech.cn
X-Par: ver=1.3&appid=ad184cbf&operator=&nettype=&cver=6.6.0001.0041&svc=aiui&host=aiui-ipv6.openspeech.cn&sign=55c59d6cb612941e7ffff39e04398dcd


[2026/01/30 20:05:28 920] [P0x000970d4] [T0x000970d4] I/AIUISession(line 65)           :session begin, aiui_ver=1, sessionNo=1.
[2026/01/30 20:05:28 920] [P0x000970d4] [T0x000970d4] D/NameServer(line 263)           :resolveHost begin, ignoreCache=0.
[2026/01/30 20:05:28 921] [P0x000970d4] [T0x0009710b] D/NameServer(line 151)           :dns resolve hdns.openspeech.cn as [198.18.0.18], spent 0ms.
[2026/01/30 20:05:28 921] [P0x000970d4] [T0x0009710b] D/NameServer(line 181)           :ipv6_support=1, is_ipv6_prior=0, ip_env=V4, use ip 198.18.0.18.
[2026/01/30 20:05:28 921] [P0x000970d4] [T0x0009710b] D/NameServer(line 207)           :getNameServerResult, GET request:
GET /sip/resolver?srand=0130200551.38 HTTP/1.1
Connection: Close
Accept-Encoding: gzip
Host: hdns.openspeech.cn
X-Par: ver=1.3&appid=ad184cbf&operator=&nettype=&cver=6.6.0001.0041&svc=aiui&host=aiui-ipv6.openspeech.cn&sign=55c59d6cb612941e7ffff39e04398dcd


[2026/01/30 20:05:29 011] [P0x000970d4] [T0x0009710b] D/NameServer(line 224)           :getNameServerResult, spent 90ms, response:
{"dns":[{"host":"aiui-ipv6.openspeech.cn","sip":[{"svc":"aiui","ips":[{"ip":"42.62.116.27","port":80,"idc":"dx"},{"ip":"42.62.116.26","port":80,"idc":"dx"}],"ttl":6000,"compel":0}]}],"default":[{"host":"aiui-ipv6.openspeech.cn","sip":[{"svc":"aiui","ips":[{"ip":"42.62.116.26","port":80,"idc":"dx"}],"ttl":6000,"compel":0}]}]}

[2026/01/30 20:05:29 012] [P0x000970d4] [T0x0009710b] D/NameServer(line 512)           :dns nameserver resolve aiui-ipv6.openspeech.cn as [42.62.116.27, 42.62.116.26], spent 91ms, ttl=6000.
[2026/01/30 20:05:29 012] [P0x000970d4] [T0x0009710b] D/NameServer(line 534)           :dns nameserver set current address 42.62.116.27:80.
[2026/01/30 20:05:29 012] [P0x000970d4] [T0x0009710b] D/NameServer(line 537)           :dns nameserver update.
[2026/01/30 20:05:29 012] [P0x000970d4] [T0x0009710b] D/NameServer(line 439)           :startTask, ttl=6000.
[2026/01/30 20:05:29 012] [P0x000970d4] [T0x000970d4] D/NameServer(line 301)           :dns resolve aiui-ipv6.openspeech.cn as [198.18.0.19], spent 1ms.
[2026/01/30 20:05:29 012] [P0x000970d4] [T0x000970d4] I/DataSender(line 72)            :start sender.
[2026/01/30 20:05:29 012] [P0x000970d4] [T0x000970d4] I/DataSender(line 135)           :started success.
[2026/01/30 20:05:29 012] [P0x000970d4] [T0x000970d4] I/DataReceiver(line 46)          :start receiver.
[2026/01/30 20:05:29 012] [P0x000970d4] [T0x000970d4] I/DataReceiver(line 94)          :started success.
[2026/01/30 20:05:29 012] [P0x000970d4] [T0x000970d4] I/AIUISession(line 150)          :session has begun, spent 92ms.
[2026/01/30 20:05:29 013] [P0x000970d4] [T0x000970d4] D/ConverterFactory(line 21)      :converter name default
[2026/01/30 20:05:29 013] [P0x000970d4] [T0x000970d4] I/Converter(line 53)             :need_channels_ 2
[2026/01/30 20:05:29 013] [P0x000970d4] [T0x000970d4] D/SpeechModule(line 88)          :data source sdk
[2026/01/30 20:05:29 013] [P0x000970d4] [T0x000970d4] D/SpeechModule(line 122)         :SpeechModule started.
[2026/01/30 20:05:29 013] [P0x000970d4] [T0x000970d4] I/AIUIScheduler(line 466)        :AIUIScheduler started
[2026/01/30 20:05:29 013] [P0x000970d4] [T0x000970d4] D/AIUIAgent(line 139)            :AIUI version=6.6.0001.0041 params={"cbmparams":{"nlp":{"nlp":{"compress":"raw","encoding":"utf8","format":"json"},"sub_scene":"cbm_v45"}},"global":{"aiui_ver":"1","clean_dialog_history":"auto","scene":"main_box"},"iat":{"sample_rate":"16000"},"interact":{"interact_timeout":"-1","result_timeout":"5000"},"ivw":{"mic_type":"mic1","res_path":"AIUI/assets/vtn/vtn.ini"},"log":{"datalog_path":"","datalog_size":1024,"debug_log":"0","raw_audio_path":"","save_datalog":"0"},"login":{"api_secret":"ZDFkY2JkNjIyZDU3NzZjNjhmYmMzZTA5","appid":"ad184cbf","key":"301e469bbd67f75138209b58436a9e1a"},"recorder":{"channel_count":1,"channel_filter":"0,-1","sample_size":2},"speech":{"audio_captor":"system","data_source":"sdk","intent_engine_type":"cloud","interact_mode":"continuous","wakeup_mode":"off"},"tts":{"engine_type":"cloud","voice_name":"x4_lingxiaoying_em_v2"},"vad":{"engine_type":"meta"}}
[2026/01/30 20:05:29 015] [P0x000970d0] [T0x00097103] D/NameServer(line 224)           :getNameServerResult, spent 99ms, response:
{"dns":[{"host":"aiui-ipv6.openspeech.cn","sip":[{"svc":"aiui","ips":[{"ip":"42.62.116.27","port":80,"idc":"dx"},{"ip":"42.62.116.26","port":80,"idc":"dx"}],"ttl":6000,"compel":0}]}],"default":[{"host":"aiui-ipv6.openspeech.cn","sip":[{"svc":"aiui","ips":[{"ip":"42.62.116.26","port":80,"idc":"dx"}],"ttl":6000,"compel":0}]}]}

[2026/01/30 20:05:29 015] [P0x000970d0] [T0x00097103] D/NameServer(line 512)           :dns nameserver resolve aiui-ipv6.openspeech.cn as [42.62.116.27, 42.62.116.26], spent 101ms, ttl=6000.
[2026/01/30 20:05:29 015] [P0x000970d0] [T0x00097103] D/NameServer(line 534)           :dns nameserver set current address 42.62.116.27:80.
[2026/01/30 20:05:29 015] [P0x000970d0] [T0x00097103] D/NameServer(line 537)           :dns nameserver update.
[2026/01/30 20:05:29 015] [P0x000970d0] [T0x00097103] D/NameServer(line 439)           :startTask, ttl=6000.
[2026/01/30 20:05:29 015] [P0x000970d0] [T0x000970d0] D/NameServer(line 301)           :dns resolve aiui-ipv6.openspeech.cn as [198.18.0.19], spent 0ms.
[2026/01/30 20:05:29 016] [P0x000970d0] [T0x000970d0] I/DataSender(line 72)            :start sender.
[2026/01/30 20:05:29 016] [P0x000970d0] [T0x000970d0] I/DataSender(line 135)           :started success.
[2026/01/30 20:05:29 016] [P0x000970d0] [T0x000970d0] I/DataReceiver(line 46)          :start receiver.
[2026/01/30 20:05:29 016] [P0x000970d0] [T0x000970d0] I/DataReceiver(line 94)          :started success.
[2026/01/30 20:05:29 016] [P0x000970d0] [T0x000970d0] I/AIUISession(line 150)          :session has begun, spent 102ms.
[2026/01/30 20:05:29 016] [P0x000970d0] [T0x00097115] D/PushConnection(line 222)       :getChidHttps, host=aiui-ipv6.openspeech.cn, hostIP=42.62.116.27.
[2026/01/30 20:05:29 016] [P0x000970d0] [T0x00097115] D/PushConnection(line 251)       :getChid, POST request:
POST /v1.1/server/register HTTP/1.1
Host: aiui-ipv6.openspeech.cn
Content-Type: text/json
Connection: Close
Content-Length: 422

{"appid":"ad184cbf","cmd":1,"encrypt_key":"","lgi_params":{"app.name":"voice_recogniti","app.path":"/lib/","auth_id":"","cver":"6.6.0001.0041","dev_lang":"cpp","imei":"","key":"301e469bbd67f75138209b58436a9e1a","mac":"bc:fc:e7:cc:1d:1a","openudid":"","os_sys":"Linux","prot_type":"pb","pwd":"","sn":"bc:fc:e7:cc:1d:1a","unique_id":"2efc5aa377304ae37a110d94c86ee84c3","usr":"","ver_type":"desktop_pc"},"uid":"d19271650701"}

[2026/01/30 20:05:29 016] [P0x000970d0] [T0x000970d0] D/ConverterFactory(line 21)      :converter name default
[2026/01/30 20:05:29 016] [P0x000970d0] [T0x000970d0] I/Converter(line 53)             :need_channels_ 2
[2026/01/30 20:05:29 016] [P0x000970d0] [T0x000970d0] D/SpeechModule(line 88)          :data source sdk
[2026/01/30 20:05:29 016] [P0x000970d0] [T0x000970d0] D/SpeechModule(line 122)         :SpeechModule started.
[2026/01/30 20:05:29 016] [P0x000970d0] [T0x000970d0] I/AIUIScheduler(line 466)        :AIUIScheduler started
[2026/01/30 20:05:29 016] [P0x000970d0] [T0x000970d0] D/AIUIAgent(line 139)            :AIUI version=6.6.0001.0041 params={
    /* 交互参数 */
    "interact": {
        "interact_timeout": "-1",
        "result_timeout": "5000"
    },

    /* 全局设置 */
    "global": {
        "scene": "main_box"
    },

    "login": {
        "appid": "ad184cbf",
        "key":"301e469bbd67f75138209b58436a9e1a",
        "api_secret": "ZDFkY2JkNjIyZDU3NzZjNjhmYmMzZTA5"
    },

    /* 全局设置 */
    // 若要将新版本SDK（6.6.xxxx.xxxx以上）当作老版本（5.6.xxxx.xxxx）使用，请把aiui_ver的值改为1
    // "scene" 场景，示例："main"，"main_box"（带box的为测试环境）。在平台的应用配置页面添加和配置
    // "aiui_ver" AIUI版本，取值："1"（通用语义），"2"（交互大模型），"3"（极速交互，默认）
    // "clean_dialog_history" 清除对话历史方式，取值："auto"（SDK自动控制，默认，按speech中的interact_mode处理：oneshot模式下首次唤醒清历史，continuous模式下每次唤醒都会清历史），"user"（外部控制）
    "global": {
        "scene": "main_box",
        "aiui_ver": "1",
        "clean_dialog_history": "auto"
    },

    /* 业务相关参数 */
    /* 本地vad参数 */
    "vad": {
        "engine_type": "meta"
    },

    /* 识别（音频输入）参数 */
    "iat": {
        "sample_rate": "16000"
    },

    /* 唤醒参数 */
    "ivw": {
        "mic_type": "mic1",
        "res_path": "AIUI/assets/vtn/vtn.ini"
    },

    /* 合成参数 */
    "tts": {
        "engine_type": "cloud",
         "voice_name": "x4_lingxiaoying_em_v2"
    },

    /* 业务流程相关参数 */
    /* 语音业务流程 */
    "speech": {
        "data_source": "sdk",
        "wakeup_mode": "off",
        "interact_mode": "continuous",
        "intent_engine_type": "cloud",
        "audio_captor": "system"
    },


    /* 音频转换参数 */
    "recorder": {
        "sample_size": 2,
        "channel_count": 1,
        "channel_filter": "0,-1"
    },

    // 传给大模型的参数
    "cbmparams": {
        "nlp": {
            "nlp": {
                "encoding": "utf8",
                "compress": "raw",
                "format": "json"
            },
            "sub_scene": "cbm_v45"
        }
    },
    /* 日志设置 */
    "log": {
        "debug_log": "0",
        "save_datalog": "0",
        "datalog_path": "",
        "datalog_size": 1024,
        "raw_audio_path": ""
    }
}

[2026/01/30 20:05:29 016] [P0x000970d0] [T0x000970fd] D/AIUIScheduler(line 794)        :CMD_WAKEUP, beam=0
[2026/01/30 20:05:29 016] [P0x000970d0] [T0x000970fd] D/AIUIScheduler(line 1035)       :wakeup, isOutter=1
[2026/01/30 20:05:29 016] [P0x000970d0] [T0x000970fd] D/EventUploader(line 177)        :jsonParams={"appid":"ad184cbf","context":{"sdk_support":["tts","iat","nlp"]},"dev_lang":"cpp","dts":"3","dtype":"null","event_only":"1","os_sys":"Linux","prot_type":"pb","scene":"main_box","sdk_ver":"6.6.0001.0041","status":{"event":{"name":"cmd","operation":{"name":"clean_history"},"source":"user"},"state":{"last_state":"ready","name":"working"}},"stmid":"event-1","ver_type":"desktop_pc"}.
[2026/01/30 20:05:29 016] [P0x000970d0] [T0x000970fd] I/AIUIScheduler(line 1148)       :clearSessionData
[2026/01/30 20:05:29 016] [P0x000970d0] [T0x000970fd] D/StreamStats(line 154)          :clearStats
[2026/01/30 20:05:29 016] [P0x000970d0] [T0x000970fd] D/AIUISession(line 310)          :clear session data.
[2026/01/30 20:05:29 016] [P0x000970d0] [T0x00097114] W/DataSender(line 595)           :not logined, reset connection.
[2026/01/30 20:05:29 016] [P0x000970d0] [T0x000970fd] I/VadUnit(line 322)              :VadUnit not started, won't reset, re_wakeup=1.
[2026/01/30 20:05:29 016] [P0x000970d0] [T0x00097113] D/AIUISession(line 555)          :push is connecting, invalid operation.
[2026/01/30 20:05:29 016] [P0x000970d0] [T0x000970ff] I/IatUnit(line 83)               :IatUnit started. left size 0
[2026/01/30 20:05:29 017] [P0x000970d0] [T0x000970ff] I/VadUnit(line 269)              :VadUnit started.
[2026/01/30 20:05:29 153] [P0x000970d0] [T0x00097115] D/PushConnection(line 272)       :getChid, spent 138ms, response:
HTTP/1.1 200 OK
Server: openresty
Date: Fri, 30 Jan 2026 12:05:29 GMT
Content-Type: application/json; charset=utf-8
Content-Length: 129
Connection: close

{"ret":0,"uid":"d19271650701","chid":"cid0001bee1@dx19c0ecb47b3a730532","sid":"cau0001bee0@dx19c0ecb47b1a730532","err":"success"}

[2026/01/30 20:05:29 153] [P0x000970d0] [T0x00097115] D/PushConnection(line 316)       :getChid, success, chid=cid0001bee1@dx19c0ecb47b3a730532.
[2026/01/30 20:05:29 153] [P0x000970d0] [T0x00097115] D/DataReceiver(line 307)         :push connected.
[2026/01/30 20:05:29 154] [P0x000970d0] [T0x00097113] I/AIUISession(line 429)          :connected to server.
[2026/01/30 20:05:29 154] [P0x000970d0] [T0x00097113] D/ServerConnection(line 894)     :connect to server success
[2026/01/30 20:05:29 154] [P0x000970d0] [T0x00097113] D/DataSender(line 897)           :clear ack error.
[2026/01/30 20:05:34 256] [P0x000970d0] [T0x00097116] I/VadUnit(line 688)              :vad_bos timeout.
[2026/01/30 20:05:38 375] [P0x000970d0] [T0x00097116] I/VadUnit(line 653)              :write audio before bos, length=19200.
[2026/01/30 20:05:38 375] [P0x000970d0] [T0x00097116] I/VadUnit(line 665)              :vad_bos found, stmid=audio-1.
[2026/01/30 20:05:38 376] [P0x000970d0] [T0x00097114] W/DataSender(line 608)           :up is non-connected, try to connect right now.
[2026/01/30 20:05:38 376] [P0x000970d0] [T0x00097102] D/DataSender(line 1664)          :try to reconnect up.
[2026/01/30 20:05:38 376] [P0x000970d0] [T0x00097196] D/WSConnection(line 410)         :start connecting, tid=618902, sessionNo=1.
[2026/01/30 20:05:38 376] [P0x000970d0] [T0x00097196] D/WSConnection(line 299)         :createWebSocket, host=aiui-ipv6.openspeech.cn, ip=42.62.116.27.
[2026/01/30 20:05:38 376] [P0x000970d0] [T0x00097114] W/DataSender(line 602)           :up is connecting, won't send packet.
[2026/01/30 20:05:38 376] [P0x000970d0] [T0x00097196] D/WSConnection(line 326)         :connecting wss://aiui-ipv6.openspeech.cn/aiui/v2.1/upload.do, tid=618902, sessionNo=1.
[2026/01/30 20:05:38 376] [P0x000970d0] [T0x00097196] D/WSConnection(line 333)         :websocket, GET request:
GET /aiui/v2.1/upload.do HTTP/1.1
Origin: https://aiui-ipv6.openspeech.cn
Host: aiui-ipv6.openspeech.cn



[2026/01/30 20:05:38 376] [P0x000970d0] [T0x00097114] W/DataSender(line 602)           :up is connecting, won't send packet.
[2026/01/30 20:05:38 377] [P0x000970d0] [T0x00097114] W/DataSender(line 602)           :up is connecting, won't send packet.
[2026/01/30 20:05:38 377] [P0x000970d0] [T0x00097114] W/DataSender(line 602)           :up is connecting, won't send packet.
[2026/01/30 20:05:38 377] [P0x000970d0] [T0x00097114] W/DataSender(line 602)           :up is connecting, won't send packet.
[2026/01/30 20:05:38 377] [P0x000970d0] [T0x00097114] W/DataSender(line 602)           :up is connecting, won't send packet.
[2026/01/30 20:05:38 377] [P0x000970d0] [T0x00097114] W/DataSender(line 602)           :up is connecting, won't send packet.
[2026/01/30 20:05:38 378] [P0x000970d0] [T0x00097114] W/DataSender(line 602)           :up is connecting, won't send packet.
[2026/01/30 20:05:38 378] [P0x000970d0] [T0x00097114] W/DataSender(line 602)           :up is connecting, won't send packet.
[2026/01/30 20:05:38 378] [P0x000970d0] [T0x00097114] W/DataSender(line 602)           :up is connecting, won't send packet.
[2026/01/30 20:05:38 378] [P0x000970d0] [T0x00097114] W/DataSender(line 602)           :up is connecting, won't send packet.
[2026/01/30 20:05:38 378] [P0x000970d0] [T0x00097114] W/DataSender(line 602)           :up is connecting, won't send packet.
[2026/01/30 20:05:38 379] [P0x000970d0] [T0x00097114] W/DataSender(line 602)           :up is connecting, won't send packet.
[2026/01/30 20:05:38 379] [P0x000970d0] [T0x00097114] W/DataSender(line 602)           :up is connecting, won't send packet.
[2026/01/30 20:05:38 379] [P0x000970d0] [T0x00097114] W/DataSender(line 602)           :up is connecting, won't send packet.
[2026/01/30 20:05:38 379] [P0x000970d0] [T0x00097114] W/DataSender(line 602)           :up is connecting, won't send packet.
[2026/01/30 20:05:38 379] [P0x000970d0] [T0x00097114] W/DataSender(line 602)           :up is connecting, won't send packet.
[2026/01/30 20:05:38 555] [P0x000970d0] [T0x00097114] W/DataSender(line 602)           :up is connecting, won't send packet.
[2026/01/30 20:05:38 555] [P0x000970d0] [T0x00097114] W/DataSender(line 602)           :up is connecting, won't send packet.
[2026/01/30 20:05:38 556] [P0x000970d0] [T0x00097114] W/DataSender(line 602)           :up is connecting, won't send packet.
[2026/01/30 20:05:38 596] [P0x000970d0] [T0x00097196] D/WSConnection(line 361)         :connected to wss://aiui-ipv6.openspeech.cn/aiui/v2.1/upload.do, spent 219ms, tid=618902, sessionNo=1.
[2026/01/30 20:05:38 596] [P0x000970d0] [T0x00097196] D/WSConnection(line 365)         :websocket, response:
HTTP/1.1 101 Switching Protocols
Server: openresty
Date: Fri, 30 Jan 2026 12:05:38 GMT
Connection: upgrade
Upgrade: websocket
Sec-WebSocket-Accept: rI0NrWRF+knsCNlypb6C2KNATwA=



[2026/01/30 20:05:38 596] [P0x000970d0] [T0x00097196] D/WSConnection(line 419)         :connect success, tid=618902, sessionNo=1.
[2026/01/30 20:05:38 596] [P0x000970d0] [T0x00097196] D/DataSender(line 1429)          :up connected, try to send packet.
[2026/01/30 20:05:38 596] [P0x000970d0] [T0x00097196] D/WSConnection(line 473)         :start receiving, tid=618902, sessionNo=1.
[2026/01/30 20:05:38 596] [P0x000970d0] [T0x00097114] D/DataSender(line 705)           :send packet, ret=1029, need_resend=0, send_cnt=1, sessionNo=1, info:
streamId=audio-1
frameId=1
sid=cid0001bee1@dx19c0ecb47b43010001
dataType=1
dataStatus=0
dataLen=214
args={"cnt_id":"0","dte":"speex-wb;10","dtf":"audio/L16;rate=16000","frame_size":"1280"}
params={"appid":"ad184cbf","context":{"sdk_support":["tts","iat","nlp"]},"dev_lang":"cpp","dsrc":"sdk","dtype":"audio","interact_mode":"continuous","os_sys":"Linux","prot_type":"pb","sample_rate":"16000","scene":"main_box","sdk_ver":"6.6.0001.0041","sn":"bc:fc:e7:cc:1d:1a","stmid":"audio-1","ver_type":"desktop_pc","wake_id":"176977472901646396e5f04ea14bce1a1d82d"}
userParams=

[2026/01/30 20:05:38 596] [P0x000970d0] [T0x00097114] D/DataSender(line 705)           :send packet, ret=300, need_resend=0, send_cnt=1, sessionNo=1, info:
streamId=audio-1
frameId=2
sid=cid0001bee1@dx19c0ecb47b43010001
dataType=1
dataStatus=1
dataLen=214

[2026/01/30 20:05:38 596] [P0x000970d0] [T0x00097114] D/DataSender(line 705)           :send packet, ret=300, need_resend=0, send_cnt=1, sessionNo=1, info:
streamId=audio-1
frameId=3
sid=cid0001bee1@dx19c0ecb47b43010001
dataType=1
dataStatus=1
dataLen=214

[2026/01/30 20:05:38 596] [P0x000970d0] [T0x00097114] D/DataSender(line 705)           :send packet, ret=300, need_resend=0, send_cnt=1, sessionNo=1, info:
streamId=audio-1
frameId=4
sid=cid0001bee1@dx19c0ecb47b43010001
dataType=1
dataStatus=1
dataLen=214

[2026/01/30 20:05:38 596] [P0x000970d0] [T0x00097114] D/DataSender(line 705)           :send packet, ret=300, need_resend=0, send_cnt=1, sessionNo=1, info:
streamId=audio-1
frameId=5
sid=cid0001bee1@dx19c0ecb47b43010001
dataType=1
dataStatus=1
dataLen=214

[2026/01/30 20:05:38 596] [P0x000970d0] [T0x00097114] D/DataSender(line 705)           :send packet, ret=300, need_resend=0, send_cnt=1, sessionNo=1, info:
streamId=audio-1
frameId=6
sid=cid0001bee1@dx19c0ecb47b43010001
dataType=1
dataStatus=1
dataLen=214

[2026/01/30 20:05:38 596] [P0x000970d0] [T0x00097114] D/DataSender(line 705)           :send packet, ret=300, need_resend=0, send_cnt=1, sessionNo=1, info:
streamId=audio-1
frameId=7
sid=cid0001bee1@dx19c0ecb47b43010001
dataType=1
dataStatus=1
dataLen=214

[2026/01/30 20:05:38 596] [P0x000970d0] [T0x00097114] D/DataSender(line 705)           :send packet, ret=300, need_resend=0, send_cnt=1, sessionNo=1, info:
streamId=audio-1
frameId=8
sid=cid0001bee1@dx19c0ecb47b43010001
dataType=1
dataStatus=1
dataLen=214

[2026/01/30 20:05:38 596] [P0x000970d0] [T0x00097114] D/DataSender(line 705)           :send packet, ret=300, need_resend=0, send_cnt=1, sessionNo=1, info:
streamId=audio-1
frameId=9
sid=cid0001bee1@dx19c0ecb47b43010001
dataType=1
dataStatus=1
dataLen=214

[2026/01/30 20:05:38 596] [P0x000970d0] [T0x00097114] D/DataSender(line 705)           :send packet, ret=300, need_resend=0, send_cnt=1, sessionNo=1, info:
streamId=audio-1
frameId=10
sid=cid0001bee1@dx19c0ecb47b43010001
dataType=1
dataStatus=1
dataLen=214

[2026/01/30 20:05:38 596] [P0x000970d0] [T0x00097114] D/DataSender(line 705)           :send packet, ret=300, need_resend=0, send_cnt=1, sessionNo=1, info:
streamId=audio-1
frameId=11
sid=cid0001bee1@dx19c0ecb47b43010001
dataType=1
dataStatus=1
dataLen=214

[2026/01/30 20:05:38 596] [P0x000970d0] [T0x00097114] D/DataSender(line 705)           :send packet, ret=300, need_resend=0, send_cnt=1, sessionNo=1, info:
streamId=audio-1
frameId=12
sid=cid0001bee1@dx19c0ecb47b43010001
dataType=1
dataStatus=1
dataLen=214

[2026/01/30 20:05:38 596] [P0x000970d0] [T0x00097114] D/DataSender(line 705)           :send packet, ret=300, need_resend=0, send_cnt=1, sessionNo=1, info:
streamId=audio-1
frameId=13
sid=cid0001bee1@dx19c0ecb47b43010001
dataType=1
dataStatus=1
dataLen=214

[2026/01/30 20:05:38 596] [P0x000970d0] [T0x00097114] D/DataSender(line 705)           :send packet, ret=300, need_resend=0, send_cnt=1, sessionNo=1, info:
streamId=audio-1
frameId=14
sid=cid0001bee1@dx19c0ecb47b43010001
dataType=1
dataStatus=1
dataLen=214

[2026/01/30 20:05:38 596] [P0x000970d0] [T0x00097114] D/DataSender(line 705)           :send packet, ret=300, need_resend=0, send_cnt=1, sessionNo=1, info:
streamId=audio-1
frameId=15
sid=cid0001bee1@dx19c0ecb47b43010001
dataType=1
dataStatus=1
dataLen=214

[2026/01/30 20:05:38 596] [P0x000970d0] [T0x00097114] D/DataSender(line 705)           :send packet, ret=300, need_resend=0, send_cnt=1, sessionNo=1, info:
streamId=audio-1
frameId=16
sid=cid0001bee1@dx19c0ecb47b43010001
dataType=1
dataStatus=1
dataLen=214

[2026/01/30 20:05:38 596] [P0x000970d0] [T0x00097114] D/DataSender(line 705)           :send packet, ret=300, need_resend=0, send_cnt=1, sessionNo=1, info:
streamId=audio-1
frameId=17
sid=cid0001bee1@dx19c0ecb47b43010001
dataType=1
dataStatus=1
dataLen=214

[2026/01/30 20:05:38 596] [P0x000970d0] [T0x00097114] D/DataSender(line 705)           :send packet, ret=300, need_resend=0, send_cnt=1, sessionNo=1, info:
streamId=audio-1
frameId=18
sid=cid0001bee1@dx19c0ecb47b43010001
dataType=1
dataStatus=1
dataLen=214

[2026/01/30 20:05:38 596] [P0x000970d0] [T0x00097114] D/DataSender(line 705)           :send packet, ret=300, need_resend=0, send_cnt=1, sessionNo=1, info:
streamId=audio-1
frameId=19
sid=cid0001bee1@dx19c0ecb47b43010001
dataType=1
dataStatus=1
dataLen=214

[2026/01/30 20:05:38 596] [P0x000970d0] [T0x00097114] D/DataSender(line 705)           :send packet, ret=300, need_resend=0, send_cnt=1, sessionNo=1, info:
streamId=audio-1
frameId=20
sid=cid0001bee1@dx19c0ecb47b43010001
dataType=1
dataStatus=1
dataLen=214

[2026/01/30 20:05:38 596] [P0x000970d0] [T0x00097114] D/DataSender(line 705)           :send packet, ret=300, need_resend=0, send_cnt=1, sessionNo=1, info:
streamId=audio-1
frameId=21
sid=cid0001bee1@dx19c0ecb47b43010001
dataType=1
dataStatus=1
dataLen=214

[2026/01/30 20:05:38 623] [P0x000970d0] [T0x00097196] D/WSConnection(line 603)         :receive data completely, dataLen=66
[2026/01/30 20:05:38 623] [P0x000970d0] [T0x00097196] D/WSConnection(line 603)         :receive data completely, dataLen=68
[2026/01/30 20:05:38 623] [P0x000970d0] [T0x00097196] D/WSConnection(line 603)         :receive data completely, dataLen=68
[2026/01/30 20:05:38 623] [P0x000970d0] [T0x00097102] D/DataSender(line 867)           :parsed data as ack, s2ack_time=27ms, info:
streamId=audio-1
frameId=1
retCode=0

[2026/01/30 20:05:38 623] [P0x000970d0] [T0x00097196] D/WSConnection(line 603)         :receive data completely, dataLen=68
[2026/01/30 20:05:38 623] [P0x000970d0] [T0x00097102] D/DataSender(line 867)           :parsed data as ack, s2ack_time=27ms, info:
streamId=audio-1
frameId=2
retCode=0

[2026/01/30 20:05:38 623] [P0x000970d0] [T0x00097102] D/DataSender(line 867)           :parsed data as ack, s2ack_time=27ms, info:
streamId=audio-1
frameId=3
retCode=0

[2026/01/30 20:05:38 623] [P0x000970d0] [T0x00097196] D/WSConnection(line 603)         :receive data completely, dataLen=68
[2026/01/30 20:05:38 623] [P0x000970d0] [T0x00097102] D/DataSender(line 867)           :parsed data as ack, s2ack_time=27ms, info:
streamId=audio-1
frameId=4
retCode=0

[2026/01/30 20:05:38 623] [P0x000970d0] [T0x00097196] D/WSConnection(line 603)         :receive data completely, dataLen=68
[2026/01/30 20:05:38 623] [P0x000970d0] [T0x00097102] D/DataSender(line 867)           :parsed data as ack, s2ack_time=27ms, info:
streamId=audio-1
frameId=5
retCode=0

[2026/01/30 20:05:38 623] [P0x000970d0] [T0x00097196] D/WSConnection(line 603)         :receive data completely, dataLen=68
[2026/01/30 20:05:38 623] [P0x000970d0] [T0x00097102] D/DataSender(line 867)           :parsed data as ack, s2ack_time=27ms, info:
streamId=audio-1
frameId=6
retCode=0

[2026/01/30 20:05:38 623] [P0x000970d0] [T0x00097102] D/DataSender(line 867)           :parsed data as ack, s2ack_time=27ms, info:
streamId=audio-1
frameId=7
retCode=0

[2026/01/30 20:05:38 623] [P0x000970d0] [T0x00097196] D/WSConnection(line 603)         :receive data completely, dataLen=68
[2026/01/30 20:05:38 623] [P0x000970d0] [T0x00097102] D/DataSender(line 867)           :parsed data as ack, s2ack_time=27ms, info:
streamId=audio-1
frameId=8
retCode=0

[2026/01/30 20:05:38 623] [P0x000970d0] [T0x00097196] D/WSConnection(line 603)         :receive data completely, dataLen=68
[2026/01/30 20:05:38 623] [P0x000970d0] [T0x00097102] D/DataSender(line 867)           :parsed data as ack, s2ack_time=27ms, info:
streamId=audio-1
frameId=9
retCode=0

[2026/01/30 20:05:38 623] [P0x000970d0] [T0x00097196] D/WSConnection(line 603)         :receive data completely, dataLen=69
[2026/01/30 20:05:38 623] [P0x000970d0] [T0x00097196] D/WSConnection(line 603)         :receive data completely, dataLen=69
[2026/01/30 20:05:38 623] [P0x000970d0] [T0x00097196] D/WSConnection(line 603)         :receive data completely, dataLen=69
[2026/01/30 20:05:38 623] [P0x000970d0] [T0x00097196] D/WSConnection(line 603)         :receive data completely, dataLen=69
[2026/01/30 20:05:38 623] [P0x000970d0] [T0x00097102] D/DataSender(line 867)           :parsed data as ack, s2ack_time=27ms, info:
streamId=audio-1
frameId=10
retCode=0

[2026/01/30 20:05:38 623] [P0x000970d0] [T0x00097102] D/DataSender(line 867)           :parsed data as ack, s2ack_time=27ms, info:
streamId=audio-1
frameId=11
retCode=0

[2026/01/30 20:05:38 623] [P0x000970d0] [T0x00097102] D/DataSender(line 867)           :parsed data as ack, s2ack_time=27ms, info:
streamId=audio-1
frameId=12
retCode=0

[2026/01/30 20:05:38 623] [P0x000970d0] [T0x00097102] D/DataSender(line 867)           :parsed data as ack, s2ack_time=27ms, info:
streamId=audio-1
frameId=13
retCode=0

[2026/01/30 20:05:38 624] [P0x000970d0] [T0x00097196] D/WSConnection(line 603)         :receive data completely, dataLen=69
[2026/01/30 20:05:38 624] [P0x000970d0] [T0x00097196] D/WSConnection(line 603)         :receive data completely, dataLen=69
[2026/01/30 20:05:38 624] [P0x000970d0] [T0x00097102] D/DataSender(line 867)           :parsed data as ack, s2ack_time=28ms, info:
streamId=audio-1
frameId=14
retCode=0

[2026/01/30 20:05:38 624] [P0x000970d0] [T0x00097196] D/WSConnection(line 603)         :receive data completely, dataLen=69
[2026/01/30 20:05:38 624] [P0x000970d0] [T0x00097102] D/DataSender(line 867)           :parsed data as ack, s2ack_time=28ms, info:
streamId=audio-1
frameId=15
retCode=0

[2026/01/30 20:05:38 624] [P0x000970d0] [T0x00097102] D/DataSender(line 867)           :parsed data as ack, s2ack_time=28ms, info:
streamId=audio-1
frameId=16
retCode=0

[2026/01/30 20:05:38 624] [P0x000970d0] [T0x00097196] D/WSConnection(line 603)         :receive data completely, dataLen=69
[2026/01/30 20:05:38 624] [P0x000970d0] [T0x00097196] D/WSConnection(line 603)         :receive data completely, dataLen=69
[2026/01/30 20:05:38 624] [P0x000970d0] [T0x00097102] D/DataSender(line 867)           :parsed data as ack, s2ack_time=28ms, info:
streamId=audio-1
frameId=17
retCode=0

[2026/01/30 20:05:38 624] [P0x000970d0] [T0x00097196] D/WSConnection(line 603)         :receive data completely, dataLen=69
[2026/01/30 20:05:38 624] [P0x000970d0] [T0x00097102] D/DataSender(line 867)           :parsed data as ack, s2ack_time=28ms, info:
streamId=audio-1
frameId=18
retCode=0

[2026/01/30 20:05:38 624] [P0x000970d0] [T0x00097196] D/WSConnection(line 603)         :receive data completely, dataLen=69
[2026/01/30 20:05:38 624] [P0x000970d0] [T0x00097102] D/DataSender(line 867)           :parsed data as ack, s2ack_time=28ms, info:
streamId=audio-1
frameId=19
retCode=0

[2026/01/30 20:05:38 624] [P0x000970d0] [T0x00097102] D/DataSender(line 867)           :parsed data as ack, s2ack_time=28ms, info:
streamId=audio-1
frameId=20
retCode=0

[2026/01/30 20:05:38 624] [P0x000970d0] [T0x00097196] D/WSConnection(line 603)         :receive data completely, dataLen=69
[2026/01/30 20:05:38 624] [P0x000970d0] [T0x00097102] D/DataSender(line 867)           :parsed data as ack, s2ack_time=28ms, info:
streamId=audio-1
frameId=21
retCode=0

[2026/01/30 20:05:38 716] [P0x000970d0] [T0x00097114] D/DataSender(line 705)           :send packet, ret=300, need_resend=0, send_cnt=1, sessionNo=1, info:
streamId=audio-1
frameId=22
sid=cid0001bee1@dx19c0ecb47b43010001
dataType=1
dataStatus=1
dataLen=214

[2026/01/30 20:05:38 716] [P0x000970d0] [T0x00097114] D/DataSender(line 705)           :send packet, ret=300, need_resend=0, send_cnt=1, sessionNo=1, info:
streamId=audio-1
frameId=23
sid=cid0001bee1@dx19c0ecb47b43010001
dataType=1
dataStatus=1
dataLen=214

[2026/01/30 20:05:38 716] [P0x000970d0] [T0x00097114] D/DataSender(line 705)           :send packet, ret=300, need_resend=0, send_cnt=1, sessionNo=1, info:
streamId=audio-1
frameId=24
sid=cid0001bee1@dx19c0ecb47b43010001
dataType=1
dataStatus=1
dataLen=214

[2026/01/30 20:05:38 716] [P0x000970d0] [T0x00097114] D/DataSender(line 705)           :send packet, ret=300, need_resend=0, send_cnt=1, sessionNo=1, info:
streamId=audio-1
frameId=25
sid=cid0001bee1@dx19c0ecb47b43010001
dataType=1
dataStatus=1
dataLen=214

[2026/01/30 20:05:38 762] [P0x000970d0] [T0x00097196] D/WSConnection(line 603)         :receive data completely, dataLen=69
[2026/01/30 20:05:38 762] [P0x000970d0] [T0x00097196] D/WSConnection(line 603)         :receive data completely, dataLen=69
[2026/01/30 20:05:38 762] [P0x000970d0] [T0x00097102] D/DataSender(line 867)           :parsed data as ack, s2ack_time=46ms, info:
streamId=audio-1
frameId=22
retCode=0

[2026/01/30 20:05:38 762] [P0x000970d0] [T0x00097196] D/WSConnection(line 603)         :receive data completely, dataLen=69
[2026/01/30 20:05:38 762] [P0x000970d0] [T0x00097102] D/DataSender(line 867)           :parsed data as ack, s2ack_time=46ms, info:
streamId=audio-1
frameId=23
retCode=0

[2026/01/30 20:05:38 762] [P0x000970d0] [T0x00097196] D/WSConnection(line 603)         :receive data completely, dataLen=69
[2026/01/30 20:05:38 762] [P0x000970d0] [T0x00097102] D/DataSender(line 867)           :parsed data as ack, s2ack_time=46ms, info:
streamId=audio-1
frameId=24
retCode=0

[2026/01/30 20:05:38 762] [P0x000970d0] [T0x00097102] D/DataSender(line 867)           :parsed data as ack, s2ack_time=46ms, info:
streamId=audio-1
frameId=25
retCode=0

[2026/01/30 20:05:38 876] [P0x000970d0] [T0x00097114] D/DataSender(line 705)           :send packet, ret=300, need_resend=0, send_cnt=1, sessionNo=1, info:
streamId=audio-1
frameId=26
sid=cid0001bee1@dx19c0ecb47b43010001
dataType=1
dataStatus=1
dataLen=214

[2026/01/30 20:05:38 876] [P0x000970d0] [T0x00097114] D/DataSender(line 705)           :send packet, ret=300, need_resend=0, send_cnt=1, sessionNo=1, info:
streamId=audio-1
frameId=27
sid=cid0001bee1@dx19c0ecb47b43010001
dataType=1
dataStatus=1
dataLen=214

[2026/01/30 20:05:38 876] [P0x000970d0] [T0x00097114] D/DataSender(line 705)           :send packet, ret=300, need_resend=0, send_cnt=1, sessionNo=1, info:
streamId=audio-1
frameId=28
sid=cid0001bee1@dx19c0ecb47b43010001
dataType=1
dataStatus=1
dataLen=214

[2026/01/30 20:05:38 904] [P0x000970d0] [T0x00097196] D/WSConnection(line 603)         :receive data completely, dataLen=69
[2026/01/30 20:05:38 904] [P0x000970d0] [T0x00097196] D/WSConnection(line 603)         :receive data completely, dataLen=69
[2026/01/30 20:05:38 904] [P0x000970d0] [T0x00097196] D/WSConnection(line 603)         :receive data completely, dataLen=69
[2026/01/30 20:05:38 904] [P0x000970d0] [T0x00097102] D/DataSender(line 867)           :parsed data as ack, s2ack_time=28ms, info:
streamId=audio-1
frameId=26
retCode=0

[2026/01/30 20:05:38 904] [P0x000970d0] [T0x00097102] D/DataSender(line 867)           :parsed data as ack, s2ack_time=28ms, info:
streamId=audio-1
frameId=27
retCode=0

[2026/01/30 20:05:38 904] [P0x000970d0] [T0x00097102] D/DataSender(line 867)           :parsed data as ack, s2ack_time=28ms, info:
streamId=audio-1
frameId=28
retCode=0

[2026/01/30 20:05:38 916] [P0x000970d0] [T0x00097114] D/DataSender(line 705)           :send packet, ret=300, need_resend=0, send_cnt=1, sessionNo=1, info:
streamId=audio-1
frameId=29
sid=cid0001bee1@dx19c0ecb47b43010001
dataType=1
dataStatus=1
dataLen=214

[2026/01/30 20:05:38 916] [P0x000970d0] [T0x00097114] D/DataSender(line 705)           :send packet, ret=300, need_resend=0, send_cnt=1, sessionNo=1, info:
streamId=audio-1
frameId=30
sid=cid0001bee1@dx19c0ecb47b43010001
dataType=1
dataStatus=1
dataLen=214

[2026/01/30 20:05:38 916] [P0x000970d0] [T0x00097114] D/DataSender(line 705)           :send packet, ret=300, need_resend=0, send_cnt=1, sessionNo=1, info:
streamId=audio-1
frameId=31
sid=cid0001bee1@dx19c0ecb47b43010001
dataType=1
dataStatus=1
dataLen=214

[2026/01/30 20:05:38 944] [P0x000970d0] [T0x00097196] D/WSConnection(line 603)         :receive data completely, dataLen=69
[2026/01/30 20:05:38 944] [P0x000970d0] [T0x00097102] D/DataSender(line 867)           :parsed data as ack, s2ack_time=28ms, info:
streamId=audio-1
frameId=29
retCode=0

[2026/01/30 20:05:38 944] [P0x000970d0] [T0x00097196] D/WSConnection(line 603)         :receive data completely, dataLen=69
[2026/01/30 20:05:38 944] [P0x000970d0] [T0x00097102] D/DataSender(line 867)           :parsed data as ack, s2ack_time=28ms, info:
streamId=audio-1
frameId=30
retCode=0

[2026/01/30 20:05:38 944] [P0x000970d0] [T0x00097196] D/WSConnection(line 603)         :receive data completely, dataLen=69
[2026/01/30 20:05:38 944] [P0x000970d0] [T0x00097102] D/DataSender(line 867)           :parsed data as ack, s2ack_time=28ms, info:
streamId=audio-1
frameId=31
retCode=0

[2026/01/30 20:05:39 077] [P0x000970d0] [T0x00097114] D/DataSender(line 705)           :send packet, ret=300, need_resend=0, send_cnt=1, sessionNo=1, info:
streamId=audio-1
frameId=32
sid=cid0001bee1@dx19c0ecb47b43010001
dataType=1
dataStatus=1
dataLen=214

[2026/01/30 20:05:39 077] [P0x000970d0] [T0x00097114] D/DataSender(line 705)           :send packet, ret=300, need_resend=0, send_cnt=1, sessionNo=1, info:
streamId=audio-1
frameId=33
sid=cid0001bee1@dx19c0ecb47b43010001
dataType=1
dataStatus=1
dataLen=214

[2026/01/30 20:05:39 077] [P0x000970d0] [T0x00097114] D/DataSender(line 705)           :send packet, ret=300, need_resend=0, send_cnt=1, sessionNo=1, info:
streamId=audio-1
frameId=34
sid=cid0001bee1@dx19c0ecb47b43010001
dataType=1
dataStatus=1
dataLen=214

[2026/01/30 20:05:39 104] [P0x000970d0] [T0x00097196] D/WSConnection(line 603)         :receive data completely, dataLen=69
[2026/01/30 20:05:39 104] [P0x000970d0] [T0x00097196] D/WSConnection(line 603)         :receive data completely, dataLen=69
[2026/01/30 20:05:39 104] [P0x000970d0] [T0x00097102] D/DataSender(line 867)           :parsed data as ack, s2ack_time=27ms, info:
streamId=audio-1
frameId=32
retCode=0

[2026/01/30 20:05:39 104] [P0x000970d0] [T0x00097102] D/DataSender(line 867)           :parsed data as ack, s2ack_time=27ms, info:
streamId=audio-1
frameId=33
retCode=0

[2026/01/30 20:05:39 104] [P0x000970d0] [T0x00097196] D/WSConnection(line 603)         :receive data completely, dataLen=69
[2026/01/30 20:05:39 104] [P0x000970d0] [T0x00097102] D/DataSender(line 867)           :parsed data as ack, s2ack_time=27ms, info:
streamId=audio-1
frameId=34
retCode=0

[2026/01/30 20:05:39 236] [P0x000970d0] [T0x00097114] D/DataSender(line 705)           :send packet, ret=300, need_resend=0, send_cnt=1, sessionNo=1, info:
streamId=audio-1
frameId=35
sid=cid0001bee1@dx19c0ecb47b43010001
dataType=1
dataStatus=1
dataLen=214

[2026/01/30 20:05:39 236] [P0x000970d0] [T0x00097114] D/DataSender(line 705)           :send packet, ret=300, need_resend=0, send_cnt=1, sessionNo=1, info:
streamId=audio-1
frameId=36
sid=cid0001bee1@dx19c0ecb47b43010001
dataType=1
dataStatus=1
dataLen=214

[2026/01/30 20:05:39 236] [P0x000970d0] [T0x00097114] D/DataSender(line 705)           :send packet, ret=300, need_resend=0, send_cnt=1, sessionNo=1, info:
streamId=audio-1
frameId=37
sid=cid0001bee1@dx19c0ecb47b43010001
dataType=1
dataStatus=1
dataLen=214

[2026/01/30 20:05:39 267] [P0x000970d0] [T0x00097196] D/WSConnection(line 603)         :receive data completely, dataLen=69
[2026/01/30 20:05:39 267] [P0x000970d0] [T0x00097196] D/WSConnection(line 603)         :receive data completely, dataLen=69
[2026/01/30 20:05:39 267] [P0x000970d0] [T0x00097102] D/DataSender(line 867)           :parsed data as ack, s2ack_time=31ms, info:
streamId=audio-1
frameId=35
retCode=0

[2026/01/30 20:05:39 267] [P0x000970d0] [T0x00097196] D/WSConnection(line 603)         :receive data completely, dataLen=69
[2026/01/30 20:05:39 267] [P0x000970d0] [T0x00097102] D/DataSender(line 867)           :parsed data as ack, s2ack_time=31ms, info:
streamId=audio-1
frameId=36
retCode=0

[2026/01/30 20:05:39 267] [P0x000970d0] [T0x00097102] D/DataSender(line 867)           :parsed data as ack, s2ack_time=31ms, info:
streamId=audio-1
frameId=37
retCode=0

[2026/01/30 20:05:39 276] [P0x000970d0] [T0x00097114] D/DataSender(line 705)           :send packet, ret=300, need_resend=0, send_cnt=1, sessionNo=1, info:
streamId=audio-1
frameId=38
sid=cid0001bee1@dx19c0ecb47b43010001
dataType=1
dataStatus=1
dataLen=214

[2026/01/30 20:05:39 276] [P0x000970d0] [T0x00097114] D/DataSender(line 705)           :send packet, ret=300, need_resend=0, send_cnt=1, sessionNo=1, info:
streamId=audio-1
frameId=39
sid=cid0001bee1@dx19c0ecb47b43010001
dataType=1
dataStatus=1
dataLen=214

[2026/01/30 20:05:39 277] [P0x000970d0] [T0x00097114] D/DataSender(line 705)           :send packet, ret=300, need_resend=0, send_cnt=1, sessionNo=1, info:
streamId=audio-1
frameId=40
sid=cid0001bee1@dx19c0ecb47b43010001
dataType=1
dataStatus=1
dataLen=214

[2026/01/30 20:05:39 277] [P0x000970d0] [T0x00097114] D/DataSender(line 705)           :send packet, ret=300, need_resend=0, send_cnt=1, sessionNo=1, info:
streamId=audio-1
frameId=41
sid=cid0001bee1@dx19c0ecb47b43010001
dataType=1
dataStatus=1
dataLen=214

[2026/01/30 20:05:39 303] [P0x000970d0] [T0x00097196] D/WSConnection(line 603)         :receive data completely, dataLen=69
[2026/01/30 20:05:39 304] [P0x000970d0] [T0x00097102] D/DataSender(line 867)           :parsed data as ack, s2ack_time=27ms, info:
streamId=audio-1
frameId=38
retCode=0

[2026/01/30 20:05:39 304] [P0x000970d0] [T0x00097196] D/WSConnection(line 603)         :receive data completely, dataLen=69
[2026/01/30 20:05:39 304] [P0x000970d0] [T0x00097102] D/DataSender(line 867)           :parsed data as ack, s2ack_time=28ms, info:
streamId=audio-1
frameId=39
retCode=0

[2026/01/30 20:05:39 304] [P0x000970d0] [T0x00097196] D/WSConnection(line 603)         :receive data completely, dataLen=69
[2026/01/30 20:05:39 304] [P0x000970d0] [T0x00097102] D/DataSender(line 867)           :parsed data as ack, s2ack_time=27ms, info:
streamId=audio-1
frameId=40
retCode=0

[2026/01/30 20:05:39 304] [P0x000970d0] [T0x00097196] D/WSConnection(line 603)         :receive data completely, dataLen=69
[2026/01/30 20:05:39 304] [P0x000970d0] [T0x00097102] D/DataSender(line 867)           :parsed data as ack, s2ack_time=27ms, info:
streamId=audio-1
frameId=41
retCode=0

[2026/01/30 20:05:39 437] [P0x000970d0] [T0x00097114] D/DataSender(line 705)           :send packet, ret=300, need_resend=0, send_cnt=1, sessionNo=1, info:
streamId=audio-1
frameId=42
sid=cid0001bee1@dx19c0ecb47b43010001
dataType=1
dataStatus=1
dataLen=214

[2026/01/30 20:05:39 437] [P0x000970d0] [T0x00097114] D/DataSender(line 705)           :send packet, ret=300, need_resend=0, send_cnt=1, sessionNo=1, info:
streamId=audio-1
frameId=43
sid=cid0001bee1@dx19c0ecb47b43010001
dataType=1
dataStatus=1
dataLen=214

[2026/01/30 20:05:39 437] [P0x000970d0] [T0x00097114] D/DataSender(line 705)           :send packet, ret=300, need_resend=0, send_cnt=1, sessionNo=1, info:
streamId=audio-1
frameId=44
sid=cid0001bee1@dx19c0ecb47b43010001
dataType=1
dataStatus=1
dataLen=214

[2026/01/30 20:05:39 465] [P0x000970d0] [T0x00097196] D/WSConnection(line 603)         :receive data completely, dataLen=69
[2026/01/30 20:05:39 465] [P0x000970d0] [T0x00097102] D/DataSender(line 867)           :parsed data as ack, s2ack_time=28ms, info:
streamId=audio-1
frameId=42
retCode=0

[2026/01/30 20:05:39 465] [P0x000970d0] [T0x00097196] D/WSConnection(line 603)         :receive data completely, dataLen=69
[2026/01/30 20:05:39 465] [P0x000970d0] [T0x00097102] D/DataSender(line 867)           :parsed data as ack, s2ack_time=28ms, info:
streamId=audio-1
frameId=43
retCode=0

[2026/01/30 20:05:39 465] [P0x000970d0] [T0x00097196] D/WSConnection(line 603)         :receive data completely, dataLen=69
[2026/01/30 20:05:39 465] [P0x000970d0] [T0x00097102] D/DataSender(line 867)           :parsed data as ack, s2ack_time=28ms, info:
streamId=audio-1
frameId=44
retCode=0

[2026/01/30 20:05:39 597] [P0x000970d0] [T0x00097114] D/DataSender(line 705)           :send packet, ret=300, need_resend=0, send_cnt=1, sessionNo=1, info:
streamId=audio-1
frameId=45
sid=cid0001bee1@dx19c0ecb47b43010001
dataType=1
dataStatus=1
dataLen=214

[2026/01/30 20:05:39 598] [P0x000970d0] [T0x00097114] D/DataSender(line 705)           :send packet, ret=300, need_resend=0, send_cnt=1, sessionNo=1, info:
streamId=audio-1
frameId=46
sid=cid0001bee1@dx19c0ecb47b43010001
dataType=1
dataStatus=1
dataLen=214

[2026/01/30 20:05:39 598] [P0x000970d0] [T0x00097114] D/DataSender(line 705)           :send packet, ret=300, need_resend=0, send_cnt=1, sessionNo=1, info:
streamId=audio-1
frameId=47
sid=cid0001bee1@dx19c0ecb47b43010001
dataType=1
dataStatus=1
dataLen=214

[2026/01/30 20:05:39 625] [P0x000970d0] [T0x00097196] D/WSConnection(line 603)         :receive data completely, dataLen=69
[2026/01/30 20:05:39 625] [P0x000970d0] [T0x00097102] D/DataSender(line 867)           :parsed data as ack, s2ack_time=28ms, info:
streamId=audio-1
frameId=45
retCode=0

[2026/01/30 20:05:39 625] [P0x000970d0] [T0x00097196] D/WSConnection(line 603)         :receive data completely, dataLen=69
[2026/01/30 20:05:39 625] [P0x000970d0] [T0x00097102] D/DataSender(line 867)           :parsed data as ack, s2ack_time=27ms, info:
streamId=audio-1
frameId=46
retCode=0

[2026/01/30 20:05:39 625] [P0x000970d0] [T0x00097196] D/WSConnection(line 603)         :receive data completely, dataLen=69
[2026/01/30 20:05:39 625] [P0x000970d0] [T0x00097102] D/DataSender(line 867)           :parsed data as ack, s2ack_time=27ms, info:
streamId=audio-1
frameId=47
retCode=0

[2026/01/30 20:05:39 778] [P0x000970d0] [T0x00097114] D/DataSender(line 705)           :send packet, ret=300, need_resend=0, send_cnt=1, sessionNo=1, info:
streamId=audio-1
frameId=48
sid=cid0001bee1@dx19c0ecb47b43010001
dataType=1
dataStatus=1
dataLen=214

[2026/01/30 20:05:39 778] [P0x000970d0] [T0x00097114] D/DataSender(line 705)           :send packet, ret=300, need_resend=0, send_cnt=1, sessionNo=1, info:
streamId=audio-1
frameId=49
sid=cid0001bee1@dx19c0ecb47b43010001
dataType=1
dataStatus=1
dataLen=214

[2026/01/30 20:05:39 778] [P0x000970d0] [T0x00097114] D/DataSender(line 705)           :send packet, ret=300, need_resend=0, send_cnt=1, sessionNo=1, info:
streamId=audio-1
frameId=50
sid=cid0001bee1@dx19c0ecb47b43010001
dataType=1
dataStatus=1
dataLen=214

[2026/01/30 20:05:39 807] [P0x000970d0] [T0x00097196] D/WSConnection(line 603)         :receive data completely, dataLen=69
[2026/01/30 20:05:39 807] [P0x000970d0] [T0x00097196] D/WSConnection(line 603)         :receive data completely, dataLen=69
[2026/01/30 20:05:39 807] [P0x000970d0] [T0x00097196] D/WSConnection(line 603)         :receive data completely, dataLen=69
[2026/01/30 20:05:39 807] [P0x000970d0] [T0x00097102] D/DataSender(line 867)           :parsed data as ack, s2ack_time=29ms, info:
streamId=audio-1
frameId=48
retCode=0

[2026/01/30 20:05:39 807] [P0x000970d0] [T0x00097102] D/DataSender(line 867)           :parsed data as ack, s2ack_time=29ms, info:
streamId=audio-1
frameId=49
retCode=0

[2026/01/30 20:05:39 807] [P0x000970d0] [T0x00097102] D/DataSender(line 867)           :parsed data as ack, s2ack_time=29ms, info:
streamId=audio-1
frameId=50
retCode=0

[2026/01/30 20:05:39 817] [P0x000970d0] [T0x00097114] D/DataSender(line 705)           :send packet, ret=300, need_resend=0, send_cnt=1, sessionNo=1, info:
streamId=audio-1
frameId=51
sid=cid0001bee1@dx19c0ecb47b43010001
dataType=1
dataStatus=1
dataLen=214

[2026/01/30 20:05:39 818] [P0x000970d0] [T0x00097114] D/DataSender(line 705)           :send packet, ret=300, need_resend=0, send_cnt=1, sessionNo=1, info:
streamId=audio-1
frameId=52
sid=cid0001bee1@dx19c0ecb47b43010001
dataType=1
dataStatus=1
dataLen=214

[2026/01/30 20:05:39 818] [P0x000970d0] [T0x00097114] D/DataSender(line 705)           :send packet, ret=300, need_resend=0, send_cnt=1, sessionNo=1, info:
streamId=audio-1
frameId=53
sid=cid0001bee1@dx19c0ecb47b43010001
dataType=1
dataStatus=1
dataLen=214

[2026/01/30 20:05:39 845] [P0x000970d0] [T0x00097196] D/WSConnection(line 603)         :receive data completely, dataLen=69
[2026/01/30 20:05:39 845] [P0x000970d0] [T0x00097196] D/WSConnection(line 603)         :receive data completely, dataLen=69
[2026/01/30 20:05:39 845] [P0x000970d0] [T0x00097102] D/DataSender(line 867)           :parsed data as ack, s2ack_time=28ms, info:
streamId=audio-1
frameId=51
retCode=0

[2026/01/30 20:05:39 845] [P0x000970d0] [T0x00097196] D/WSConnection(line 603)         :receive data completely, dataLen=69
[2026/01/30 20:05:39 845] [P0x000970d0] [T0x00097102] D/DataSender(line 867)           :parsed data as ack, s2ack_time=27ms, info:
streamId=audio-1
frameId=52
retCode=0

[2026/01/30 20:05:39 845] [P0x000970d0] [T0x00097102] D/DataSender(line 867)           :parsed data as ack, s2ack_time=27ms, info:
streamId=audio-1
frameId=53
retCode=0

[2026/01/30 20:05:39 978] [P0x000970d0] [T0x00097114] D/DataSender(line 705)           :send packet, ret=300, need_resend=0, send_cnt=1, sessionNo=1, info:
streamId=audio-1
frameId=54
sid=cid0001bee1@dx19c0ecb47b43010001
dataType=1
dataStatus=1
dataLen=214

[2026/01/30 20:05:39 978] [P0x000970d0] [T0x00097114] D/DataSender(line 705)           :send packet, ret=300, need_resend=0, send_cnt=1, sessionNo=1, info:
streamId=audio-1
frameId=55
sid=cid0001bee1@dx19c0ecb47b43010001
dataType=1
dataStatus=1
dataLen=214

[2026/01/30 20:05:39 979] [P0x000970d0] [T0x00097114] D/DataSender(line 705)           :send packet, ret=300, need_resend=0, send_cnt=1, sessionNo=1, info:
streamId=audio-1
frameId=56
sid=cid0001bee1@dx19c0ecb47b43010001
dataType=1
dataStatus=1
dataLen=214

[2026/01/30 20:05:39 979] [P0x000970d0] [T0x00097114] D/DataSender(line 705)           :send packet, ret=300, need_resend=0, send_cnt=1, sessionNo=1, info:
streamId=audio-1
frameId=57
sid=cid0001bee1@dx19c0ecb47b43010001
dataType=1
dataStatus=1
dataLen=214

[2026/01/30 20:05:40 005] [P0x000970d0] [T0x00097196] D/WSConnection(line 603)         :receive data completely, dataLen=69
[2026/01/30 20:05:40 005] [P0x000970d0] [T0x00097102] D/DataSender(line 867)           :parsed data as ack, s2ack_time=27ms, info:
streamId=audio-1
frameId=54
retCode=0

[2026/01/30 20:05:40 005] [P0x000970d0] [T0x00097196] D/WSConnection(line 603)         :receive data completely, dataLen=69
[2026/01/30 20:05:40 005] [P0x000970d0] [T0x00097102] D/DataSender(line 867)           :parsed data as ack, s2ack_time=27ms, info:
streamId=audio-1
frameId=55
retCode=0

[2026/01/30 20:05:40 005] [P0x000970d0] [T0x00097196] D/WSConnection(line 603)         :receive data completely, dataLen=69
[2026/01/30 20:05:40 005] [P0x000970d0] [T0x00097102] D/DataSender(line 867)           :parsed data as ack, s2ack_time=26ms, info:
streamId=audio-1
frameId=56
retCode=0

[2026/01/30 20:05:40 006] [P0x000970d0] [T0x00097196] D/WSConnection(line 603)         :receive data completely, dataLen=69
[2026/01/30 20:05:40 006] [P0x000970d0] [T0x00097102] D/DataSender(line 867)           :parsed data as ack, s2ack_time=27ms, info:
streamId=audio-1
frameId=57
retCode=0

[2026/01/30 20:05:40 159] [P0x000970d0] [T0x00097114] D/DataSender(line 705)           :send packet, ret=300, need_resend=0, send_cnt=1, sessionNo=1, info:
streamId=audio-1
frameId=58
sid=cid0001bee1@dx19c0ecb47b43010001
dataType=1
dataStatus=1
dataLen=214

[2026/01/30 20:05:40 159] [P0x000970d0] [T0x00097114] D/DataSender(line 705)           :send packet, ret=300, need_resend=0, send_cnt=1, sessionNo=1, info:
streamId=audio-1
frameId=59
sid=cid0001bee1@dx19c0ecb47b43010001
dataType=1
dataStatus=1
dataLen=214

[2026/01/30 20:05:40 159] [P0x000970d0] [T0x00097114] D/DataSender(line 705)           :send packet, ret=300, need_resend=0, send_cnt=1, sessionNo=1, info:
streamId=audio-1
frameId=60
sid=cid0001bee1@dx19c0ecb47b43010001
dataType=1
dataStatus=1
dataLen=214

[2026/01/30 20:05:40 186] [P0x000970d0] [T0x00097196] D/WSConnection(line 603)         :receive data completely, dataLen=69
[2026/01/30 20:05:40 186] [P0x000970d0] [T0x00097196] D/WSConnection(line 603)         :receive data completely, dataLen=69
[2026/01/30 20:05:40 186] [P0x000970d0] [T0x00097102] D/DataSender(line 867)           :parsed data as ack, s2ack_time=27ms, info:
streamId=audio-1
frameId=58
retCode=0

[2026/01/30 20:05:40 186] [P0x000970d0] [T0x00097196] D/WSConnection(line 603)         :receive data completely, dataLen=69
[2026/01/30 20:05:40 186] [P0x000970d0] [T0x00097102] D/DataSender(line 867)           :parsed data as ack, s2ack_time=27ms, info:
streamId=audio-1
frameId=59
retCode=0

[2026/01/30 20:05:40 186] [P0x000970d0] [T0x00097102] D/DataSender(line 867)           :parsed data as ack, s2ack_time=27ms, info:
streamId=audio-1
frameId=60
retCode=0

[2026/01/30 20:05:40 199] [P0x000970d0] [T0x00097114] D/DataSender(line 705)           :send packet, ret=300, need_resend=0, send_cnt=1, sessionNo=1, info:
streamId=audio-1
frameId=61
sid=cid0001bee1@dx19c0ecb47b43010001
dataType=1
dataStatus=1
dataLen=214

[2026/01/30 20:05:40 199] [P0x000970d0] [T0x00097114] D/DataSender(line 705)           :send packet, ret=300, need_resend=0, send_cnt=1, sessionNo=1, info:
streamId=audio-1
frameId=62
sid=cid0001bee1@dx19c0ecb47b43010001
dataType=1
dataStatus=1
dataLen=214

[2026/01/30 20:05:40 199] [P0x000970d0] [T0x00097114] D/DataSender(line 705)           :send packet, ret=300, need_resend=0, send_cnt=1, sessionNo=1, info:
streamId=audio-1
frameId=63
sid=cid0001bee1@dx19c0ecb47b43010001
dataType=1
dataStatus=1
dataLen=214

[2026/01/30 20:05:40 225] [P0x000970d0] [T0x00097196] D/WSConnection(line 603)         :receive data completely, dataLen=69
[2026/01/30 20:05:40 225] [P0x000970d0] [T0x00097102] D/DataSender(line 867)           :parsed data as ack, s2ack_time=26ms, info:
streamId=audio-1
frameId=61
retCode=0

[2026/01/30 20:05:40 226] [P0x000970d0] [T0x00097196] D/WSConnection(line 603)         :receive data completely, dataLen=69
[2026/01/30 20:05:40 226] [P0x000970d0] [T0x00097102] D/DataSender(line 867)           :parsed data as ack, s2ack_time=27ms, info:
streamId=audio-1
frameId=62
retCode=0

[2026/01/30 20:05:40 226] [P0x000970d0] [T0x00097196] D/WSConnection(line 603)         :receive data completely, dataLen=69
[2026/01/30 20:05:40 226] [P0x000970d0] [T0x00097102] D/DataSender(line 867)           :parsed data as ack, s2ack_time=27ms, info:
streamId=audio-1
frameId=63
retCode=0

[2026/01/30 20:05:40 379] [P0x000970d0] [T0x00097114] D/DataSender(line 705)           :send packet, ret=300, need_resend=0, send_cnt=1, sessionNo=1, info:
streamId=audio-1
frameId=64
sid=cid0001bee1@dx19c0ecb47b43010001
dataType=1
dataStatus=1
dataLen=214

[2026/01/30 20:05:40 379] [P0x000970d0] [T0x00097114] D/DataSender(line 705)           :send packet, ret=300, need_resend=0, send_cnt=1, sessionNo=1, info:
streamId=audio-1
frameId=65
sid=cid0001bee1@dx19c0ecb47b43010001
dataType=1
dataStatus=1
dataLen=214

[2026/01/30 20:05:40 380] [P0x000970d0] [T0x00097114] D/DataSender(line 705)           :send packet, ret=300, need_resend=0, send_cnt=1, sessionNo=1, info:
streamId=audio-1
frameId=66
sid=cid0001bee1@dx19c0ecb47b43010001
dataType=1
dataStatus=1
dataLen=214

[2026/01/30 20:05:40 409] [P0x000970d0] [T0x00097196] D/WSConnection(line 603)         :receive data completely, dataLen=69
[2026/01/30 20:05:40 409] [P0x000970d0] [T0x00097196] D/WSConnection(line 603)         :receive data completely, dataLen=69
[2026/01/30 20:05:40 409] [P0x000970d0] [T0x00097102] D/DataSender(line 867)           :parsed data as ack, s2ack_time=30ms, info:
streamId=audio-1
frameId=64
retCode=0

[2026/01/30 20:05:40 409] [P0x000970d0] [T0x00097196] D/WSConnection(line 603)         :receive data completely, dataLen=69
[2026/01/30 20:05:40 409] [P0x000970d0] [T0x00097102] D/DataSender(line 867)           :parsed data as ack, s2ack_time=30ms, info:
streamId=audio-1
frameId=65
retCode=0

[2026/01/30 20:05:40 409] [P0x000970d0] [T0x00097102] D/DataSender(line 867)           :parsed data as ack, s2ack_time=29ms, info:
streamId=audio-1
frameId=66
retCode=0

[2026/01/30 20:05:40 419] [P0x000970d0] [T0x00097114] D/DataSender(line 705)           :send packet, ret=300, need_resend=0, send_cnt=1, sessionNo=1, info:
streamId=audio-1
frameId=67
sid=cid0001bee1@dx19c0ecb47b43010001
dataType=1
dataStatus=1
dataLen=214

[2026/01/30 20:05:40 419] [P0x000970d0] [T0x00097114] D/DataSender(line 705)           :send packet, ret=300, need_resend=0, send_cnt=1, sessionNo=1, info:
streamId=audio-1
frameId=68
sid=cid0001bee1@dx19c0ecb47b43010001
dataType=1
dataStatus=1
dataLen=214

[2026/01/30 20:05:40 420] [P0x000970d0] [T0x00097114] D/DataSender(line 705)           :send packet, ret=300, need_resend=0, send_cnt=1, sessionNo=1, info:
streamId=audio-1
frameId=69
sid=cid0001bee1@dx19c0ecb47b43010001
dataType=1
dataStatus=1
dataLen=214

[2026/01/30 20:05:40 446] [P0x000970d0] [T0x00097196] D/WSConnection(line 603)         :receive data completely, dataLen=69
[2026/01/30 20:05:40 446] [P0x000970d0] [T0x00097196] D/WSConnection(line 603)         :receive data completely, dataLen=69
[2026/01/30 20:05:40 446] [P0x000970d0] [T0x00097102] D/DataSender(line 867)           :parsed data as ack, s2ack_time=27ms, info:
streamId=audio-1
frameId=67
retCode=0

[2026/01/30 20:05:40 446] [P0x000970d0] [T0x00097102] D/DataSender(line 867)           :parsed data as ack, s2ack_time=27ms, info:
streamId=audio-1
frameId=68
retCode=0

[2026/01/30 20:05:40 446] [P0x000970d0] [T0x00097196] D/WSConnection(line 603)         :receive data completely, dataLen=69
[2026/01/30 20:05:40 446] [P0x000970d0] [T0x00097102] D/DataSender(line 867)           :parsed data as ack, s2ack_time=26ms, info:
streamId=audio-1
frameId=69
retCode=0

[2026/01/30 20:05:40 578] [P0x000970d0] [T0x00097116] I/VadUnit(line 714)              :vad_eos found, confidence=0.850044.
[2026/01/30 20:05:40 578] [P0x000970d0] [T0x00097114] D/DataSender(line 705)           :send packet, ret=300, need_resend=0, send_cnt=1, sessionNo=1, info:
streamId=audio-1
frameId=70
sid=cid0001bee1@dx19c0ecb47b43010001
dataType=1
dataStatus=1
dataLen=214

[2026/01/30 20:05:40 578] [P0x000970d0] [T0x00097114] D/DataSender(line 705)           :send packet, ret=300, need_resend=0, send_cnt=1, sessionNo=1, info:
streamId=audio-1
frameId=71
sid=cid0001bee1@dx19c0ecb47b43010001
dataType=1
dataStatus=1
dataLen=214

[2026/01/30 20:05:40 578] [P0x000970d0] [T0x00097117] D/DataSender(line 524)           :set result timeout 5000ms for stream audio-1, taskId=1072.
[2026/01/30 20:05:40 578] [P0x000970d0] [T0x00097114] D/DataSender(line 705)           :send packet, ret=300, need_resend=0, send_cnt=1, sessionNo=1, info:
streamId=audio-1
frameId=72
sid=cid0001bee1@dx19c0ecb47b43010001
dataType=1
dataStatus=2
dataLen=214

[2026/01/30 20:05:40 605] [P0x000970d0] [T0x00097196] D/WSConnection(line 603)         :receive data completely, dataLen=69
[2026/01/30 20:05:40 605] [P0x000970d0] [T0x00097196] D/WSConnection(line 603)         :receive data completely, dataLen=69
[2026/01/30 20:05:40 605] [P0x000970d0] [T0x00097102] D/DataSender(line 867)           :parsed data as ack, s2ack_time=27ms, info:
streamId=audio-1
frameId=70
retCode=0

[2026/01/30 20:05:40 605] [P0x000970d0] [T0x00097102] D/DataSender(line 867)           :parsed data as ack, s2ack_time=27ms, info:
streamId=audio-1
frameId=71
retCode=0

[2026/01/30 20:05:40 605] [P0x000970d0] [T0x00097196] D/WSConnection(line 603)         :receive data completely, dataLen=69
[2026/01/30 20:05:40 605] [P0x000970d0] [T0x00097102] D/DataSender(line 867)           :parsed data as ack, s2ack_time=27ms, info:
streamId=audio-1
frameId=72
retCode=0

[2026/01/30 20:05:40 709] [P0x000970d0] [T0x00097196] D/WSConnection(line 603)         :receive data completely, dataLen=362
[2026/01/30 20:05:40 710] [P0x000970d0] [T0x00097196] D/DataSender(line 1466)          :parsed data as result, stmid=audio-1, sid=cid0001bee1@dx19c0ecb47b43010001, retCode=0, params:
{"data":[{"content":[{"cnt_id":"0","dte":"utf8","dtf":"json"}],"params":{"accent":"mandarin","cmd":"[{\"service\":\"iat\",\"next\":\"end\"}]","frstid":"1","language":"zh-cn","lrst":"1","rss":"2","rstid":1,"sub":"iat"}}]}

[2026/01/30 20:05:40 710] [P0x000970d0] [T0x00097113] D/ResultScheduler(line 313)      :sub=iat, result={"text":{"bg":0,"ed":0,"ls":true,"sn":1,"ws":[{"bg":0,"cw":[{"sc":0,"w":"你好"}]},{"bg":0,"cw":[{"sc":0,"w":"精灵"}]},{"bg":0,"cw":[{"sc":0,"w":""}]}]}}
[2026/01/30 20:05:40 710] [P0x000970d0] [T0x00097113] D/ResultScheduler(line 456)      :stat size=1
[2026/01/30 20:05:40 710] [P0x000970d0] [T0x00097113] D/ResultScheduler(line 457)      :rstMap size=0
[2026/01/30 20:05:40 710] [P0x000970d0] [T0x00097113] D/ResultScheduler(line 458)      :sid=cid0001bee1@dx19c0ecb47b43010001
[2026/01/30 20:05:40 710] [P0x000970d0] [T0x00097113] D/ResultScheduler(line 459)      :streamId=audio-1
[2026/01/30 20:05:40 710] [P0x000970d0] [T0x00097113] D/ResultScheduler(line 460)      :bizParam={"data":[{"content":[{"cnt_id":"0","dte":"utf8","dtf":"json"}],"params":{"accent":"mandarin","cmd":"[{\"service\":\"iat\",\"next\":\"end\"}]","frstid":"1","language":"zh-cn","lrst":"1","rss":"2","rstid":1,"sub":"iat"}}]}
[2026/01/30 20:05:40 710] [P0x000970d0] [T0x00097102] D/DataSender(line 1047)          :stream audio-1 received result, reset the continued timeout count.
[2026/01/30 20:05:40 710] [P0x000970d4] [T0x00097107] D/AIUIScheduler(line 1010)       :CMD_TTS
[2026/01/30 20:05:40 710] [P0x000970d4] [T0x00097107] D/DataSender(line 524)           :set result timeout 15000ms for stream text-1, taskId=1001.
[2026/01/30 20:05:40 710] [P0x000970d4] [T0x00097107] D/TextUploader(line 96)          :textParams={"appid":"ad184cbf","context":{"sdk_support":["tts","iat","nlp"]},"dtype":"text","scene":"IFLYTEK.tts","sn":"bc:fc:e7:cc:1d:1a","stmid":"text-1","vcn":"x4_lingxiaoying_em_v2"}.
[2026/01/30 20:05:40 710] [P0x000970d4] [T0x0009710f] W/DataSender(line 595)           :not logined, reset connection.
[2026/01/30 20:05:40 710] [P0x000970d4] [T0x0009710e] D/AIUISession(line 561)          :reset connection, allFailed=0.
[2026/01/30 20:05:40 710] [P0x000970d4] [T0x0009710e] D/NameServer(line 439)           :startTask, ttl=6000.
[2026/01/30 20:05:40 711] [P0x000970d4] [T0x0009719f] D/PushConnection(line 222)       :getChidHttps, host=aiui-ipv6.openspeech.cn, hostIP=42.62.116.26.
[2026/01/30 20:05:40 711] [P0x000970d4] [T0x0009719f] D/PushConnection(line 251)       :getChid, POST request:
POST /v1.1/server/register HTTP/1.1
Host: aiui-ipv6.openspeech.cn
Content-Type: text/json
Connection: Close
Content-Length: 422

{"appid":"ad184cbf","cmd":1,"encrypt_key":"","lgi_params":{"app.name":"wheeltec_mic_ai","app.path":"/lib/","auth_id":"","cver":"6.6.0001.0041","dev_lang":"cpp","imei":"","key":"301e469bbd67f75138209b58436a9e1a","mac":"bc:fc:e7:cc:1d:1a","openudid":"","os_sys":"Linux","prot_type":"pb","pwd":"","sn":"bc:fc:e7:cc:1d:1a","unique_id":"2efc5aa377304ae37a110d94c86ee84c3","usr":"","ver_type":"desktop_pc"},"uid":"d19271650701"}

[2026/01/30 20:05:40 856] [P0x000970d4] [T0x0009719f] D/PushConnection(line 272)       :getChid, spent 145ms, response:
HTTP/1.1 200 OK
Server: openresty
Date: Fri, 30 Jan 2026 12:05:40 GMT
Content-Type: application/json; charset=utf-8
Content-Length: 129
Connection: close

{"ret":0,"uid":"d19271650701","chid":"cid00016eb0@dx19c0ecb756ca75e532","sid":"cau00016eaf@dx19c0ecb756ba75e532","err":"success"}

[2026/01/30 20:05:40 856] [P0x000970d4] [T0x0009719f] D/PushConnection(line 316)       :getChid, success, chid=cid00016eb0@dx19c0ecb756ca75e532.
[2026/01/30 20:05:40 856] [P0x000970d4] [T0x0009719f] D/DataReceiver(line 307)         :push connected.
[2026/01/30 20:05:40 856] [P0x000970d4] [T0x0009710e] I/AIUISession(line 429)          :connected to server.
[2026/01/30 20:05:40 856] [P0x000970d4] [T0x0009710e] D/ServerConnection(line 894)     :connect to server success
[2026/01/30 20:05:40 856] [P0x000970d4] [T0x0009710e] D/DataSender(line 897)           :clear ack error.
[2026/01/30 20:05:40 856] [P0x000970d4] [T0x0009710f] W/DataSender(line 608)           :up is non-connected, try to connect right now.
[2026/01/30 20:05:40 856] [P0x000970d4] [T0x0009710a] D/DataSender(line 1664)          :try to reconnect up.
[2026/01/30 20:05:40 856] [P0x000970d4] [T0x000971a0] D/WSConnection(line 410)         :start connecting, tid=618912, sessionNo=1.
[2026/01/30 20:05:40 856] [P0x000970d4] [T0x000971a0] D/WSConnection(line 299)         :createWebSocket, host=aiui-ipv6.openspeech.cn, ip=42.62.116.26.
[2026/01/30 20:05:40 857] [P0x000970d4] [T0x000971a0] D/WSConnection(line 326)         :connecting wss://aiui-ipv6.openspeech.cn/aiui/v2.1/upload.do, tid=618912, sessionNo=1.
[2026/01/30 20:05:40 857] [P0x000970d4] [T0x000971a0] D/WSConnection(line 333)         :websocket, GET request:
GET /aiui/v2.1/upload.do HTTP/1.1
Origin: https://aiui-ipv6.openspeech.cn
Host: aiui-ipv6.openspeech.cn



[2026/01/30 20:05:40 997] [P0x000970d4] [T0x000971a0] D/WSConnection(line 361)         :connected to wss://aiui-ipv6.openspeech.cn/aiui/v2.1/upload.do, spent 140ms, tid=618912, sessionNo=1.
[2026/01/30 20:05:40 997] [P0x000970d4] [T0x000971a0] D/WSConnection(line 365)         :websocket, response:
HTTP/1.1 101 Switching Protocols
Server: openresty
Date: Fri, 30 Jan 2026 12:05:40 GMT
Connection: upgrade
Upgrade: websocket
Sec-WebSocket-Accept: 5U3H4FYnZvAams7iOXWCeOYHhJw=



[2026/01/30 20:05:40 997] [P0x000970d4] [T0x000971a0] D/WSConnection(line 419)         :connect success, tid=618912, sessionNo=1.
[2026/01/30 20:05:40 997] [P0x000970d4] [T0x000971a0] D/DataSender(line 1429)          :up connected, try to send packet.
[2026/01/30 20:05:40 997] [P0x000970d4] [T0x000971a0] D/WSConnection(line 473)         :start receiving, tid=618912, sessionNo=1.
[2026/01/30 20:05:40 997] [P0x000970d4] [T0x0009710f] D/DataSender(line 705)           :send packet, ret=562, need_resend=0, send_cnt=1, sessionNo=1, info:
streamId=text-1
frameId=1
sid=cid00016eb0@dx19c0ecb756ca040001
dataType=0
dataStatus=3
dataLen=36
args={"cnt_id":"0","dte":"","dtf":""}
params={"appid":"ad184cbf","context":{"sdk_support":["tts","iat","nlp"]},"dtype":"text","scene":"IFLYTEK.tts","sn":"bc:fc:e7:cc:1d:1a","stmid":"text-1","vcn":"x4_lingxiaoying_em_v2"}
userParams=

[2026/01/30 20:05:41 038] [P0x000970d4] [T0x000971a0] D/WSConnection(line 603)         :receive data completely, dataLen=65
[2026/01/30 20:05:41 038] [P0x000970d4] [T0x0009710a] D/DataSender(line 867)           :parsed data as ack, s2ack_time=41ms, info:
streamId=text-1
frameId=1
retCode=0

[2026/01/30 20:05:41 245] [P0x000970d4] [T0x000971a0] D/WSConnection(line 603)         :receive data completely, dataLen=1898
[2026/01/30 20:05:41 245] [P0x000970d4] [T0x000971a0] D/DataSender(line 1466)          :parsed data as result, stmid=text-1, sid=cid00016eb0@dx19c0ecb756ca040001, retCode=0, params:
{"data":[{"content":[{"cancel":"0","cnt_id":"0","dte":"speex-wb;7","dtf":"audio/L16;rate=16000","dts":0,"error":"","frame_id":1,"text_end":36,"text_percent":100,"text_seg":"我在，有什么可以帮助你的","text_start":0,"url":"0"}],"params":{"cmd":"[{\"service\":\"tts\",\"next\":\"end\"}]","lrst":"0","rstid":1,"sub":"tts","tts":"1"}}]}

[2026/01/30 20:05:41 245] [P0x000970d4] [T0x0009710e] D/ResultScheduler(line 316)      :sub=tts, binary result
[2026/01/30 20:05:41 246] [P0x000970d4] [T0x0009710e] D/ResultScheduler(line 456)      :stat size=1
[2026/01/30 20:05:41 246] [P0x000970d4] [T0x0009710e] D/ResultScheduler(line 457)      :rstMap size=0
[2026/01/30 20:05:41 246] [P0x000970d4] [T0x0009710e] D/ResultScheduler(line 458)      :sid=cid00016eb0@dx19c0ecb756ca040001
[2026/01/30 20:05:41 246] [P0x000970d4] [T0x0009710e] D/ResultScheduler(line 459)      :streamId=text-1
[2026/01/30 20:05:41 246] [P0x000970d4] [T0x0009710e] D/ResultScheduler(line 460)      :bizParam={"data":[{"content":[{"cancel":"0","cnt_id":"0","dte":"pcm","dtf":"audio/L16;rate=16000","dts":0,"error":"","frame_id":1,"text_end":36,"text_percent":100,"text_seg":"我在，有什么可以帮助你的","text_start":0,"url":"0"}],"params":{"cmd":"[{\"service\":\"tts\",\"next\":\"end\"}]","lrst":"0","rstid":1,"sub":"tts","tts":"1"}}]}
[2026/01/30 20:05:41 246] [P0x000970d4] [T0x0009710a] D/DataSender(line 1047)          :stream text-1 received result, reset the continued timeout count.
[2026/01/30 20:05:41 330] [P0x000970d4] [T0x000971a0] D/WSConnection(line 603)         :receive data completely, dataLen=1770
[2026/01/30 20:05:41 330] [P0x000970d4] [T0x000971a0] D/DataSender(line 1466)          :parsed data as result, stmid=text-1, sid=cid00016eb0@dx19c0ecb756ca040001, retCode=0, params:
{"data":[{"content":[{"cancel":"0","cnt_id":"0","dte":"speex-wb;7","dtf":"audio/L16;rate=16000","dts":1,"error":"","frame_id":2,"text_end":36,"text_percent":100,"text_seg":"我在，有什么可以帮助你的","text_start":0,"url":"0"}],"params":{"cmd":"[{\"service\":\"tts\",\"next\":\"end\"}]","lrst":"0","rstid":1,"sub":"tts","tts":"1"}}]}

[2026/01/30 20:05:41 330] [P0x000970d4] [T0x0009710e] D/ResultScheduler(line 316)      :sub=tts, binary result
[2026/01/30 20:05:41 331] [P0x000970d4] [T0x0009710e] D/ResultScheduler(line 456)      :stat size=1
[2026/01/30 20:05:41 331] [P0x000970d4] [T0x0009710e] D/ResultScheduler(line 457)      :rstMap size=0
[2026/01/30 20:05:41 331] [P0x000970d4] [T0x0009710e] D/ResultScheduler(line 458)      :sid=cid00016eb0@dx19c0ecb756ca040001
[2026/01/30 20:05:41 331] [P0x000970d4] [T0x0009710e] D/ResultScheduler(line 459)      :streamId=text-1
[2026/01/30 20:05:41 331] [P0x000970d4] [T0x0009710e] D/ResultScheduler(line 460)      :bizParam={"data":[{"content":[{"cancel":"0","cnt_id":"0","dte":"pcm","dtf":"audio/L16;rate=16000","dts":1,"error":"","frame_id":2,"text_end":36,"text_percent":100,"text_seg":"我在，有什么可以帮助你的","text_start":0,"url":"0"}],"params":{"cmd":"[{\"service\":\"tts\",\"next\":\"end\"}]","lrst":"0","rstid":1,"sub":"tts","tts":"1"}}]}
[2026/01/30 20:05:41 331] [P0x000970d4] [T0x0009710a] D/DataSender(line 1047)          :stream text-1 received result, reset the continued timeout count.
[2026/01/30 20:05:41 528] [P0x000970d4] [T0x000971a0] D/WSConnection(line 603)         :receive data completely, dataLen=1914
[2026/01/30 20:05:41 528] [P0x000970d4] [T0x000971a0] D/DataSender(line 1466)          :parsed data as result, stmid=text-1, sid=cid00016eb0@dx19c0ecb756ca040001, retCode=0, params:
{"data":[{"content":[{"cancel":"0","cnt_id":"0","dte":"speex-wb;7","dtf":"audio/L16;rate=16000","dts":1,"error":"","frame_id":3,"text_end":36,"text_percent":100,"text_seg":"我在，有什么可以帮助你的","text_start":0,"url":"0"}],"params":{"cmd":"[{\"service\":\"tts\",\"next\":\"end\"}]","lrst":"0","rstid":1,"sub":"tts","tts":"1"}}]}

[2026/01/30 20:05:41 528] [P0x000970d4] [T0x0009710e] D/ResultScheduler(line 316)      :sub=tts, binary result
[2026/01/30 20:05:41 528] [P0x000970d4] [T0x0009710e] D/ResultScheduler(line 456)      :stat size=1
[2026/01/30 20:05:41 528] [P0x000970d4] [T0x0009710e] D/ResultScheduler(line 457)      :rstMap size=0
[2026/01/30 20:05:41 528] [P0x000970d4] [T0x0009710e] D/ResultScheduler(line 458)      :sid=cid00016eb0@dx19c0ecb756ca040001
[2026/01/30 20:05:41 528] [P0x000970d4] [T0x0009710e] D/ResultScheduler(line 459)      :streamId=text-1
[2026/01/30 20:05:41 528] [P0x000970d4] [T0x0009710e] D/ResultScheduler(line 460)      :bizParam={"data":[{"content":[{"cancel":"0","cnt_id":"0","dte":"pcm","dtf":"audio/L16;rate=16000","dts":1,"error":"","frame_id":3,"text_end":36,"text_percent":100,"text_seg":"我在，有什么可以帮助你的","text_start":0,"url":"0"}],"params":{"cmd":"[{\"service\":\"tts\",\"next\":\"end\"}]","lrst":"0","rstid":1,"sub":"tts","tts":"1"}}]}
[2026/01/30 20:05:41 528] [P0x000970d4] [T0x0009710a] D/DataSender(line 1047)          :stream text-1 received result, reset the continued timeout count.
[2026/01/30 20:05:41 666] [P0x000970d4] [T0x000971a0] D/WSConnection(line 603)         :receive data completely, dataLen=1914
[2026/01/30 20:05:41 666] [P0x000970d4] [T0x000971a0] D/DataSender(line 1466)          :parsed data as result, stmid=text-1, sid=cid00016eb0@dx19c0ecb756ca040001, retCode=0, params:
{"data":[{"content":[{"cancel":"0","cnt_id":"0","dte":"speex-wb;7","dtf":"audio/L16;rate=16000","dts":1,"error":"","frame_id":4,"text_end":36,"text_percent":100,"text_seg":"我在，有什么可以帮助你的","text_start":0,"url":"0"}],"params":{"cmd":"[{\"service\":\"tts\",\"next\":\"end\"}]","lrst":"0","rstid":1,"sub":"tts","tts":"1"}}]}

[2026/01/30 20:05:41 666] [P0x000970d4] [T0x0009710e] D/ResultScheduler(line 316)      :sub=tts, binary result
[2026/01/30 20:05:41 666] [P0x000970d4] [T0x0009710e] D/ResultScheduler(line 456)      :stat size=1
[2026/01/30 20:05:41 666] [P0x000970d4] [T0x0009710e] D/ResultScheduler(line 457)      :rstMap size=0
[2026/01/30 20:05:41 666] [P0x000970d4] [T0x0009710e] D/ResultScheduler(line 458)      :sid=cid00016eb0@dx19c0ecb756ca040001
[2026/01/30 20:05:41 666] [P0x000970d4] [T0x0009710e] D/ResultScheduler(line 459)      :streamId=text-1
[2026/01/30 20:05:41 666] [P0x000970d4] [T0x0009710e] D/ResultScheduler(line 460)      :bizParam={"data":[{"content":[{"cancel":"0","cnt_id":"0","dte":"pcm","dtf":"audio/L16;rate=16000","dts":1,"error":"","frame_id":4,"text_end":36,"text_percent":100,"text_seg":"我在，有什么可以帮助你的","text_start":0,"url":"0"}],"params":{"cmd":"[{\"service\":\"tts\",\"next\":\"end\"}]","lrst":"0","rstid":1,"sub":"tts","tts":"1"}}]}
[2026/01/30 20:05:41 666] [P0x000970d4] [T0x0009710a] D/DataSender(line 1047)          :stream text-1 received result, reset the continued timeout count.
[2026/01/30 20:05:41 751] [P0x000970d4] [T0x000971a0] D/WSConnection(line 603)         :receive data completely, dataLen=1802
[2026/01/30 20:05:41 751] [P0x000970d4] [T0x000971a0] D/DataSender(line 1466)          :parsed data as result, stmid=text-1, sid=cid00016eb0@dx19c0ecb756ca040001, retCode=0, params:
{"data":[{"content":[{"cancel":"0","cnt_id":"0","dte":"speex-wb;7","dtf":"audio/L16;rate=16000","dts":1,"error":"","frame_id":5,"text_end":36,"text_percent":100,"text_seg":"我在，有什么可以帮助你的","text_start":0,"url":"0"}],"params":{"cmd":"[{\"service\":\"tts\",\"next\":\"end\"}]","lrst":"0","rstid":1,"sub":"tts","tts":"1"}}]}

[2026/01/30 20:05:41 751] [P0x000970d4] [T0x0009710e] D/ResultScheduler(line 316)      :sub=tts, binary result
[2026/01/30 20:05:41 752] [P0x000970d4] [T0x0009710e] D/ResultScheduler(line 456)      :stat size=1
[2026/01/30 20:05:41 752] [P0x000970d4] [T0x0009710e] D/ResultScheduler(line 457)      :rstMap size=0
[2026/01/30 20:05:41 752] [P0x000970d4] [T0x0009710e] D/ResultScheduler(line 458)      :sid=cid00016eb0@dx19c0ecb756ca040001
[2026/01/30 20:05:41 752] [P0x000970d4] [T0x0009710e] D/ResultScheduler(line 459)      :streamId=text-1
[2026/01/30 20:05:41 752] [P0x000970d4] [T0x0009710e] D/ResultScheduler(line 460)      :bizParam={"data":[{"content":[{"cancel":"0","cnt_id":"0","dte":"pcm","dtf":"audio/L16;rate=16000","dts":1,"error":"","frame_id":5,"text_end":36,"text_percent":100,"text_seg":"我在，有什么可以帮助你的","text_start":0,"url":"0"}],"params":{"cmd":"[{\"service\":\"tts\",\"next\":\"end\"}]","lrst":"0","rstid":1,"sub":"tts","tts":"1"}}]}
[2026/01/30 20:05:41 752] [P0x000970d4] [T0x0009710a] D/DataSender(line 1047)          :stream text-1 received result, reset the continued timeout count.
[2026/01/30 20:05:41 752] [P0x000970d4] [T0x000971a0] D/WSConnection(line 603)         :receive data completely, dataLen=394
[2026/01/30 20:05:41 753] [P0x000970d4] [T0x000971a0] D/DataSender(line 1466)          :parsed data as result, stmid=text-1, sid=cid00016eb0@dx19c0ecb756ca040001, retCode=0, params:
{"data":[{"content":[{"cancel":"0","cnt_id":"0","dte":"speex-wb;7","dtf":"audio/L16;rate=16000","dts":2,"error":"","frame_id":6,"text_end":36,"text_percent":100,"text_seg":"我在，有什么可以帮助你的","text_start":0,"url":"0"}],"params":{"cmd":"[{\"service\":\"tts\",\"next\":\"end\"}]","frstid":"1","lrst":"1","rstid":1,"sub":"tts","tts":"1"}}]}

[2026/01/30 20:05:41 753] [P0x000970d4] [T0x000971a0] D/DataSender(line 473)           :receive stream completed, streamId=text-1.
[2026/01/30 20:05:41 753] [P0x000970d4] [T0x0009710e] D/ResultScheduler(line 316)      :sub=tts, binary result
[2026/01/30 20:05:41 753] [P0x000970d4] [T0x0009710e] D/ResultScheduler(line 456)      :stat size=1
[2026/01/30 20:05:41 753] [P0x000970d4] [T0x0009710e] D/ResultScheduler(line 457)      :rstMap size=0
[2026/01/30 20:05:41 753] [P0x000970d4] [T0x0009710e] D/ResultScheduler(line 458)      :sid=cid00016eb0@dx19c0ecb756ca040001
[2026/01/30 20:05:41 753] [P0x000970d4] [T0x0009710e] D/ResultScheduler(line 459)      :streamId=text-1
[2026/01/30 20:05:41 753] [P0x000970d4] [T0x0009710e] D/ResultScheduler(line 460)      :bizParam={"data":[{"content":[{"cancel":"0","cnt_id":"0","dte":"pcm","dtf":"audio/L16;rate=16000","dts":2,"error":"","frame_id":6,"text_end":36,"text_percent":100,"text_seg":"我在，有什么可以帮助你的","text_start":0,"url":"0"}],"params":{"cmd":"[{\"service\":\"tts\",\"next\":\"end\"}]","frstid":"1","lrst":"1","rstid":1,"sub":"tts","tts":"1"}}]}
[2026/01/30 20:05:41 753] [P0x000970d4] [T0x0009710a] D/DataSender(line 1047)          :stream text-1 received result, reset the continued timeout count.
[2026/01/30 20:05:42 079] [P0x000970d0] [T0x00097116] I/VadUnit(line 653)              :write audio before bos, length=19200.
[2026/01/30 20:05:42 079] [P0x000970d0] [T0x00097116] I/VadUnit(line 665)              :vad_bos found, stmid=audio-2.
[2026/01/30 20:05:42 079] [P0x000970d0] [T0x00097114] D/DataSender(line 705)           :send packet, ret=1029, need_resend=0, send_cnt=1, sessionNo=1, info:
streamId=audio-2
frameId=1
sid=cid0001bee1@dx19c0ecb47b46010002
dataType=1
dataStatus=0
dataLen=214
args={"cnt_id":"0","dte":"speex-wb;10","dtf":"audio/L16;rate=16000","frame_size":"1280"}
params={"appid":"ad184cbf","context":{"sdk_support":["tts","iat","nlp"]},"dev_lang":"cpp","dsrc":"sdk","dtype":"audio","interact_mode":"continuous","os_sys":"Linux","prot_type":"pb","sample_rate":"16000","scene":"main_box","sdk_ver":"6.6.0001.0041","sn":"bc:fc:e7:cc:1d:1a","stmid":"audio-2","ver_type":"desktop_pc","wake_id":"176977472901646396e5f04ea14bce1a1d82d"}
userParams=

[2026/01/30 20:05:42 080] [P0x000970d0] [T0x00097114] D/DataSender(line 705)           :send packet, ret=300, need_resend=0, send_cnt=1, sessionNo=1, info:
streamId=audio-2
frameId=2
sid=cid0001bee1@dx19c0ecb47b46010002
dataType=1
dataStatus=1
dataLen=214

[2026/01/30 20:05:42 080] [P0x000970d0] [T0x00097114] D/DataSender(line 705)           :send packet, ret=300, need_resend=0, send_cnt=1, sessionNo=1, info:
streamId=audio-2
frameId=3
sid=cid0001bee1@dx19c0ecb47b46010002
dataType=1
dataStatus=1
dataLen=214

[2026/01/30 20:05:42 080] [P0x000970d0] [T0x00097114] D/DataSender(line 705)           :send packet, ret=300, need_resend=0, send_cnt=1, sessionNo=1, info:
streamId=audio-2
frameId=4
sid=cid0001bee1@dx19c0ecb47b46010002
dataType=1
dataStatus=1
dataLen=214

[2026/01/30 20:05:42 081] [P0x000970d0] [T0x00097114] D/DataSender(line 705)           :send packet, ret=300, need_resend=0, send_cnt=1, sessionNo=1, info:
streamId=audio-2
frameId=5
sid=cid0001bee1@dx19c0ecb47b46010002
dataType=1
dataStatus=1
dataLen=214

[2026/01/30 20:05:42 081] [P0x000970d0] [T0x00097114] D/DataSender(line 705)           :send packet, ret=300, need_resend=0, send_cnt=1, sessionNo=1, info:
streamId=audio-2
frameId=6
sid=cid0001bee1@dx19c0ecb47b46010002
dataType=1
dataStatus=1
dataLen=214

[2026/01/30 20:05:42 081] [P0x000970d0] [T0x00097114] D/DataSender(line 705)           :send packet, ret=300, need_resend=0, send_cnt=1, sessionNo=1, info:
streamId=audio-2
frameId=7
sid=cid0001bee1@dx19c0ecb47b46010002
dataType=1
dataStatus=1
dataLen=214

[2026/01/30 20:05:42 081] [P0x000970d0] [T0x00097114] D/DataSender(line 705)           :send packet, ret=300, need_resend=0, send_cnt=1, sessionNo=1, info:
streamId=audio-2
frameId=8
sid=cid0001bee1@dx19c0ecb47b46010002
dataType=1
dataStatus=1
dataLen=214

[2026/01/30 20:05:42 082] [P0x000970d0] [T0x00097114] D/DataSender(line 705)           :send packet, ret=300, need_resend=0, send_cnt=1, sessionNo=1, info:
streamId=audio-2
frameId=9
sid=cid0001bee1@dx19c0ecb47b46010002
dataType=1
dataStatus=1
dataLen=214

[2026/01/30 20:05:42 082] [P0x000970d0] [T0x00097114] D/DataSender(line 705)           :send packet, ret=300, need_resend=0, send_cnt=1, sessionNo=1, info:
streamId=audio-2
frameId=10
sid=cid0001bee1@dx19c0ecb47b46010002
dataType=1
dataStatus=1
dataLen=214

[2026/01/30 20:05:42 082] [P0x000970d0] [T0x00097114] D/DataSender(line 705)           :send packet, ret=300, need_resend=0, send_cnt=1, sessionNo=1, info:
streamId=audio-2
frameId=11
sid=cid0001bee1@dx19c0ecb47b46010002
dataType=1
dataStatus=1
dataLen=214

[2026/01/30 20:05:42 082] [P0x000970d0] [T0x00097114] D/DataSender(line 705)           :send packet, ret=300, need_resend=0, send_cnt=1, sessionNo=1, info:
streamId=audio-2
frameId=12
sid=cid0001bee1@dx19c0ecb47b46010002
dataType=1
dataStatus=1
dataLen=214

[2026/01/30 20:05:42 082] [P0x000970d0] [T0x00097114] D/DataSender(line 705)           :send packet, ret=300, need_resend=0, send_cnt=1, sessionNo=1, info:
streamId=audio-2
frameId=13
sid=cid0001bee1@dx19c0ecb47b46010002
dataType=1
dataStatus=1
dataLen=214

[2026/01/30 20:05:42 083] [P0x000970d0] [T0x00097114] D/DataSender(line 705)           :send packet, ret=300, need_resend=0, send_cnt=1, sessionNo=1, info:
streamId=audio-2
frameId=14
sid=cid0001bee1@dx19c0ecb47b46010002
dataType=1
dataStatus=1
dataLen=214

[2026/01/30 20:05:42 083] [P0x000970d0] [T0x00097114] D/DataSender(line 705)           :send packet, ret=300, need_resend=0, send_cnt=1, sessionNo=1, info:
streamId=audio-2
frameId=15
sid=cid0001bee1@dx19c0ecb47b46010002
dataType=1
dataStatus=1
dataLen=214

[2026/01/30 20:05:42 083] [P0x000970d0] [T0x00097114] D/DataSender(line 705)           :send packet, ret=300, need_resend=0, send_cnt=1, sessionNo=1, info:
streamId=audio-2
frameId=16
sid=cid0001bee1@dx19c0ecb47b46010002
dataType=1
dataStatus=1
dataLen=214

[2026/01/30 20:05:42 083] [P0x000970d0] [T0x00097114] D/DataSender(line 705)           :send packet, ret=300, need_resend=0, send_cnt=1, sessionNo=1, info:
streamId=audio-2
frameId=17
sid=cid0001bee1@dx19c0ecb47b46010002
dataType=1
dataStatus=1
dataLen=214

[2026/01/30 20:05:42 084] [P0x000970d0] [T0x00097114] D/DataSender(line 705)           :send packet, ret=300, need_resend=0, send_cnt=1, sessionNo=1, info:
streamId=audio-2
frameId=18
sid=cid0001bee1@dx19c0ecb47b46010002
dataType=1
dataStatus=1
dataLen=214

[2026/01/30 20:05:42 110] [P0x000970d0] [T0x00097196] D/WSConnection(line 603)         :receive data completely, dataLen=66
[2026/01/30 20:05:42 110] [P0x000970d0] [T0x00097196] D/WSConnection(line 603)         :receive data completely, dataLen=68
[2026/01/30 20:05:42 110] [P0x000970d0] [T0x00097102] D/DataSender(line 867)           :parsed data as ack, s2ack_time=31ms, info:
streamId=audio-2
frameId=1
retCode=0

[2026/01/30 20:05:42 110] [P0x000970d0] [T0x00097196] D/WSConnection(line 603)         :receive data completely, dataLen=68
[2026/01/30 20:05:42 110] [P0x000970d0] [T0x00097102] D/DataSender(line 867)           :parsed data as ack, s2ack_time=30ms, info:
streamId=audio-2
frameId=2
retCode=0

[2026/01/30 20:05:42 110] [P0x000970d0] [T0x00097196] D/WSConnection(line 603)         :receive data completely, dataLen=68
[2026/01/30 20:05:42 110] [P0x000970d0] [T0x00097102] D/DataSender(line 867)           :parsed data as ack, s2ack_time=30ms, info:
streamId=audio-2
frameId=3
retCode=0

[2026/01/30 20:05:42 110] [P0x000970d0] [T0x00097196] D/WSConnection(line 603)         :receive data completely, dataLen=68
[2026/01/30 20:05:42 110] [P0x000970d0] [T0x00097102] D/DataSender(line 867)           :parsed data as ack, s2ack_time=30ms, info:
streamId=audio-2
frameId=4
retCode=0

[2026/01/30 20:05:42 110] [P0x000970d0] [T0x00097102] D/DataSender(line 867)           :parsed data as ack, s2ack_time=29ms, info:
streamId=audio-2
frameId=5
retCode=0

[2026/01/30 20:05:42 111] [P0x000970d0] [T0x00097196] D/WSConnection(line 603)         :receive data completely, dataLen=68
[2026/01/30 20:05:42 111] [P0x000970d0] [T0x00097196] D/WSConnection(line 603)         :receive data completely, dataLen=68
[2026/01/30 20:05:42 111] [P0x000970d0] [T0x00097102] D/DataSender(line 867)           :parsed data as ack, s2ack_time=30ms, info:
streamId=audio-2
frameId=6
retCode=0

[2026/01/30 20:05:42 111] [P0x000970d0] [T0x00097196] D/WSConnection(line 603)         :receive data completely, dataLen=68
[2026/01/30 20:05:42 111] [P0x000970d0] [T0x00097102] D/DataSender(line 867)           :parsed data as ack, s2ack_time=30ms, info:
streamId=audio-2
frameId=7
retCode=0

[2026/01/30 20:05:42 111] [P0x000970d0] [T0x00097196] D/WSConnection(line 603)         :receive data completely, dataLen=68
[2026/01/30 20:05:42 111] [P0x000970d0] [T0x00097102] D/DataSender(line 867)           :parsed data as ack, s2ack_time=30ms, info:
streamId=audio-2
frameId=8
retCode=0

[2026/01/30 20:05:42 111] [P0x000970d0] [T0x00097196] D/WSConnection(line 603)         :receive data completely, dataLen=69
[2026/01/30 20:05:42 111] [P0x000970d0] [T0x00097102] D/DataSender(line 867)           :parsed data as ack, s2ack_time=29ms, info:
streamId=audio-2
frameId=9
retCode=0

[2026/01/30 20:05:42 111] [P0x000970d0] [T0x00097102] D/DataSender(line 867)           :parsed data as ack, s2ack_time=29ms, info:
streamId=audio-2
frameId=10
retCode=0

[2026/01/30 20:05:42 119] [P0x000970d0] [T0x00097114] D/DataSender(line 705)           :send packet, ret=300, need_resend=0, send_cnt=1, sessionNo=1, info:
streamId=audio-2
frameId=19
sid=cid0001bee1@dx19c0ecb47b46010002
dataType=1
dataStatus=1
dataLen=214

[2026/01/30 20:05:42 119] [P0x000970d0] [T0x00097114] D/DataSender(line 705)           :send packet, ret=300, need_resend=0, send_cnt=1, sessionNo=1, info:
streamId=audio-2
frameId=20
sid=cid0001bee1@dx19c0ecb47b46010002
dataType=1
dataStatus=1
dataLen=214

[2026/01/30 20:05:42 120] [P0x000970d0] [T0x00097114] D/DataSender(line 705)           :send packet, ret=300, need_resend=0, send_cnt=1, sessionNo=1, info:
streamId=audio-2
frameId=21
sid=cid0001bee1@dx19c0ecb47b46010002
dataType=1
dataStatus=1
dataLen=214

[2026/01/30 20:05:42 133] [P0x000970d0] [T0x00097196] D/WSConnection(line 603)         :receive data completely, dataLen=69
[2026/01/30 20:05:42 133] [P0x000970d0] [T0x00097102] D/DataSender(line 867)           :parsed data as ack, s2ack_time=51ms, info:
streamId=audio-2
frameId=11
retCode=0

[2026/01/30 20:05:42 134] [P0x000970d0] [T0x00097196] D/WSConnection(line 603)         :receive data completely, dataLen=69
[2026/01/30 20:05:42 134] [P0x000970d0] [T0x00097196] D/WSConnection(line 603)         :receive data completely, dataLen=69
[2026/01/30 20:05:42 134] [P0x000970d0] [T0x00097102] D/DataSender(line 867)           :parsed data as ack, s2ack_time=52ms, info:
streamId=audio-2
frameId=12
retCode=0

[2026/01/30 20:05:42 134] [P0x000970d0] [T0x00097196] D/WSConnection(line 603)         :receive data completely, dataLen=69
[2026/01/30 20:05:42 134] [P0x000970d0] [T0x00097102] D/DataSender(line 867)           :parsed data as ack, s2ack_time=52ms, info:
streamId=audio-2
frameId=13
retCode=0

[2026/01/30 20:05:42 134] [P0x000970d0] [T0x00097196] D/WSConnection(line 603)         :receive data completely, dataLen=69
[2026/01/30 20:05:42 134] [P0x000970d0] [T0x00097102] D/DataSender(line 867)           :parsed data as ack, s2ack_time=51ms, info:
streamId=audio-2
frameId=14
retCode=0

[2026/01/30 20:05:42 134] [P0x000970d0] [T0x00097196] D/WSConnection(line 603)         :receive data completely, dataLen=69
[2026/01/30 20:05:42 134] [P0x000970d0] [T0x00097102] D/DataSender(line 867)           :parsed data as ack, s2ack_time=51ms, info:
streamId=audio-2
frameId=15
retCode=0

[2026/01/30 20:05:42 134] [P0x000970d0] [T0x00097196] D/WSConnection(line 603)         :receive data completely, dataLen=69
[2026/01/30 20:05:42 134] [P0x000970d0] [T0x00097102] D/DataSender(line 867)           :parsed data as ack, s2ack_time=51ms, info:
streamId=audio-2
frameId=16
retCode=0

[2026/01/30 20:05:42 134] [P0x000970d0] [T0x00097196] D/WSConnection(line 603)         :receive data completely, dataLen=69
[2026/01/30 20:05:42 134] [P0x000970d0] [T0x00097102] D/DataSender(line 867)           :parsed data as ack, s2ack_time=51ms, info:
streamId=audio-2
frameId=17
retCode=0

[2026/01/30 20:05:42 134] [P0x000970d0] [T0x00097102] D/DataSender(line 867)           :parsed data as ack, s2ack_time=50ms, info:
streamId=audio-2
frameId=18
retCode=0

[2026/01/30 20:05:42 146] [P0x000970d0] [T0x00097196] D/WSConnection(line 603)         :receive data completely, dataLen=69
[2026/01/30 20:05:42 146] [P0x000970d0] [T0x00097102] D/DataSender(line 867)           :parsed data as ack, s2ack_time=27ms, info:
streamId=audio-2
frameId=19
retCode=0

[2026/01/30 20:05:42 146] [P0x000970d0] [T0x00097196] D/WSConnection(line 603)         :receive data completely, dataLen=69
[2026/01/30 20:05:42 146] [P0x000970d0] [T0x00097102] D/DataSender(line 867)           :parsed data as ack, s2ack_time=27ms, info:
streamId=audio-2
frameId=20
retCode=0

[2026/01/30 20:05:42 146] [P0x000970d0] [T0x00097196] D/WSConnection(line 603)         :receive data completely, dataLen=69
[2026/01/30 20:05:42 146] [P0x000970d0] [T0x00097102] D/DataSender(line 867)           :parsed data as ack, s2ack_time=26ms, info:
streamId=audio-2
frameId=21
retCode=0

[2026/01/30 20:05:42 299] [P0x000970d0] [T0x00097114] D/DataSender(line 705)           :send packet, ret=300, need_resend=0, send_cnt=1, sessionNo=1, info:
streamId=audio-2
frameId=22
sid=cid0001bee1@dx19c0ecb47b46010002
dataType=1
dataStatus=1
dataLen=214

[2026/01/30 20:05:42 299] [P0x000970d0] [T0x00097114] D/DataSender(line 705)           :send packet, ret=300, need_resend=0, send_cnt=1, sessionNo=1, info:
streamId=audio-2
frameId=23
sid=cid0001bee1@dx19c0ecb47b46010002
dataType=1
dataStatus=1
dataLen=214

[2026/01/30 20:05:42 299] [P0x000970d0] [T0x00097114] D/DataSender(line 705)           :send packet, ret=300, need_resend=0, send_cnt=1, sessionNo=1, info:
streamId=audio-2
frameId=24
sid=cid0001bee1@dx19c0ecb47b46010002
dataType=1
dataStatus=1
dataLen=214

[2026/01/30 20:05:42 326] [P0x000970d0] [T0x00097196] D/WSConnection(line 603)         :receive data completely, dataLen=69
[2026/01/30 20:05:42 326] [P0x000970d0] [T0x00097102] D/DataSender(line 867)           :parsed data as ack, s2ack_time=27ms, info:
streamId=audio-2
frameId=22
retCode=0

[2026/01/30 20:05:42 326] [P0x000970d0] [T0x00097196] D/WSConnection(line 603)         :receive data completely, dataLen=69
[2026/01/30 20:05:42 326] [P0x000970d0] [T0x00097102] D/DataSender(line 867)           :parsed data as ack, s2ack_time=27ms, info:
streamId=audio-2
frameId=23
retCode=0

[2026/01/30 20:05:42 326] [P0x000970d0] [T0x00097196] D/WSConnection(line 603)         :receive data completely, dataLen=69
[2026/01/30 20:05:42 326] [P0x000970d0] [T0x00097102] D/DataSender(line 867)           :parsed data as ack, s2ack_time=27ms, info:
streamId=audio-2
frameId=24
retCode=0

[2026/01/30 20:05:42 339] [P0x000970d0] [T0x00097114] D/DataSender(line 705)           :send packet, ret=300, need_resend=0, send_cnt=1, sessionNo=1, info:
streamId=audio-2
frameId=25
sid=cid0001bee1@dx19c0ecb47b46010002
dataType=1
dataStatus=1
dataLen=214

[2026/01/30 20:05:42 339] [P0x000970d0] [T0x00097114] D/DataSender(line 705)           :send packet, ret=300, need_resend=0, send_cnt=1, sessionNo=1, info:
streamId=audio-2
frameId=26
sid=cid0001bee1@dx19c0ecb47b46010002
dataType=1
dataStatus=1
dataLen=214

[2026/01/30 20:05:42 339] [P0x000970d0] [T0x00097114] D/DataSender(line 705)           :send packet, ret=300, need_resend=0, send_cnt=1, sessionNo=1, info:
streamId=audio-2
frameId=27
sid=cid0001bee1@dx19c0ecb47b46010002
dataType=1
dataStatus=1
dataLen=214

[2026/01/30 20:05:42 366] [P0x000970d0] [T0x00097196] D/WSConnection(line 603)         :receive data completely, dataLen=69
[2026/01/30 20:05:42 367] [P0x000970d0] [T0x00097196] D/WSConnection(line 603)         :receive data completely, dataLen=69
[2026/01/30 20:05:42 367] [P0x000970d0] [T0x00097196] D/WSConnection(line 603)         :receive data completely, dataLen=69
[2026/01/30 20:05:42 367] [P0x000970d0] [T0x00097102] D/DataSender(line 867)           :parsed data as ack, s2ack_time=27ms, info:
streamId=audio-2
frameId=25
retCode=0

[2026/01/30 20:05:42 367] [P0x000970d0] [T0x00097102] D/DataSender(line 867)           :parsed data as ack, s2ack_time=28ms, info:
streamId=audio-2
frameId=26
retCode=0

[2026/01/30 20:05:42 367] [P0x000970d0] [T0x00097102] D/DataSender(line 867)           :parsed data as ack, s2ack_time=28ms, info:
streamId=audio-2
frameId=27
retCode=0

[2026/01/30 20:05:42 498] [P0x000970d0] [T0x00097114] D/DataSender(line 705)           :send packet, ret=300, need_resend=0, send_cnt=1, sessionNo=1, info:
streamId=audio-2
frameId=28
sid=cid0001bee1@dx19c0ecb47b46010002
dataType=1
dataStatus=1
dataLen=214

[2026/01/30 20:05:42 498] [P0x000970d0] [T0x00097114] D/DataSender(line 705)           :send packet, ret=300, need_resend=0, send_cnt=1, sessionNo=1, info:
streamId=audio-2
frameId=29
sid=cid0001bee1@dx19c0ecb47b46010002
dataType=1
dataStatus=1
dataLen=214

[2026/01/30 20:05:42 499] [P0x000970d0] [T0x00097114] D/DataSender(line 705)           :send packet, ret=300, need_resend=0, send_cnt=1, sessionNo=1, info:
streamId=audio-2
frameId=30
sid=cid0001bee1@dx19c0ecb47b46010002
dataType=1
dataStatus=1
dataLen=214

[2026/01/30 20:05:42 499] [P0x000970d0] [T0x00097114] D/DataSender(line 705)           :send packet, ret=300, need_resend=0, send_cnt=1, sessionNo=1, info:
streamId=audio-2
frameId=31
sid=cid0001bee1@dx19c0ecb47b46010002
dataType=1
dataStatus=1
dataLen=214

[2026/01/30 20:05:42 549] [P0x000970d0] [T0x00097196] D/WSConnection(line 603)         :receive data completely, dataLen=69
[2026/01/30 20:05:42 549] [P0x000970d0] [T0x00097196] D/WSConnection(line 603)         :receive data completely, dataLen=69
[2026/01/30 20:05:42 549] [P0x000970d0] [T0x00097196] D/WSConnection(line 603)         :receive data completely, dataLen=69
[2026/01/30 20:05:42 549] [P0x000970d0] [T0x00097102] D/DataSender(line 867)           :parsed data as ack, s2ack_time=51ms, info:
streamId=audio-2
frameId=28
retCode=0

[2026/01/30 20:05:42 549] [P0x000970d0] [T0x00097196] D/WSConnection(line 603)         :receive data completely, dataLen=69
[2026/01/30 20:05:42 549] [P0x000970d0] [T0x00097102] D/DataSender(line 867)           :parsed data as ack, s2ack_time=51ms, info:
streamId=audio-2
frameId=29
retCode=0

[2026/01/30 20:05:42 549] [P0x000970d0] [T0x00097102] D/DataSender(line 867)           :parsed data as ack, s2ack_time=50ms, info:
streamId=audio-2
frameId=30
retCode=0

[2026/01/30 20:05:42 549] [P0x000970d0] [T0x00097102] D/DataSender(line 867)           :parsed data as ack, s2ack_time=50ms, info:
streamId=audio-2
frameId=31
retCode=0

[2026/01/30 20:05:42 678] [P0x000970d0] [T0x00097114] D/DataSender(line 705)           :send packet, ret=300, need_resend=0, send_cnt=1, sessionNo=1, info:
streamId=audio-2
frameId=32
sid=cid0001bee1@dx19c0ecb47b46010002
dataType=1
dataStatus=1
dataLen=214

[2026/01/30 20:05:42 678] [P0x000970d0] [T0x00097114] D/DataSender(line 705)           :send packet, ret=300, need_resend=0, send_cnt=1, sessionNo=1, info:
streamId=audio-2
frameId=33
sid=cid0001bee1@dx19c0ecb47b46010002
dataType=1
dataStatus=1
dataLen=214

[2026/01/30 20:05:42 679] [P0x000970d0] [T0x00097114] D/DataSender(line 705)           :send packet, ret=300, need_resend=0, send_cnt=1, sessionNo=1, info:
streamId=audio-2
frameId=34
sid=cid0001bee1@dx19c0ecb47b46010002
dataType=1
dataStatus=1
dataLen=214

[2026/01/30 20:05:42 707] [P0x000970d0] [T0x00097196] D/WSConnection(line 603)         :receive data completely, dataLen=69
[2026/01/30 20:05:42 707] [P0x000970d0] [T0x00097196] D/WSConnection(line 603)         :receive data completely, dataLen=69
[2026/01/30 20:05:42 707] [P0x000970d0] [T0x00097196] D/WSConnection(line 603)         :receive data completely, dataLen=69
[2026/01/30 20:05:42 707] [P0x000970d0] [T0x00097102] D/DataSender(line 867)           :parsed data as ack, s2ack_time=29ms, info:
streamId=audio-2
frameId=32
retCode=0

[2026/01/30 20:05:42 707] [P0x000970d0] [T0x00097102] D/DataSender(line 867)           :parsed data as ack, s2ack_time=29ms, info:
streamId=audio-2
frameId=33
retCode=0

[2026/01/30 20:05:42 707] [P0x000970d0] [T0x00097102] D/DataSender(line 867)           :parsed data as ack, s2ack_time=28ms, info:
streamId=audio-2
frameId=34
retCode=0

[2026/01/30 20:05:42 839] [P0x000970d0] [T0x00097114] D/DataSender(line 705)           :send packet, ret=300, need_resend=0, send_cnt=1, sessionNo=1, info:
streamId=audio-2
frameId=35
sid=cid0001bee1@dx19c0ecb47b46010002
dataType=1
dataStatus=1
dataLen=214

[2026/01/30 20:05:42 839] [P0x000970d0] [T0x00097114] D/DataSender(line 705)           :send packet, ret=300, need_resend=0, send_cnt=1, sessionNo=1, info:
streamId=audio-2
frameId=36
sid=cid0001bee1@dx19c0ecb47b46010002
dataType=1
dataStatus=1
dataLen=214

[2026/01/30 20:05:42 839] [P0x000970d0] [T0x00097114] D/DataSender(line 705)           :send packet, ret=300, need_resend=0, send_cnt=1, sessionNo=1, info:
streamId=audio-2
frameId=37
sid=cid0001bee1@dx19c0ecb47b46010002
dataType=1
dataStatus=1
dataLen=214

[2026/01/30 20:05:42 867] [P0x000970d0] [T0x00097196] D/WSConnection(line 603)         :receive data completely, dataLen=69
[2026/01/30 20:05:42 867] [P0x000970d0] [T0x00097196] D/WSConnection(line 603)         :receive data completely, dataLen=69
[2026/01/30 20:05:42 867] [P0x000970d0] [T0x00097102] D/DataSender(line 867)           :parsed data as ack, s2ack_time=28ms, info:
streamId=audio-2
frameId=35
retCode=0

[2026/01/30 20:05:42 867] [P0x000970d0] [T0x00097102] D/DataSender(line 867)           :parsed data as ack, s2ack_time=28ms, info:
streamId=audio-2
frameId=36
retCode=0

[2026/01/30 20:05:42 867] [P0x000970d0] [T0x00097196] D/WSConnection(line 603)         :receive data completely, dataLen=69
[2026/01/30 20:05:42 867] [P0x000970d0] [T0x00097102] D/DataSender(line 867)           :parsed data as ack, s2ack_time=28ms, info:
streamId=audio-2
frameId=37
retCode=0

[2026/01/30 20:05:42 879] [P0x000970d0] [T0x00097114] D/DataSender(line 705)           :send packet, ret=300, need_resend=0, send_cnt=1, sessionNo=1, info:
streamId=audio-2
frameId=38
sid=cid0001bee1@dx19c0ecb47b46010002
dataType=1
dataStatus=1
dataLen=214

[2026/01/30 20:05:42 879] [P0x000970d0] [T0x00097114] D/DataSender(line 705)           :send packet, ret=300, need_resend=0, send_cnt=1, sessionNo=1, info:
streamId=audio-2
frameId=39
sid=cid0001bee1@dx19c0ecb47b46010002
dataType=1
dataStatus=1
dataLen=214

[2026/01/30 20:05:42 879] [P0x000970d0] [T0x00097114] D/DataSender(line 705)           :send packet, ret=300, need_resend=0, send_cnt=1, sessionNo=1, info:
streamId=audio-2
frameId=40
sid=cid0001bee1@dx19c0ecb47b46010002
dataType=1
dataStatus=1
dataLen=214

[2026/01/30 20:05:42 908] [P0x000970d0] [T0x00097196] D/WSConnection(line 603)         :receive data completely, dataLen=69
[2026/01/30 20:05:42 908] [P0x000970d0] [T0x00097196] D/WSConnection(line 603)         :receive data completely, dataLen=69
[2026/01/30 20:05:42 908] [P0x000970d0] [T0x00097102] D/DataSender(line 867)           :parsed data as ack, s2ack_time=29ms, info:
streamId=audio-2
frameId=38
retCode=0

[2026/01/30 20:05:42 908] [P0x000970d0] [T0x00097196] D/WSConnection(line 603)         :receive data completely, dataLen=69
[2026/01/30 20:05:42 908] [P0x000970d0] [T0x00097102] D/DataSender(line 867)           :parsed data as ack, s2ack_time=29ms, info:
streamId=audio-2
frameId=39
retCode=0

[2026/01/30 20:05:42 908] [P0x000970d0] [T0x00097102] D/DataSender(line 867)           :parsed data as ack, s2ack_time=29ms, info:
streamId=audio-2
frameId=40
retCode=0

[2026/01/30 20:05:43 059] [P0x000970d0] [T0x00097114] D/DataSender(line 705)           :send packet, ret=300, need_resend=0, send_cnt=1, sessionNo=1, info:
streamId=audio-2
frameId=41
sid=cid0001bee1@dx19c0ecb47b46010002
dataType=1
dataStatus=1
dataLen=214

[2026/01/30 20:05:43 059] [P0x000970d0] [T0x00097114] D/DataSender(line 705)           :send packet, ret=300, need_resend=0, send_cnt=1, sessionNo=1, info:
streamId=audio-2
frameId=42
sid=cid0001bee1@dx19c0ecb47b46010002
dataType=1
dataStatus=1
dataLen=214

[2026/01/30 20:05:43 059] [P0x000970d0] [T0x00097114] D/DataSender(line 705)           :send packet, ret=300, need_resend=0, send_cnt=1, sessionNo=1, info:
streamId=audio-2
frameId=43
sid=cid0001bee1@dx19c0ecb47b46010002
dataType=1
dataStatus=1
dataLen=214

[2026/01/30 20:05:43 086] [P0x000970d0] [T0x00097196] D/WSConnection(line 603)         :receive data completely, dataLen=69
[2026/01/30 20:05:43 086] [P0x000970d0] [T0x00097102] D/DataSender(line 867)           :parsed data as ack, s2ack_time=27ms, info:
streamId=audio-2
frameId=41
retCode=0

[2026/01/30 20:05:43 086] [P0x000970d0] [T0x00097196] D/WSConnection(line 603)         :receive data completely, dataLen=69
[2026/01/30 20:05:43 086] [P0x000970d0] [T0x00097196] D/WSConnection(line 603)         :receive data completely, dataLen=69
[2026/01/30 20:05:43 086] [P0x000970d0] [T0x00097102] D/DataSender(line 867)           :parsed data as ack, s2ack_time=27ms, info:
streamId=audio-2
frameId=42
retCode=0

[2026/01/30 20:05:43 086] [P0x000970d0] [T0x00097102] D/DataSender(line 867)           :parsed data as ack, s2ack_time=27ms, info:
streamId=audio-2
frameId=43
retCode=0

[2026/01/30 20:05:43 219] [P0x000970d0] [T0x00097114] D/DataSender(line 705)           :send packet, ret=300, need_resend=0, send_cnt=1, sessionNo=1, info:
streamId=audio-2
frameId=44
sid=cid0001bee1@dx19c0ecb47b46010002
dataType=1
dataStatus=1
dataLen=214

[2026/01/30 20:05:43 219] [P0x000970d0] [T0x00097114] D/DataSender(line 705)           :send packet, ret=300, need_resend=0, send_cnt=1, sessionNo=1, info:
streamId=audio-2
frameId=45
sid=cid0001bee1@dx19c0ecb47b46010002
dataType=1
dataStatus=1
dataLen=214

[2026/01/30 20:05:43 219] [P0x000970d0] [T0x00097114] D/DataSender(line 705)           :send packet, ret=300, need_resend=0, send_cnt=1, sessionNo=1, info:
streamId=audio-2
frameId=46
sid=cid0001bee1@dx19c0ecb47b46010002
dataType=1
dataStatus=1
dataLen=214

[2026/01/30 20:05:43 220] [P0x000970d0] [T0x00097114] D/DataSender(line 705)           :send packet, ret=300, need_resend=0, send_cnt=1, sessionNo=1, info:
streamId=audio-2
frameId=47
sid=cid0001bee1@dx19c0ecb47b46010002
dataType=1
dataStatus=1
dataLen=214

[2026/01/30 20:05:43 247] [P0x000970d0] [T0x00097196] D/WSConnection(line 603)         :receive data completely, dataLen=69
[2026/01/30 20:05:43 247] [P0x000970d0] [T0x00097102] D/DataSender(line 867)           :parsed data as ack, s2ack_time=28ms, info:
streamId=audio-2
frameId=44
retCode=0

[2026/01/30 20:05:43 247] [P0x000970d0] [T0x00097196] D/WSConnection(line 603)         :receive data completely, dataLen=69
[2026/01/30 20:05:43 247] [P0x000970d0] [T0x00097196] D/WSConnection(line 603)         :receive data completely, dataLen=69
[2026/01/30 20:05:43 247] [P0x000970d0] [T0x00097102] D/DataSender(line 867)           :parsed data as ack, s2ack_time=28ms, info:
streamId=audio-2
frameId=45
retCode=0

[2026/01/30 20:05:43 247] [P0x000970d0] [T0x00097196] D/WSConnection(line 603)         :receive data completely, dataLen=69
[2026/01/30 20:05:43 248] [P0x000970d0] [T0x00097102] D/DataSender(line 867)           :parsed data as ack, s2ack_time=28ms, info:
streamId=audio-2
frameId=46
retCode=0

[2026/01/30 20:05:43 248] [P0x000970d0] [T0x00097102] D/DataSender(line 867)           :parsed data as ack, s2ack_time=28ms, info:
streamId=audio-2
frameId=47
retCode=0

[2026/01/30 20:05:43 259] [P0x000970d0] [T0x00097114] D/DataSender(line 705)           :send packet, ret=300, need_resend=0, send_cnt=1, sessionNo=1, info:
streamId=audio-2
frameId=48
sid=cid0001bee1@dx19c0ecb47b46010002
dataType=1
dataStatus=1
dataLen=214

[2026/01/30 20:05:43 259] [P0x000970d0] [T0x00097114] D/DataSender(line 705)           :send packet, ret=300, need_resend=0, send_cnt=1, sessionNo=1, info:
streamId=audio-2
frameId=49
sid=cid0001bee1@dx19c0ecb47b46010002
dataType=1
dataStatus=1
dataLen=214

[2026/01/30 20:05:43 260] [P0x000970d0] [T0x00097114] D/DataSender(line 705)           :send packet, ret=300, need_resend=0, send_cnt=1, sessionNo=1, info:
streamId=audio-2
frameId=50
sid=cid0001bee1@dx19c0ecb47b46010002
dataType=1
dataStatus=1
dataLen=214

[2026/01/30 20:05:43 287] [P0x000970d0] [T0x00097196] D/WSConnection(line 603)         :receive data completely, dataLen=69
[2026/01/30 20:05:43 287] [P0x000970d0] [T0x00097196] D/WSConnection(line 603)         :receive data completely, dataLen=69
[2026/01/30 20:05:43 287] [P0x000970d0] [T0x00097102] D/DataSender(line 867)           :parsed data as ack, s2ack_time=28ms, info:
streamId=audio-2
frameId=48
retCode=0

[2026/01/30 20:05:43 287] [P0x000970d0] [T0x00097102] D/DataSender(line 867)           :parsed data as ack, s2ack_time=28ms, info:
streamId=audio-2
frameId=49
retCode=0

[2026/01/30 20:05:43 287] [P0x000970d0] [T0x00097196] D/WSConnection(line 603)         :receive data completely, dataLen=69
[2026/01/30 20:05:43 287] [P0x000970d0] [T0x00097102] D/DataSender(line 867)           :parsed data as ack, s2ack_time=27ms, info:
streamId=audio-2
frameId=50
retCode=0

[2026/01/30 20:05:43 440] [P0x000970d0] [T0x00097114] D/DataSender(line 705)           :send packet, ret=300, need_resend=0, send_cnt=1, sessionNo=1, info:
streamId=audio-2
frameId=51
sid=cid0001bee1@dx19c0ecb47b46010002
dataType=1
dataStatus=1
dataLen=214

[2026/01/30 20:05:43 440] [P0x000970d0] [T0x00097114] D/DataSender(line 705)           :send packet, ret=300, need_resend=0, send_cnt=1, sessionNo=1, info:
streamId=audio-2
frameId=52
sid=cid0001bee1@dx19c0ecb47b46010002
dataType=1
dataStatus=1
dataLen=214

[2026/01/30 20:05:43 440] [P0x000970d0] [T0x00097114] D/DataSender(line 705)           :send packet, ret=300, need_resend=0, send_cnt=1, sessionNo=1, info:
streamId=audio-2
frameId=53
sid=cid0001bee1@dx19c0ecb47b46010002
dataType=1
dataStatus=1
dataLen=214

[2026/01/30 20:05:43 466] [P0x000970d0] [T0x00097196] D/WSConnection(line 603)         :receive data completely, dataLen=69
[2026/01/30 20:05:43 466] [P0x000970d0] [T0x00097196] D/WSConnection(line 603)         :receive data completely, dataLen=69
[2026/01/30 20:05:43 466] [P0x000970d0] [T0x00097102] D/DataSender(line 867)           :parsed data as ack, s2ack_time=26ms, info:
streamId=audio-2
frameId=51
retCode=0

[2026/01/30 20:05:43 466] [P0x000970d0] [T0x00097102] D/DataSender(line 867)           :parsed data as ack, s2ack_time=26ms, info:
streamId=audio-2
frameId=52
retCode=0

[2026/01/30 20:05:43 467] [P0x000970d0] [T0x00097196] D/WSConnection(line 603)         :receive data completely, dataLen=69
[2026/01/30 20:05:43 467] [P0x000970d0] [T0x00097102] D/DataSender(line 867)           :parsed data as ack, s2ack_time=27ms, info:
streamId=audio-2
frameId=53
retCode=0

[2026/01/30 20:05:43 599] [P0x000970d0] [T0x00097114] D/DataSender(line 705)           :send packet, ret=300, need_resend=0, send_cnt=1, sessionNo=1, info:
streamId=audio-2
frameId=54
sid=cid0001bee1@dx19c0ecb47b46010002
dataType=1
dataStatus=1
dataLen=214

[2026/01/30 20:05:43 600] [P0x000970d0] [T0x00097114] D/DataSender(line 705)           :send packet, ret=300, need_resend=0, send_cnt=1, sessionNo=1, info:
streamId=audio-2
frameId=55
sid=cid0001bee1@dx19c0ecb47b46010002
dataType=1
dataStatus=1
dataLen=214

[2026/01/30 20:05:43 600] [P0x000970d0] [T0x00097114] D/DataSender(line 705)           :send packet, ret=300, need_resend=0, send_cnt=1, sessionNo=1, info:
streamId=audio-2
frameId=56
sid=cid0001bee1@dx19c0ecb47b46010002
dataType=1
dataStatus=1
dataLen=214

[2026/01/30 20:05:43 627] [P0x000970d0] [T0x00097196] D/WSConnection(line 603)         :receive data completely, dataLen=69
[2026/01/30 20:05:43 627] [P0x000970d0] [T0x00097196] D/WSConnection(line 603)         :receive data completely, dataLen=69
[2026/01/30 20:05:43 627] [P0x000970d0] [T0x00097102] D/DataSender(line 867)           :parsed data as ack, s2ack_time=28ms, info:
streamId=audio-2
frameId=54
retCode=0

[2026/01/30 20:05:43 627] [P0x000970d0] [T0x00097102] D/DataSender(line 867)           :parsed data as ack, s2ack_time=27ms, info:
streamId=audio-2
frameId=55
retCode=0

[2026/01/30 20:05:43 627] [P0x000970d0] [T0x00097196] D/WSConnection(line 603)         :receive data completely, dataLen=69
[2026/01/30 20:05:43 627] [P0x000970d0] [T0x00097102] D/DataSender(line 867)           :parsed data as ack, s2ack_time=27ms, info:
streamId=audio-2
frameId=56
retCode=0

[2026/01/30 20:05:43 639] [P0x000970d0] [T0x00097114] D/DataSender(line 705)           :send packet, ret=300, need_resend=0, send_cnt=1, sessionNo=1, info:
streamId=audio-2
frameId=57
sid=cid0001bee1@dx19c0ecb47b46010002
dataType=1
dataStatus=1
dataLen=214

[2026/01/30 20:05:43 640] [P0x000970d0] [T0x00097114] D/DataSender(line 705)           :send packet, ret=300, need_resend=0, send_cnt=1, sessionNo=1, info:
streamId=audio-2
frameId=58
sid=cid0001bee1@dx19c0ecb47b46010002
dataType=1
dataStatus=1
dataLen=214

[2026/01/30 20:05:43 640] [P0x000970d0] [T0x00097114] D/DataSender(line 705)           :send packet, ret=300, need_resend=0, send_cnt=1, sessionNo=1, info:
streamId=audio-2
frameId=59
sid=cid0001bee1@dx19c0ecb47b46010002
dataType=1
dataStatus=1
dataLen=214

[2026/01/30 20:05:43 666] [P0x000970d0] [T0x00097196] D/WSConnection(line 603)         :receive data completely, dataLen=69
[2026/01/30 20:05:43 666] [P0x000970d0] [T0x00097102] D/DataSender(line 867)           :parsed data as ack, s2ack_time=27ms, info:
streamId=audio-2
frameId=57
retCode=0

[2026/01/30 20:05:43 666] [P0x000970d0] [T0x00097196] D/WSConnection(line 603)         :receive data completely, dataLen=69
[2026/01/30 20:05:43 667] [P0x000970d0] [T0x00097102] D/DataSender(line 867)           :parsed data as ack, s2ack_time=27ms, info:
streamId=audio-2
frameId=58
retCode=0

[2026/01/30 20:05:43 667] [P0x000970d0] [T0x00097196] D/WSConnection(line 603)         :receive data completely, dataLen=69
[2026/01/30 20:05:43 667] [P0x000970d0] [T0x00097102] D/DataSender(line 867)           :parsed data as ack, s2ack_time=27ms, info:
streamId=audio-2
frameId=59
retCode=0

[2026/01/30 20:05:43 800] [P0x000970d0] [T0x00097114] D/DataSender(line 705)           :send packet, ret=300, need_resend=0, send_cnt=1, sessionNo=1, info:
streamId=audio-2
frameId=60
sid=cid0001bee1@dx19c0ecb47b46010002
dataType=1
dataStatus=1
dataLen=214

[2026/01/30 20:05:43 800] [P0x000970d0] [T0x00097114] D/DataSender(line 705)           :send packet, ret=300, need_resend=0, send_cnt=1, sessionNo=1, info:
streamId=audio-2
frameId=61
sid=cid0001bee1@dx19c0ecb47b46010002
dataType=1
dataStatus=1
dataLen=214

[2026/01/30 20:05:43 801] [P0x000970d0] [T0x00097114] D/DataSender(line 705)           :send packet, ret=300, need_resend=0, send_cnt=1, sessionNo=1, info:
streamId=audio-2
frameId=62
sid=cid0001bee1@dx19c0ecb47b46010002
dataType=1
dataStatus=1
dataLen=214

[2026/01/30 20:05:43 801] [P0x000970d0] [T0x00097114] D/DataSender(line 705)           :send packet, ret=300, need_resend=0, send_cnt=1, sessionNo=1, info:
streamId=audio-2
frameId=63
sid=cid0001bee1@dx19c0ecb47b46010002
dataType=1
dataStatus=1
dataLen=214

[2026/01/30 20:05:43 842] [P0x000970d0] [T0x00097196] D/WSConnection(line 603)         :receive data completely, dataLen=69
[2026/01/30 20:05:43 842] [P0x000970d0] [T0x00097196] D/WSConnection(line 603)         :receive data completely, dataLen=69
[2026/01/30 20:05:43 842] [P0x000970d0] [T0x00097102] D/DataSender(line 867)           :parsed data as ack, s2ack_time=42ms, info:
streamId=audio-2
frameId=60
retCode=0

[2026/01/30 20:05:43 842] [P0x000970d0] [T0x00097102] D/DataSender(line 867)           :parsed data as ack, s2ack_time=42ms, info:
streamId=audio-2
frameId=61
retCode=0

[2026/01/30 20:05:43 842] [P0x000970d0] [T0x00097196] D/WSConnection(line 603)         :receive data completely, dataLen=69
[2026/01/30 20:05:43 842] [P0x000970d0] [T0x00097102] D/DataSender(line 867)           :parsed data as ack, s2ack_time=41ms, info:
streamId=audio-2
frameId=62
retCode=0

[2026/01/30 20:05:43 842] [P0x000970d0] [T0x00097196] D/WSConnection(line 603)         :receive data completely, dataLen=69
[2026/01/30 20:05:43 842] [P0x000970d0] [T0x00097102] D/DataSender(line 867)           :parsed data as ack, s2ack_time=41ms, info:
streamId=audio-2
frameId=63
retCode=0

[2026/01/30 20:05:43 980] [P0x000970d0] [T0x00097114] D/DataSender(line 705)           :send packet, ret=300, need_resend=0, send_cnt=1, sessionNo=1, info:
streamId=audio-2
frameId=64
sid=cid0001bee1@dx19c0ecb47b46010002
dataType=1
dataStatus=1
dataLen=214

[2026/01/30 20:05:43 981] [P0x000970d0] [T0x00097114] D/DataSender(line 705)           :send packet, ret=300, need_resend=0, send_cnt=1, sessionNo=1, info:
streamId=audio-2
frameId=65
sid=cid0001bee1@dx19c0ecb47b46010002
dataType=1
dataStatus=1
dataLen=214

[2026/01/30 20:05:43 981] [P0x000970d0] [T0x00097114] D/DataSender(line 705)           :send packet, ret=300, need_resend=0, send_cnt=1, sessionNo=1, info:
streamId=audio-2
frameId=66
sid=cid0001bee1@dx19c0ecb47b46010002
dataType=1
dataStatus=1
dataLen=214

[2026/01/30 20:05:44 007] [P0x000970d0] [T0x00097196] D/WSConnection(line 603)         :receive data completely, dataLen=69
[2026/01/30 20:05:44 007] [P0x000970d0] [T0x00097102] D/DataSender(line 867)           :parsed data as ack, s2ack_time=27ms, info:
streamId=audio-2
frameId=64
retCode=0

[2026/01/30 20:05:44 007] [P0x000970d0] [T0x00097196] D/WSConnection(line 603)         :receive data completely, dataLen=69
[2026/01/30 20:05:44 007] [P0x000970d0] [T0x00097102] D/DataSender(line 867)           :parsed data as ack, s2ack_time=26ms, info:
streamId=audio-2
frameId=65
retCode=0

[2026/01/30 20:05:44 008] [P0x000970d0] [T0x00097196] D/WSConnection(line 603)         :receive data completely, dataLen=69
[2026/01/30 20:05:44 008] [P0x000970d0] [T0x00097102] D/DataSender(line 867)           :parsed data as ack, s2ack_time=27ms, info:
streamId=audio-2
frameId=66
retCode=0

[2026/01/30 20:05:44 020] [P0x000970d0] [T0x00097114] D/DataSender(line 705)           :send packet, ret=300, need_resend=0, send_cnt=1, sessionNo=1, info:
streamId=audio-2
frameId=67
sid=cid0001bee1@dx19c0ecb47b46010002
dataType=1
dataStatus=1
dataLen=214

[2026/01/30 20:05:44 021] [P0x000970d0] [T0x00097114] D/DataSender(line 705)           :send packet, ret=300, need_resend=0, send_cnt=1, sessionNo=1, info:
streamId=audio-2
frameId=68
sid=cid0001bee1@dx19c0ecb47b46010002
dataType=1
dataStatus=1
dataLen=214

[2026/01/30 20:05:44 021] [P0x000970d0] [T0x00097114] D/DataSender(line 705)           :send packet, ret=300, need_resend=0, send_cnt=1, sessionNo=1, info:
streamId=audio-2
frameId=69
sid=cid0001bee1@dx19c0ecb47b46010002
dataType=1
dataStatus=1
dataLen=214

[2026/01/30 20:05:44 048] [P0x000970d0] [T0x00097196] D/WSConnection(line 603)         :receive data completely, dataLen=69
[2026/01/30 20:05:44 048] [P0x000970d0] [T0x00097102] D/DataSender(line 867)           :parsed data as ack, s2ack_time=28ms, info:
streamId=audio-2
frameId=67
retCode=0

[2026/01/30 20:05:44 048] [P0x000970d0] [T0x00097196] D/WSConnection(line 603)         :receive data completely, dataLen=69
[2026/01/30 20:05:44 048] [P0x000970d0] [T0x00097196] D/WSConnection(line 603)         :receive data completely, dataLen=69
[2026/01/30 20:05:44 048] [P0x000970d0] [T0x00097102] D/DataSender(line 867)           :parsed data as ack, s2ack_time=27ms, info:
streamId=audio-2
frameId=68
retCode=0

[2026/01/30 20:05:44 048] [P0x000970d0] [T0x00097102] D/DataSender(line 867)           :parsed data as ack, s2ack_time=27ms, info:
streamId=audio-2
frameId=69
retCode=0

[2026/01/30 20:05:44 201] [P0x000970d0] [T0x00097114] D/DataSender(line 705)           :send packet, ret=300, need_resend=0, send_cnt=1, sessionNo=1, info:
streamId=audio-2
frameId=70
sid=cid0001bee1@dx19c0ecb47b46010002
dataType=1
dataStatus=1
dataLen=214

[2026/01/30 20:05:44 201] [P0x000970d0] [T0x00097114] D/DataSender(line 705)           :send packet, ret=300, need_resend=0, send_cnt=1, sessionNo=1, info:
streamId=audio-2
frameId=71
sid=cid0001bee1@dx19c0ecb47b46010002
dataType=1
dataStatus=1
dataLen=214

[2026/01/30 20:05:44 202] [P0x000970d0] [T0x00097114] D/DataSender(line 705)           :send packet, ret=300, need_resend=0, send_cnt=1, sessionNo=1, info:
streamId=audio-2
frameId=72
sid=cid0001bee1@dx19c0ecb47b46010002
dataType=1
dataStatus=1
dataLen=214

[2026/01/30 20:05:44 239] [P0x000970d0] [T0x00097196] D/WSConnection(line 603)         :receive data completely, dataLen=69
[2026/01/30 20:05:44 239] [P0x000970d0] [T0x00097196] D/WSConnection(line 603)         :receive data completely, dataLen=69
[2026/01/30 20:05:44 239] [P0x000970d0] [T0x00097102] D/DataSender(line 867)           :parsed data as ack, s2ack_time=38ms, info:
streamId=audio-2
frameId=70
retCode=0

[2026/01/30 20:05:44 239] [P0x000970d0] [T0x00097102] D/DataSender(line 867)           :parsed data as ack, s2ack_time=38ms, info:
streamId=audio-2
frameId=71
retCode=0

[2026/01/30 20:05:44 239] [P0x000970d0] [T0x00097196] D/WSConnection(line 603)         :receive data completely, dataLen=69
[2026/01/30 20:05:44 239] [P0x000970d0] [T0x00097102] D/DataSender(line 867)           :parsed data as ack, s2ack_time=37ms, info:
streamId=audio-2
frameId=72
retCode=0

[2026/01/30 20:05:44 380] [P0x000970d0] [T0x00097114] D/DataSender(line 705)           :send packet, ret=300, need_resend=0, send_cnt=1, sessionNo=1, info:
streamId=audio-2
frameId=73
sid=cid0001bee1@dx19c0ecb47b46010002
dataType=1
dataStatus=1
dataLen=214

[2026/01/30 20:05:44 381] [P0x000970d0] [T0x00097114] D/DataSender(line 705)           :send packet, ret=300, need_resend=0, send_cnt=1, sessionNo=1, info:
streamId=audio-2
frameId=74
sid=cid0001bee1@dx19c0ecb47b46010002
dataType=1
dataStatus=1
dataLen=214

[2026/01/30 20:05:44 381] [P0x000970d0] [T0x00097114] D/DataSender(line 705)           :send packet, ret=300, need_resend=0, send_cnt=1, sessionNo=1, info:
streamId=audio-2
frameId=75
sid=cid0001bee1@dx19c0ecb47b46010002
dataType=1
dataStatus=1
dataLen=214

[2026/01/30 20:05:44 420] [P0x000970d0] [T0x00097114] D/DataSender(line 705)           :send packet, ret=300, need_resend=0, send_cnt=1, sessionNo=1, info:
streamId=audio-2
frameId=76
sid=cid0001bee1@dx19c0ecb47b46010002
dataType=1
dataStatus=1
dataLen=214

[2026/01/30 20:05:44 421] [P0x000970d0] [T0x00097114] D/DataSender(line 705)           :send packet, ret=300, need_resend=0, send_cnt=1, sessionNo=1, info:
streamId=audio-2
frameId=77
sid=cid0001bee1@dx19c0ecb47b46010002
dataType=1
dataStatus=1
dataLen=214

[2026/01/30 20:05:44 421] [P0x000970d0] [T0x00097114] D/DataSender(line 705)           :send packet, ret=300, need_resend=0, send_cnt=1, sessionNo=1, info:
streamId=audio-2
frameId=78
sid=cid0001bee1@dx19c0ecb47b46010002
dataType=1
dataStatus=1
dataLen=214

[2026/01/30 20:05:44 421] [P0x000970d0] [T0x00097114] D/DataSender(line 705)           :send packet, ret=300, need_resend=0, send_cnt=1, sessionNo=1, info:
streamId=audio-2
frameId=79
sid=cid0001bee1@dx19c0ecb47b46010002
dataType=1
dataStatus=1
dataLen=214

[2026/01/30 20:05:44 422] [P0x000970d0] [T0x00097196] D/WSConnection(line 603)         :receive data completely, dataLen=69
[2026/01/30 20:05:44 422] [P0x000970d0] [T0x00097196] D/WSConnection(line 603)         :receive data completely, dataLen=69
[2026/01/30 20:05:44 422] [P0x000970d0] [T0x00097102] D/DataSender(line 867)           :parsed data as ack, s2ack_time=42ms, info:
streamId=audio-2
frameId=73
retCode=0

[2026/01/30 20:05:44 422] [P0x000970d0] [T0x00097102] D/DataSender(line 867)           :parsed data as ack, s2ack_time=41ms, info:
streamId=audio-2
frameId=74
retCode=0

[2026/01/30 20:05:44 422] [P0x000970d0] [T0x00097196] D/WSConnection(line 603)         :receive data completely, dataLen=69
[2026/01/30 20:05:44 422] [P0x000970d0] [T0x00097102] D/DataSender(line 867)           :parsed data as ack, s2ack_time=41ms, info:
streamId=audio-2
frameId=75
retCode=0

[2026/01/30 20:05:44 449] [P0x000970d0] [T0x00097196] D/WSConnection(line 603)         :receive data completely, dataLen=69
[2026/01/30 20:05:44 449] [P0x000970d0] [T0x00097196] D/WSConnection(line 603)         :receive data completely, dataLen=69
[2026/01/30 20:05:44 449] [P0x000970d0] [T0x00097102] D/DataSender(line 867)           :parsed data as ack, s2ack_time=29ms, info:
streamId=audio-2
frameId=76
retCode=0

[2026/01/30 20:05:44 449] [P0x000970d0] [T0x00097196] D/WSConnection(line 603)         :receive data completely, dataLen=69
[2026/01/30 20:05:44 449] [P0x000970d0] [T0x00097102] D/DataSender(line 867)           :parsed data as ack, s2ack_time=28ms, info:
streamId=audio-2
frameId=77
retCode=0

[2026/01/30 20:05:44 449] [P0x000970d0] [T0x00097102] D/DataSender(line 867)           :parsed data as ack, s2ack_time=28ms, info:
streamId=audio-2
frameId=78
retCode=0

[2026/01/30 20:05:44 449] [P0x000970d0] [T0x00097196] D/WSConnection(line 603)         :receive data completely, dataLen=69
[2026/01/30 20:05:44 449] [P0x000970d0] [T0x00097102] D/DataSender(line 867)           :parsed data as ack, s2ack_time=28ms, info:
streamId=audio-2
frameId=79
retCode=0

[2026/01/30 20:05:44 581] [P0x000970d0] [T0x00097114] D/DataSender(line 705)           :send packet, ret=300, need_resend=0, send_cnt=1, sessionNo=1, info:
streamId=audio-2
frameId=80
sid=cid0001bee1@dx19c0ecb47b46010002
dataType=1
dataStatus=1
dataLen=214

[2026/01/30 20:05:44 581] [P0x000970d0] [T0x00097114] D/DataSender(line 705)           :send packet, ret=300, need_resend=0, send_cnt=1, sessionNo=1, info:
streamId=audio-2
frameId=81
sid=cid0001bee1@dx19c0ecb47b46010002
dataType=1
dataStatus=1
dataLen=214

[2026/01/30 20:05:44 582] [P0x000970d0] [T0x00097114] D/DataSender(line 705)           :send packet, ret=300, need_resend=0, send_cnt=1, sessionNo=1, info:
streamId=audio-2
frameId=82
sid=cid0001bee1@dx19c0ecb47b46010002
dataType=1
dataStatus=1
dataLen=214

[2026/01/30 20:05:44 617] [P0x000970d0] [T0x00097196] D/WSConnection(line 603)         :receive data completely, dataLen=69
[2026/01/30 20:05:44 617] [P0x000970d0] [T0x00097196] D/WSConnection(line 603)         :receive data completely, dataLen=69
[2026/01/30 20:05:44 617] [P0x000970d0] [T0x00097102] D/DataSender(line 867)           :parsed data as ack, s2ack_time=36ms, info:
streamId=audio-2
frameId=80
retCode=0

[2026/01/30 20:05:44 617] [P0x000970d0] [T0x00097102] D/DataSender(line 867)           :parsed data as ack, s2ack_time=36ms, info:
streamId=audio-2
frameId=81
retCode=0

[2026/01/30 20:05:44 617] [P0x000970d0] [T0x00097196] D/WSConnection(line 603)         :receive data completely, dataLen=69
[2026/01/30 20:05:44 617] [P0x000970d0] [T0x00097102] D/DataSender(line 867)           :parsed data as ack, s2ack_time=35ms, info:
streamId=audio-2
frameId=82
retCode=0

[2026/01/30 20:05:44 755] [P0x000970d4] [T0x000971a0] D/WSConnection(line 566)         :receive timeout, try again
[2026/01/30 20:05:44 762] [P0x000970d0] [T0x00097114] D/DataSender(line 705)           :send packet, ret=300, need_resend=0, send_cnt=1, sessionNo=1, info:
streamId=audio-2
frameId=83
sid=cid0001bee1@dx19c0ecb47b46010002
dataType=1
dataStatus=1
dataLen=214

[2026/01/30 20:05:44 762] [P0x000970d0] [T0x00097114] D/DataSender(line 705)           :send packet, ret=300, need_resend=0, send_cnt=1, sessionNo=1, info:
streamId=audio-2
frameId=84
sid=cid0001bee1@dx19c0ecb47b46010002
dataType=1
dataStatus=1
dataLen=214

[2026/01/30 20:05:44 762] [P0x000970d0] [T0x00097114] D/DataSender(line 705)           :send packet, ret=300, need_resend=0, send_cnt=1, sessionNo=1, info:
streamId=audio-2
frameId=85
sid=cid0001bee1@dx19c0ecb47b46010002
dataType=1
dataStatus=1
dataLen=214

[2026/01/30 20:05:44 789] [P0x000970d0] [T0x00097196] D/WSConnection(line 603)         :receive data completely, dataLen=69
[2026/01/30 20:05:44 789] [P0x000970d0] [T0x00097196] D/WSConnection(line 603)         :receive data completely, dataLen=69
[2026/01/30 20:05:44 789] [P0x000970d0] [T0x00097102] D/DataSender(line 867)           :parsed data as ack, s2ack_time=27ms, info:
streamId=audio-2
frameId=83
retCode=0

[2026/01/30 20:05:44 789] [P0x000970d0] [T0x00097102] D/DataSender(line 867)           :parsed data as ack, s2ack_time=27ms, info:
streamId=audio-2
frameId=84
retCode=0

[2026/01/30 20:05:44 789] [P0x000970d0] [T0x00097196] D/WSConnection(line 603)         :receive data completely, dataLen=69
[2026/01/30 20:05:44 789] [P0x000970d0] [T0x00097102] D/DataSender(line 867)           :parsed data as ack, s2ack_time=27ms, info:
streamId=audio-2
frameId=85
retCode=0

[2026/01/30 20:05:44 801] [P0x000970d0] [T0x00097116] I/VadUnit(line 714)              :vad_eos found, confidence=0.811358.
[2026/01/30 20:05:44 802] [P0x000970d0] [T0x00097114] D/DataSender(line 705)           :send packet, ret=300, need_resend=0, send_cnt=1, sessionNo=1, info:
streamId=audio-2
frameId=86
sid=cid0001bee1@dx19c0ecb47b46010002
dataType=1
dataStatus=1
dataLen=214

[2026/01/30 20:05:44 802] [P0x000970d0] [T0x00097117] D/DataSender(line 524)           :set result timeout 5000ms for stream audio-2, taskId=1160.
[2026/01/30 20:05:44 802] [P0x000970d0] [T0x00097114] D/DataSender(line 705)           :send packet, ret=300, need_resend=0, send_cnt=1, sessionNo=1, info:
streamId=audio-2
frameId=87
sid=cid0001bee1@dx19c0ecb47b46010002
dataType=1
dataStatus=2
dataLen=214

[2026/01/30 20:05:44 830] [P0x000970d0] [T0x00097196] D/WSConnection(line 603)         :receive data completely, dataLen=69
[2026/01/30 20:05:44 830] [P0x000970d0] [T0x00097102] D/DataSender(line 867)           :parsed data as ack, s2ack_time=28ms, info:
streamId=audio-2
frameId=86
retCode=0

[2026/01/30 20:05:44 830] [P0x000970d0] [T0x00097196] D/WSConnection(line 603)         :receive data completely, dataLen=69
[2026/01/30 20:05:44 830] [P0x000970d0] [T0x00097102] D/DataSender(line 867)           :parsed data as ack, s2ack_time=28ms, info:
streamId=audio-2
frameId=87
retCode=0

[2026/01/30 20:05:44 919] [P0x000970d0] [T0x00097196] D/WSConnection(line 603)         :receive data completely, dataLen=378
[2026/01/30 20:05:44 919] [P0x000970d0] [T0x00097196] D/DataSender(line 1466)          :parsed data as result, stmid=audio-2, sid=cid0001bee1@dx19c0ecb47b46010002, retCode=0, params:
{"data":[{"content":[{"cnt_id":"0","dte":"utf8","dtf":"json"}],"params":{"accent":"mandarin","cmd":"[{\"service\":\"iat\",\"next\":\"end\"}]","frstid":"1","language":"zh-cn","lrst":"1","rss":"2","rstid":1,"sub":"iat"}}]}

[2026/01/30 20:05:44 919] [P0x000970d0] [T0x00097113] D/ResultScheduler(line 313)      :sub=iat, result={"text":{"bg":0,"ed":0,"ls":true,"sn":1,"ws":[{"bg":0,"cw":[{"sc":0,"w":"放"}]},{"bg":0,"cw":[{"sc":0,"w":"放"}]},{"bg":0,"cw":[{"sc":0,"w":"成"}]},{"bg":0,"cw":[{"sc":0,"w":"的"}]},{"bg":0,"cw":[{"sc":0,"w":"歌"}]},{"bg":0,"cw":[{"sc":0,"w":""}]}]}}
[2026/01/30 20:05:44 919] [P0x000970d0] [T0x00097113] D/ResultScheduler(line 456)      :stat size=2
[2026/01/30 20:05:44 919] [P0x000970d0] [T0x00097113] D/ResultScheduler(line 457)      :rstMap size=0
[2026/01/30 20:05:44 919] [P0x000970d0] [T0x00097113] D/ResultScheduler(line 458)      :sid=cid0001bee1@dx19c0ecb47b46010002
[2026/01/30 20:05:44 919] [P0x000970d0] [T0x00097113] D/ResultScheduler(line 459)      :streamId=audio-2
[2026/01/30 20:05:44 919] [P0x000970d0] [T0x00097113] D/ResultScheduler(line 460)      :bizParam={"data":[{"content":[{"cnt_id":"0","dte":"utf8","dtf":"json"}],"params":{"accent":"mandarin","cmd":"[{\"service\":\"iat\",\"next\":\"end\"}]","frstid":"1","language":"zh-cn","lrst":"1","rss":"2","rstid":1,"sub":"iat"}}]}
[2026/01/30 20:05:44 919] [P0x000970d0] [T0x00097102] D/DataSender(line 1047)          :stream audio-2 received result, reset the continued timeout count.
[2026/01/30 20:05:45 880] [P0x000970d0] [T0x00097116] I/VadUnit(line 653)              :write audio before bos, length=19200.
[2026/01/30 20:05:45 880] [P0x000970d0] [T0x00097116] I/VadUnit(line 665)              :vad_bos found, stmid=audio-3.
[2026/01/30 20:05:45 881] [P0x000970d0] [T0x00097114] D/DataSender(line 705)           :send packet, ret=1029, need_resend=0, send_cnt=1, sessionNo=1, info:
streamId=audio-3
frameId=1
sid=cid0001bee1@dx19c0ecb47b4a010003
dataType=1
dataStatus=0
dataLen=214
args={"cnt_id":"0","dte":"speex-wb;10","dtf":"audio/L16;rate=16000","frame_size":"1280"}
params={"appid":"ad184cbf","context":{"sdk_support":["tts","iat","nlp"]},"dev_lang":"cpp","dsrc":"sdk","dtype":"audio","interact_mode":"continuous","os_sys":"Linux","prot_type":"pb","sample_rate":"16000","scene":"main_box","sdk_ver":"6.6.0001.0041","sn":"bc:fc:e7:cc:1d:1a","stmid":"audio-3","ver_type":"desktop_pc","wake_id":"176977472901646396e5f04ea14bce1a1d82d"}
userParams=

[2026/01/30 20:05:45 881] [P0x000970d0] [T0x00097114] D/DataSender(line 705)           :send packet, ret=300, need_resend=0, send_cnt=1, sessionNo=1, info:
streamId=audio-3
frameId=2
sid=cid0001bee1@dx19c0ecb47b4a010003
dataType=1
dataStatus=1
dataLen=214

[2026/01/30 20:05:45 882] [P0x000970d0] [T0x00097114] D/DataSender(line 705)           :send packet, ret=300, need_resend=0, send_cnt=1, sessionNo=1, info:
streamId=audio-3
frameId=3
sid=cid0001bee1@dx19c0ecb47b4a010003
dataType=1
dataStatus=1
dataLen=214

[2026/01/30 20:05:45 882] [P0x000970d0] [T0x00097114] D/DataSender(line 705)           :send packet, ret=300, need_resend=0, send_cnt=1, sessionNo=1, info:
streamId=audio-3
frameId=4
sid=cid0001bee1@dx19c0ecb47b4a010003
dataType=1
dataStatus=1
dataLen=214

[2026/01/30 20:05:45 882] [P0x000970d0] [T0x00097114] D/DataSender(line 705)           :send packet, ret=300, need_resend=0, send_cnt=1, sessionNo=1, info:
streamId=audio-3
frameId=5
sid=cid0001bee1@dx19c0ecb47b4a010003
dataType=1
dataStatus=1
dataLen=214

[2026/01/30 20:05:45 883] [P0x000970d0] [T0x00097114] D/DataSender(line 705)           :send packet, ret=300, need_resend=0, send_cnt=1, sessionNo=1, info:
streamId=audio-3
frameId=6
sid=cid0001bee1@dx19c0ecb47b4a010003
dataType=1
dataStatus=1
dataLen=214

[2026/01/30 20:05:45 883] [P0x000970d0] [T0x00097114] D/DataSender(line 705)           :send packet, ret=300, need_resend=0, send_cnt=1, sessionNo=1, info:
streamId=audio-3
frameId=7
sid=cid0001bee1@dx19c0ecb47b4a010003
dataType=1
dataStatus=1
dataLen=214

[2026/01/30 20:05:45 883] [P0x000970d0] [T0x00097114] D/DataSender(line 705)           :send packet, ret=300, need_resend=0, send_cnt=1, sessionNo=1, info:
streamId=audio-3
frameId=8
sid=cid0001bee1@dx19c0ecb47b4a010003
dataType=1
dataStatus=1
dataLen=214

[2026/01/30 20:05:45 884] [P0x000970d0] [T0x00097114] D/DataSender(line 705)           :send packet, ret=300, need_resend=0, send_cnt=1, sessionNo=1, info:
streamId=audio-3
frameId=9
sid=cid0001bee1@dx19c0ecb47b4a010003
dataType=1
dataStatus=1
dataLen=214

[2026/01/30 20:05:45 884] [P0x000970d0] [T0x00097114] D/DataSender(line 705)           :send packet, ret=300, need_resend=0, send_cnt=1, sessionNo=1, info:
streamId=audio-3
frameId=10
sid=cid0001bee1@dx19c0ecb47b4a010003
dataType=1
dataStatus=1
dataLen=214

[2026/01/30 20:05:45 884] [P0x000970d0] [T0x00097114] D/DataSender(line 705)           :send packet, ret=300, need_resend=0, send_cnt=1, sessionNo=1, info:
streamId=audio-3
frameId=11
sid=cid0001bee1@dx19c0ecb47b4a010003
dataType=1
dataStatus=1
dataLen=214

[2026/01/30 20:05:45 885] [P0x000970d0] [T0x00097114] D/DataSender(line 705)           :send packet, ret=300, need_resend=0, send_cnt=1, sessionNo=1, info:
streamId=audio-3
frameId=12
sid=cid0001bee1@dx19c0ecb47b4a010003
dataType=1
dataStatus=1
dataLen=214

[2026/01/30 20:05:45 885] [P0x000970d0] [T0x00097114] D/DataSender(line 705)           :send packet, ret=300, need_resend=0, send_cnt=1, sessionNo=1, info:
streamId=audio-3
frameId=13
sid=cid0001bee1@dx19c0ecb47b4a010003
dataType=1
dataStatus=1
dataLen=214

[2026/01/30 20:05:45 885] [P0x000970d0] [T0x00097114] D/DataSender(line 705)           :send packet, ret=300, need_resend=0, send_cnt=1, sessionNo=1, info:
streamId=audio-3
frameId=14
sid=cid0001bee1@dx19c0ecb47b4a010003
dataType=1
dataStatus=1
dataLen=214

[2026/01/30 20:05:45 885] [P0x000970d0] [T0x00097114] D/DataSender(line 705)           :send packet, ret=300, need_resend=0, send_cnt=1, sessionNo=1, info:
streamId=audio-3
frameId=15
sid=cid0001bee1@dx19c0ecb47b4a010003
dataType=1
dataStatus=1
dataLen=214

[2026/01/30 20:05:45 885] [P0x000970d0] [T0x00097114] D/DataSender(line 705)           :send packet, ret=300, need_resend=0, send_cnt=1, sessionNo=1, info:
streamId=audio-3
frameId=16
sid=cid0001bee1@dx19c0ecb47b4a010003
dataType=1
dataStatus=1
dataLen=214

[2026/01/30 20:05:45 909] [P0x000970d0] [T0x00097196] D/WSConnection(line 603)         :receive data completely, dataLen=66
[2026/01/30 20:05:45 909] [P0x000970d0] [T0x00097196] D/WSConnection(line 603)         :receive data completely, dataLen=68
[2026/01/30 20:05:45 909] [P0x000970d0] [T0x00097102] D/DataSender(line 867)           :parsed data as ack, s2ack_time=28ms, info:
streamId=audio-3
frameId=1
retCode=0

[2026/01/30 20:05:45 909] [P0x000970d0] [T0x00097196] D/WSConnection(line 603)         :receive data completely, dataLen=68
[2026/01/30 20:05:45 909] [P0x000970d0] [T0x00097102] D/DataSender(line 867)           :parsed data as ack, s2ack_time=28ms, info:
streamId=audio-3
frameId=2
retCode=0

[2026/01/30 20:05:45 909] [P0x000970d0] [T0x00097196] D/WSConnection(line 603)         :receive data completely, dataLen=68
[2026/01/30 20:05:45 909] [P0x000970d0] [T0x00097102] D/DataSender(line 867)           :parsed data as ack, s2ack_time=27ms, info:
streamId=audio-3
frameId=3
retCode=0

[2026/01/30 20:05:45 909] [P0x000970d0] [T0x00097102] D/DataSender(line 867)           :parsed data as ack, s2ack_time=27ms, info:
streamId=audio-3
frameId=4
retCode=0

[2026/01/30 20:05:45 909] [P0x000970d0] [T0x00097196] D/WSConnection(line 603)         :receive data completely, dataLen=68
[2026/01/30 20:05:45 909] [P0x000970d0] [T0x00097102] D/DataSender(line 867)           :parsed data as ack, s2ack_time=27ms, info:
streamId=audio-3
frameId=5
retCode=0

[2026/01/30 20:05:45 909] [P0x000970d0] [T0x00097196] D/WSConnection(line 603)         :receive data completely, dataLen=68
[2026/01/30 20:05:45 909] [P0x000970d0] [T0x00097102] D/DataSender(line 867)           :parsed data as ack, s2ack_time=26ms, info:
streamId=audio-3
frameId=6
retCode=0

[2026/01/30 20:05:45 911] [P0x000970d0] [T0x00097196] D/WSConnection(line 603)         :receive data completely, dataLen=68
[2026/01/30 20:05:45 911] [P0x000970d0] [T0x00097196] D/WSConnection(line 603)         :receive data completely, dataLen=68
[2026/01/30 20:05:45 911] [P0x000970d0] [T0x00097102] D/DataSender(line 867)           :parsed data as ack, s2ack_time=28ms, info:
streamId=audio-3
frameId=7
retCode=0

[2026/01/30 20:05:45 911] [P0x000970d0] [T0x00097102] D/DataSender(line 867)           :parsed data as ack, s2ack_time=28ms, info:
streamId=audio-3
frameId=8
retCode=0

[2026/01/30 20:05:45 914] [P0x000970d0] [T0x00097196] D/WSConnection(line 603)         :receive data completely, dataLen=68
[2026/01/30 20:05:45 914] [P0x000970d0] [T0x00097196] D/WSConnection(line 603)         :receive data completely, dataLen=69
[2026/01/30 20:05:45 914] [P0x000970d0] [T0x00097102] D/DataSender(line 867)           :parsed data as ack, s2ack_time=30ms, info:
streamId=audio-3
frameId=9
retCode=0

[2026/01/30 20:05:45 914] [P0x000970d0] [T0x00097102] D/DataSender(line 867)           :parsed data as ack, s2ack_time=30ms, info:
streamId=audio-3
frameId=10
retCode=0

[2026/01/30 20:05:45 936] [P0x000970d0] [T0x00097196] D/WSConnection(line 603)         :receive data completely, dataLen=69
[2026/01/30 20:05:45 936] [P0x000970d0] [T0x00097196] D/WSConnection(line 603)         :receive data completely, dataLen=69
[2026/01/30 20:05:45 936] [P0x000970d0] [T0x00097196] D/WSConnection(line 603)         :receive data completely, dataLen=69
[2026/01/30 20:05:45 936] [P0x000970d0] [T0x00097102] D/DataSender(line 867)           :parsed data as ack, s2ack_time=52ms, info:
streamId=audio-3
frameId=11
retCode=0

[2026/01/30 20:05:45 936] [P0x000970d0] [T0x00097196] D/WSConnection(line 603)         :receive data completely, dataLen=69
[2026/01/30 20:05:45 936] [P0x000970d0] [T0x00097102] D/DataSender(line 867)           :parsed data as ack, s2ack_time=51ms, info:
streamId=audio-3
frameId=12
retCode=0

[2026/01/30 20:05:45 936] [P0x000970d0] [T0x00097196] D/WSConnection(line 603)         :receive data completely, dataLen=69
[2026/01/30 20:05:45 936] [P0x000970d0] [T0x00097102] D/DataSender(line 867)           :parsed data as ack, s2ack_time=51ms, info:
streamId=audio-3
frameId=13
retCode=0

[2026/01/30 20:05:45 936] [P0x000970d0] [T0x00097196] D/WSConnection(line 603)         :receive data completely, dataLen=69
[2026/01/30 20:05:45 936] [P0x000970d0] [T0x00097102] D/DataSender(line 867)           :parsed data as ack, s2ack_time=51ms, info:
streamId=audio-3
frameId=14
retCode=0

[2026/01/30 20:05:45 936] [P0x000970d0] [T0x00097102] D/DataSender(line 867)           :parsed data as ack, s2ack_time=51ms, info:
streamId=audio-3
frameId=15
retCode=0

[2026/01/30 20:05:45 936] [P0x000970d0] [T0x00097102] D/DataSender(line 867)           :parsed data as ack, s2ack_time=51ms, info:
streamId=audio-3
frameId=16
retCode=0

[2026/01/30 20:05:46 041] [P0x000970d0] [T0x00097114] D/DataSender(line 705)           :send packet, ret=300, need_resend=0, send_cnt=1, sessionNo=1, info:
streamId=audio-3
frameId=17
sid=cid0001bee1@dx19c0ecb47b4a010003
dataType=1
dataStatus=1
dataLen=214

[2026/01/30 20:05:46 041] [P0x000970d0] [T0x00097114] D/DataSender(line 705)           :send packet, ret=300, need_resend=0, send_cnt=1, sessionNo=1, info:
streamId=audio-3
frameId=18
sid=cid0001bee1@dx19c0ecb47b4a010003
dataType=1
dataStatus=1
dataLen=214

[2026/01/30 20:05:46 041] [P0x000970d0] [T0x00097114] D/DataSender(line 705)           :send packet, ret=300, need_resend=0, send_cnt=1, sessionNo=1, info:
streamId=audio-3
frameId=19
sid=cid0001bee1@dx19c0ecb47b4a010003
dataType=1
dataStatus=1
dataLen=214

[2026/01/30 20:05:46 070] [P0x000970d0] [T0x00097196] D/WSConnection(line 603)         :receive data completely, dataLen=69
[2026/01/30 20:05:46 070] [P0x000970d0] [T0x00097196] D/WSConnection(line 603)         :receive data completely, dataLen=69
[2026/01/30 20:05:46 070] [P0x000970d0] [T0x00097102] D/DataSender(line 867)           :parsed data as ack, s2ack_time=29ms, info:
streamId=audio-3
frameId=17
retCode=0

[2026/01/30 20:05:46 070] [P0x000970d0] [T0x00097102] D/DataSender(line 867)           :parsed data as ack, s2ack_time=29ms, info:
streamId=audio-3
frameId=18
retCode=0

[2026/01/30 20:05:46 070] [P0x000970d0] [T0x00097196] D/WSConnection(line 603)         :receive data completely, dataLen=69
[2026/01/30 20:05:46 070] [P0x000970d0] [T0x00097102] D/DataSender(line 867)           :parsed data as ack, s2ack_time=29ms, info:
streamId=audio-3
frameId=19
retCode=0

[2026/01/30 20:05:46 081] [P0x000970d0] [T0x00097114] D/DataSender(line 705)           :send packet, ret=300, need_resend=0, send_cnt=1, sessionNo=1, info:
streamId=audio-3
frameId=20
sid=cid0001bee1@dx19c0ecb47b4a010003
dataType=1
dataStatus=1
dataLen=214

[2026/01/30 20:05:46 081] [P0x000970d0] [T0x00097114] D/DataSender(line 705)           :send packet, ret=300, need_resend=0, send_cnt=1, sessionNo=1, info:
streamId=audio-3
frameId=21
sid=cid0001bee1@dx19c0ecb47b4a010003
dataType=1
dataStatus=1
dataLen=214

[2026/01/30 20:05:46 081] [P0x000970d0] [T0x00097114] D/DataSender(line 705)           :send packet, ret=300, need_resend=0, send_cnt=1, sessionNo=1, info:
streamId=audio-3
frameId=22
sid=cid0001bee1@dx19c0ecb47b4a010003
dataType=1
dataStatus=1
dataLen=214

[2026/01/30 20:05:46 111] [P0x000970d0] [T0x00097196] D/WSConnection(line 603)         :receive data completely, dataLen=69
[2026/01/30 20:05:46 111] [P0x000970d0] [T0x00097196] D/WSConnection(line 603)         :receive data completely, dataLen=69
[2026/01/30 20:05:46 111] [P0x000970d0] [T0x00097196] D/WSConnection(line 603)         :receive data completely, dataLen=69
[2026/01/30 20:05:46 111] [P0x000970d0] [T0x00097102] D/DataSender(line 867)           :parsed data as ack, s2ack_time=30ms, info:
streamId=audio-3
frameId=20
retCode=0

[2026/01/30 20:05:46 111] [P0x000970d0] [T0x00097102] D/DataSender(line 867)           :parsed data as ack, s2ack_time=30ms, info:
streamId=audio-3
frameId=21
retCode=0

[2026/01/30 20:05:46 111] [P0x000970d0] [T0x00097102] D/DataSender(line 867)           :parsed data as ack, s2ack_time=30ms, info:
streamId=audio-3
frameId=22
retCode=0

[2026/01/30 20:05:46 260] [P0x000970d0] [T0x00097114] D/DataSender(line 705)           :send packet, ret=300, need_resend=0, send_cnt=1, sessionNo=1, info:
streamId=audio-3
frameId=23
sid=cid0001bee1@dx19c0ecb47b4a010003
dataType=1
dataStatus=1
dataLen=214

[2026/01/30 20:05:46 260] [P0x000970d0] [T0x00097114] D/DataSender(line 705)           :send packet, ret=300, need_resend=0, send_cnt=1, sessionNo=1, info:
streamId=audio-3
frameId=24
sid=cid0001bee1@dx19c0ecb47b4a010003
dataType=1
dataStatus=1
dataLen=214

[2026/01/30 20:05:46 260] [P0x000970d0] [T0x00097114] D/DataSender(line 705)           :send packet, ret=300, need_resend=0, send_cnt=1, sessionNo=1, info:
streamId=audio-3
frameId=25
sid=cid0001bee1@dx19c0ecb47b4a010003
dataType=1
dataStatus=1
dataLen=214

[2026/01/30 20:05:46 288] [P0x000970d0] [T0x00097196] D/WSConnection(line 603)         :receive data completely, dataLen=69
[2026/01/30 20:05:46 288] [P0x000970d0] [T0x00097102] D/DataSender(line 867)           :parsed data as ack, s2ack_time=28ms, info:
streamId=audio-3
frameId=23
retCode=0

[2026/01/30 20:05:46 288] [P0x000970d0] [T0x00097196] D/WSConnection(line 603)         :receive data completely, dataLen=69
[2026/01/30 20:05:46 288] [P0x000970d0] [T0x00097196] D/WSConnection(line 603)         :receive data completely, dataLen=69
[2026/01/30 20:05:46 288] [P0x000970d0] [T0x00097102] D/DataSender(line 867)           :parsed data as ack, s2ack_time=28ms, info:
streamId=audio-3
frameId=24
retCode=0

[2026/01/30 20:05:46 288] [P0x000970d0] [T0x00097102] D/DataSender(line 867)           :parsed data as ack, s2ack_time=28ms, info:
streamId=audio-3
frameId=25
retCode=0

[2026/01/30 20:05:46 440] [P0x000970d0] [T0x00097114] D/DataSender(line 705)           :send packet, ret=300, need_resend=0, send_cnt=1, sessionNo=1, info:
streamId=audio-3
frameId=26
sid=cid0001bee1@dx19c0ecb47b4a010003
dataType=1
dataStatus=1
dataLen=214

[2026/01/30 20:05:46 441] [P0x000970d0] [T0x00097114] D/DataSender(line 705)           :send packet, ret=300, need_resend=0, send_cnt=1, sessionNo=1, info:
streamId=audio-3
frameId=27
sid=cid0001bee1@dx19c0ecb47b4a010003
dataType=1
dataStatus=1
dataLen=214

[2026/01/30 20:05:46 441] [P0x000970d0] [T0x00097114] D/DataSender(line 705)           :send packet, ret=300, need_resend=0, send_cnt=1, sessionNo=1, info:
streamId=audio-3
frameId=28
sid=cid0001bee1@dx19c0ecb47b4a010003
dataType=1
dataStatus=1
dataLen=214

[2026/01/30 20:05:46 441] [P0x000970d0] [T0x00097114] D/DataSender(line 705)           :send packet, ret=300, need_resend=0, send_cnt=1, sessionNo=1, info:
streamId=audio-3
frameId=29
sid=cid0001bee1@dx19c0ecb47b4a010003
dataType=1
dataStatus=1
dataLen=214

[2026/01/30 20:05:46 467] [P0x000970d0] [T0x00097196] D/WSConnection(line 603)         :receive data completely, dataLen=69
[2026/01/30 20:05:46 467] [P0x000970d0] [T0x00097102] D/DataSender(line 867)           :parsed data as ack, s2ack_time=27ms, info:
streamId=audio-3
frameId=26
retCode=0

[2026/01/30 20:05:46 468] [P0x000970d0] [T0x00097196] D/WSConnection(line 603)         :receive data completely, dataLen=69
[2026/01/30 20:05:46 468] [P0x000970d0] [T0x00097102] D/DataSender(line 867)           :parsed data as ack, s2ack_time=27ms, info:
streamId=audio-3
frameId=27
retCode=0

[2026/01/30 20:05:46 471] [P0x000970d0] [T0x00097196] D/WSConnection(line 603)         :receive data completely, dataLen=69
[2026/01/30 20:05:46 471] [P0x000970d0] [T0x00097196] D/WSConnection(line 603)         :receive data completely, dataLen=69
[2026/01/30 20:05:46 471] [P0x000970d0] [T0x00097102] D/DataSender(line 867)           :parsed data as ack, s2ack_time=30ms, info:
streamId=audio-3
frameId=28
retCode=0

[2026/01/30 20:05:46 471] [P0x000970d0] [T0x00097102] D/DataSender(line 867)           :parsed data as ack, s2ack_time=30ms, info:
streamId=audio-3
frameId=29
retCode=0

[2026/01/30 20:05:46 480] [P0x000970d0] [T0x00097114] D/DataSender(line 705)           :send packet, ret=300, need_resend=0, send_cnt=1, sessionNo=1, info:
streamId=audio-3
frameId=30
sid=cid0001bee1@dx19c0ecb47b4a010003
dataType=1
dataStatus=1
dataLen=214

[2026/01/30 20:05:46 481] [P0x000970d0] [T0x00097114] D/DataSender(line 705)           :send packet, ret=300, need_resend=0, send_cnt=1, sessionNo=1, info:
streamId=audio-3
frameId=31
sid=cid0001bee1@dx19c0ecb47b4a010003
dataType=1
dataStatus=1
dataLen=214

[2026/01/30 20:05:46 481] [P0x000970d0] [T0x00097114] D/DataSender(line 705)           :send packet, ret=300, need_resend=0, send_cnt=1, sessionNo=1, info:
streamId=audio-3
frameId=32
sid=cid0001bee1@dx19c0ecb47b4a010003
dataType=1
dataStatus=1
dataLen=214

[2026/01/30 20:05:46 509] [P0x000970d0] [T0x00097196] D/WSConnection(line 603)         :receive data completely, dataLen=69
[2026/01/30 20:05:46 510] [P0x000970d0] [T0x00097102] D/DataSender(line 867)           :parsed data as ack, s2ack_time=29ms, info:
streamId=audio-3
frameId=30
retCode=0

[2026/01/30 20:05:46 510] [P0x000970d0] [T0x00097196] D/WSConnection(line 603)         :receive data completely, dataLen=69
[2026/01/30 20:05:46 510] [P0x000970d0] [T0x00097102] D/DataSender(line 867)           :parsed data as ack, s2ack_time=29ms, info:
streamId=audio-3
frameId=31
retCode=0

[2026/01/30 20:05:46 510] [P0x000970d0] [T0x00097196] D/WSConnection(line 603)         :receive data completely, dataLen=69
[2026/01/30 20:05:46 510] [P0x000970d0] [T0x00097102] D/DataSender(line 867)           :parsed data as ack, s2ack_time=29ms, info:
streamId=audio-3
frameId=32
retCode=0

[2026/01/30 20:05:46 515] [P0x000970d4] [T0x00097107] D/AIUIScheduler(line 1010)       :CMD_TTS
[2026/01/30 20:05:46 515] [P0x000970d4] [T0x00097107] D/DataSender(line 524)           :set result timeout 15000ms for stream text-2, taskId=1003.
[2026/01/30 20:05:46 515] [P0x000970d4] [T0x00097107] D/TextUploader(line 96)          :textParams={"appid":"ad184cbf","context":{"sdk_support":["tts","iat","nlp"]},"dtype":"text","scene":"IFLYTEK.tts","sn":"bc:fc:e7:cc:1d:1a","stmid":"text-2","vcn":"x4_lingxiaoying_em_v2"}.
[2026/01/30 20:05:46 515] [P0x000970d4] [T0x0009710f] D/DataSender(line 705)           :send packet, ret=667, need_resend=0, send_cnt=1, sessionNo=1, info:
streamId=text-2
frameId=1
sid=cid00016eb0@dx19c0ecb756cf040002
dataType=0
dataStatus=3
dataLen=139
args={"cnt_id":"0","dte":"","dtf":""}
params={"appid":"ad184cbf","context":{"sdk_support":["tts","iat","nlp"]},"dtype":"text","scene":"IFLYTEK.tts","sn":"bc:fc:e7:cc:1d:1a","stmid":"text-2","vcn":"x4_lingxiaoying_em_v2"}
userParams=

[2026/01/30 20:05:46 539] [P0x000970d4] [T0x000971a0] D/WSConnection(line 603)         :receive data completely, dataLen=65
[2026/01/30 20:05:46 539] [P0x000970d4] [T0x0009710a] D/DataSender(line 867)           :parsed data as ack, s2ack_time=24ms, info:
streamId=text-2
frameId=1
retCode=0

[2026/01/30 20:05:46 660] [P0x000970d0] [T0x00097114] D/DataSender(line 705)           :send packet, ret=300, need_resend=0, send_cnt=1, sessionNo=1, info:
streamId=audio-3
frameId=33
sid=cid0001bee1@dx19c0ecb47b4a010003
dataType=1
dataStatus=1
dataLen=214

[2026/01/30 20:05:46 660] [P0x000970d0] [T0x00097114] D/DataSender(line 705)           :send packet, ret=300, need_resend=0, send_cnt=1, sessionNo=1, info:
streamId=audio-3
frameId=34
sid=cid0001bee1@dx19c0ecb47b4a010003
dataType=1
dataStatus=1
dataLen=214

[2026/01/30 20:05:46 661] [P0x000970d0] [T0x00097114] D/DataSender(line 705)           :send packet, ret=300, need_resend=0, send_cnt=1, sessionNo=1, info:
streamId=audio-3
frameId=35
sid=cid0001bee1@dx19c0ecb47b4a010003
dataType=1
dataStatus=1
dataLen=214

[2026/01/30 20:05:46 688] [P0x000970d0] [T0x00097196] D/WSConnection(line 603)         :receive data completely, dataLen=69
[2026/01/30 20:05:46 688] [P0x000970d0] [T0x00097102] D/DataSender(line 867)           :parsed data as ack, s2ack_time=28ms, info:
streamId=audio-3
frameId=33
retCode=0

[2026/01/30 20:05:46 688] [P0x000970d0] [T0x00097196] D/WSConnection(line 603)         :receive data completely, dataLen=69
[2026/01/30 20:05:46 688] [P0x000970d0] [T0x00097102] D/DataSender(line 867)           :parsed data as ack, s2ack_time=28ms, info:
streamId=audio-3
frameId=34
retCode=0

[2026/01/30 20:05:46 688] [P0x000970d0] [T0x00097196] D/WSConnection(line 603)         :receive data completely, dataLen=69
[2026/01/30 20:05:46 688] [P0x000970d0] [T0x00097102] D/DataSender(line 867)           :parsed data as ack, s2ack_time=27ms, info:
streamId=audio-3
frameId=35
retCode=0

[2026/01/30 20:05:46 700] [P0x000970d0] [T0x00097114] D/DataSender(line 705)           :send packet, ret=300, need_resend=0, send_cnt=1, sessionNo=1, info:
streamId=audio-3
frameId=36
sid=cid0001bee1@dx19c0ecb47b4a010003
dataType=1
dataStatus=1
dataLen=214

[2026/01/30 20:05:46 700] [P0x000970d0] [T0x00097114] D/DataSender(line 705)           :send packet, ret=300, need_resend=0, send_cnt=1, sessionNo=1, info:
streamId=audio-3
frameId=37
sid=cid0001bee1@dx19c0ecb47b4a010003
dataType=1
dataStatus=1
dataLen=214

[2026/01/30 20:05:46 701] [P0x000970d0] [T0x00097114] D/DataSender(line 705)           :send packet, ret=300, need_resend=0, send_cnt=1, sessionNo=1, info:
streamId=audio-3
frameId=38
sid=cid0001bee1@dx19c0ecb47b4a010003
dataType=1
dataStatus=1
dataLen=214

[2026/01/30 20:05:46 727] [P0x000970d0] [T0x00097196] D/WSConnection(line 603)         :receive data completely, dataLen=69
[2026/01/30 20:05:46 727] [P0x000970d0] [T0x00097196] D/WSConnection(line 603)         :receive data completely, dataLen=69
[2026/01/30 20:05:46 727] [P0x000970d0] [T0x00097102] D/DataSender(line 867)           :parsed data as ack, s2ack_time=27ms, info:
streamId=audio-3
frameId=36
retCode=0

[2026/01/30 20:05:46 727] [P0x000970d0] [T0x00097196] D/WSConnection(line 603)         :receive data completely, dataLen=69
[2026/01/30 20:05:46 727] [P0x000970d0] [T0x00097102] D/DataSender(line 867)           :parsed data as ack, s2ack_time=27ms, info:
streamId=audio-3
frameId=37
retCode=0

[2026/01/30 20:05:46 727] [P0x000970d0] [T0x00097102] D/DataSender(line 867)           :parsed data as ack, s2ack_time=26ms, info:
streamId=audio-3
frameId=38
retCode=0

[2026/01/30 20:05:46 732] [P0x000970d4] [T0x000971a0] D/WSConnection(line 603)         :receive data completely, dataLen=1914
[2026/01/30 20:05:46 732] [P0x000970d4] [T0x000971a0] D/DataSender(line 1466)          :parsed data as result, stmid=text-2, sid=cid00016eb0@dx19c0ecb756cf040002, retCode=0, params:
{"data":[{"content":[{"cancel":"0","cnt_id":"0","dte":"speex-wb;7","dtf":"audio/L16;rate=16000","dts":0,"error":"","frame_id":1,"text_end":48,"text_percent":34,"text_seg":"抱歉，我无法播放音乐或音频文件。","text_start":0,"url":"0"}],"params":{"cmd":"[{\"service\":\"tts\",\"next\":\"end\"}]","lrst":"0","rstid":1,"sub":"tts","tts":"1"}}]}

[2026/01/30 20:05:46 732] [P0x000970d4] [T0x0009710e] D/ResultScheduler(line 316)      :sub=tts, binary result
[2026/01/30 20:05:46 732] [P0x000970d4] [T0x0009710e] D/ResultScheduler(line 456)      :stat size=2
[2026/01/30 20:05:46 732] [P0x000970d4] [T0x0009710e] D/ResultScheduler(line 457)      :rstMap size=0
[2026/01/30 20:05:46 732] [P0x000970d4] [T0x0009710e] D/ResultScheduler(line 458)      :sid=cid00016eb0@dx19c0ecb756cf040002
[2026/01/30 20:05:46 732] [P0x000970d4] [T0x0009710e] D/ResultScheduler(line 459)      :streamId=text-2
[2026/01/30 20:05:46 732] [P0x000970d4] [T0x0009710e] D/ResultScheduler(line 460)      :bizParam={"data":[{"content":[{"cancel":"0","cnt_id":"0","dte":"pcm","dtf":"audio/L16;rate=16000","dts":0,"error":"","frame_id":1,"text_end":48,"text_percent":34,"text_seg":"抱歉，我无法播放音乐或音频文件。","text_start":0,"url":"0"}],"params":{"cmd":"[{\"service\":\"tts\",\"next\":\"end\"}]","lrst":"0","rstid":1,"sub":"tts","tts":"1"}}]}
[2026/01/30 20:05:46 732] [P0x000970d4] [T0x0009710a] D/DataSender(line 1047)          :stream text-2 received result, reset the continued timeout count.
[2026/01/30 20:05:46 740] [P0x000970d4] [T0x000971a0] D/WSConnection(line 603)         :receive data completely, dataLen=1722
[2026/01/30 20:05:46 741] [P0x000970d4] [T0x000971a0] D/DataSender(line 1466)          :parsed data as result, stmid=text-2, sid=cid00016eb0@dx19c0ecb756cf040002, retCode=0, params:
{"data":[{"content":[{"cancel":"0","cnt_id":"0","dte":"speex-wb;7","dtf":"audio/L16;rate=16000","dts":1,"error":"","frame_id":2,"text_end":48,"text_percent":34,"text_seg":"抱歉，我无法播放音乐或音频文件。","text_start":0,"url":"0"}],"params":{"cmd":"[{\"service\":\"tts\",\"next\":\"end\"}]","lrst":"0","rstid":1,"sub":"tts","tts":"1"}}]}

[2026/01/30 20:05:46 741] [P0x000970d4] [T0x0009710e] D/ResultScheduler(line 316)      :sub=tts, binary result
[2026/01/30 20:05:46 742] [P0x000970d4] [T0x0009710e] D/ResultScheduler(line 456)      :stat size=2
[2026/01/30 20:05:46 742] [P0x000970d4] [T0x0009710e] D/ResultScheduler(line 457)      :rstMap size=0
[2026/01/30 20:05:46 742] [P0x000970d4] [T0x0009710e] D/ResultScheduler(line 458)      :sid=cid00016eb0@dx19c0ecb756cf040002
[2026/01/30 20:05:46 742] [P0x000970d4] [T0x0009710e] D/ResultScheduler(line 459)      :streamId=text-2
[2026/01/30 20:05:46 742] [P0x000970d4] [T0x0009710e] D/ResultScheduler(line 460)      :bizParam={"data":[{"content":[{"cancel":"0","cnt_id":"0","dte":"pcm","dtf":"audio/L16;rate=16000","dts":1,"error":"","frame_id":2,"text_end":48,"text_percent":34,"text_seg":"抱歉，我无法播放音乐或音频文件。","text_start":0,"url":"0"}],"params":{"cmd":"[{\"service\":\"tts\",\"next\":\"end\"}]","lrst":"0","rstid":1,"sub":"tts","tts":"1"}}]}
[2026/01/30 20:05:46 742] [P0x000970d4] [T0x0009710a] D/DataSender(line 1047)          :stream text-2 received result, reset the continued timeout count.
[2026/01/30 20:05:46 822] [P0x000970d4] [T0x000971a0] D/WSConnection(line 603)         :receive data completely, dataLen=1930
[2026/01/30 20:05:46 822] [P0x000970d4] [T0x000971a0] D/DataSender(line 1466)          :parsed data as result, stmid=text-2, sid=cid00016eb0@dx19c0ecb756cf040002, retCode=0, params:
{"data":[{"content":[{"cancel":"0","cnt_id":"0","dte":"speex-wb;7","dtf":"audio/L16;rate=16000","dts":1,"error":"","frame_id":3,"text_end":48,"text_percent":34,"text_seg":"抱歉，我无法播放音乐或音频文件。","text_start":0,"url":"0"}],"params":{"cmd":"[{\"service\":\"tts\",\"next\":\"end\"}]","lrst":"0","rstid":1,"sub":"tts","tts":"1"}}]}

[2026/01/30 20:05:46 822] [P0x000970d4] [T0x0009710e] D/ResultScheduler(line 316)      :sub=tts, binary result
[2026/01/30 20:05:46 823] [P0x000970d4] [T0x0009710e] D/ResultScheduler(line 456)      :stat size=2
[2026/01/30 20:05:46 823] [P0x000970d4] [T0x0009710e] D/ResultScheduler(line 457)      :rstMap size=0
[2026/01/30 20:05:46 823] [P0x000970d4] [T0x0009710e] D/ResultScheduler(line 458)      :sid=cid00016eb0@dx19c0ecb756cf040002
[2026/01/30 20:05:46 823] [P0x000970d4] [T0x0009710e] D/ResultScheduler(line 459)      :streamId=text-2
[2026/01/30 20:05:46 823] [P0x000970d4] [T0x0009710e] D/ResultScheduler(line 460)      :bizParam={"data":[{"content":[{"cancel":"0","cnt_id":"0","dte":"pcm","dtf":"audio/L16;rate=16000","dts":1,"error":"","frame_id":3,"text_end":48,"text_percent":34,"text_seg":"抱歉，我无法播放音乐或音频文件。","text_start":0,"url":"0"}],"params":{"cmd":"[{\"service\":\"tts\",\"next\":\"end\"}]","lrst":"0","rstid":1,"sub":"tts","tts":"1"}}]}
[2026/01/30 20:05:46 823] [P0x000970d4] [T0x0009710a] D/DataSender(line 1047)          :stream text-2 received result, reset the continued timeout count.
[2026/01/30 20:05:46 861] [P0x000970d0] [T0x00097114] D/DataSender(line 705)           :send packet, ret=300, need_resend=0, send_cnt=1, sessionNo=1, info:
streamId=audio-3
frameId=39
sid=cid0001bee1@dx19c0ecb47b4a010003
dataType=1
dataStatus=1
dataLen=214

[2026/01/30 20:05:46 861] [P0x000970d0] [T0x00097114] D/DataSender(line 705)           :send packet, ret=300, need_resend=0, send_cnt=1, sessionNo=1, info:
streamId=audio-3
frameId=40
sid=cid0001bee1@dx19c0ecb47b4a010003
dataType=1
dataStatus=1
dataLen=214

[2026/01/30 20:05:46 862] [P0x000970d0] [T0x00097114] D/DataSender(line 705)           :send packet, ret=300, need_resend=0, send_cnt=1, sessionNo=1, info:
streamId=audio-3
frameId=41
sid=cid0001bee1@dx19c0ecb47b4a010003
dataType=1
dataStatus=1
dataLen=214

[2026/01/30 20:05:46 889] [P0x000970d0] [T0x00097196] D/WSConnection(line 603)         :receive data completely, dataLen=69
[2026/01/30 20:05:46 889] [P0x000970d0] [T0x00097102] D/DataSender(line 867)           :parsed data as ack, s2ack_time=28ms, info:
streamId=audio-3
frameId=39
retCode=0

[2026/01/30 20:05:46 889] [P0x000970d0] [T0x00097196] D/WSConnection(line 603)         :receive data completely, dataLen=69
[2026/01/30 20:05:46 889] [P0x000970d0] [T0x00097196] D/WSConnection(line 603)         :receive data completely, dataLen=69
[2026/01/30 20:05:46 889] [P0x000970d0] [T0x00097102] D/DataSender(line 867)           :parsed data as ack, s2ack_time=28ms, info:
streamId=audio-3
frameId=40
retCode=0

[2026/01/30 20:05:46 889] [P0x000970d0] [T0x00097102] D/DataSender(line 867)           :parsed data as ack, s2ack_time=27ms, info:
streamId=audio-3
frameId=41
retCode=0

[2026/01/30 20:05:46 892] [P0x000970d4] [T0x000971a0] D/WSConnection(line 603)         :receive data completely, dataLen=1930
[2026/01/30 20:05:46 892] [P0x000970d4] [T0x000971a0] D/DataSender(line 1466)          :parsed data as result, stmid=text-2, sid=cid00016eb0@dx19c0ecb756cf040002, retCode=0, params:
{"data":[{"content":[{"cancel":"0","cnt_id":"0","dte":"speex-wb;7","dtf":"audio/L16;rate=16000","dts":1,"error":"","frame_id":4,"text_end":48,"text_percent":34,"text_seg":"抱歉，我无法播放音乐或音频文件。","text_start":0,"url":"0"}],"params":{"cmd":"[{\"service\":\"tts\",\"next\":\"end\"}]","lrst":"0","rstid":1,"sub":"tts","tts":"1"}}]}

[2026/01/30 20:05:46 892] [P0x000970d4] [T0x0009710e] D/ResultScheduler(line 316)      :sub=tts, binary result
[2026/01/30 20:05:46 892] [P0x000970d4] [T0x0009710e] D/ResultScheduler(line 456)      :stat size=2
[2026/01/30 20:05:46 892] [P0x000970d4] [T0x0009710e] D/ResultScheduler(line 457)      :rstMap size=0
[2026/01/30 20:05:46 892] [P0x000970d4] [T0x0009710e] D/ResultScheduler(line 458)      :sid=cid00016eb0@dx19c0ecb756cf040002
[2026/01/30 20:05:46 892] [P0x000970d4] [T0x0009710e] D/ResultScheduler(line 459)      :streamId=text-2
[2026/01/30 20:05:46 892] [P0x000970d4] [T0x0009710e] D/ResultScheduler(line 460)      :bizParam={"data":[{"content":[{"cancel":"0","cnt_id":"0","dte":"pcm","dtf":"audio/L16;rate=16000","dts":1,"error":"","frame_id":4,"text_end":48,"text_percent":34,"text_seg":"抱歉，我无法播放音乐或音频文件。","text_start":0,"url":"0"}],"params":{"cmd":"[{\"service\":\"tts\",\"next\":\"end\"}]","lrst":"0","rstid":1,"sub":"tts","tts":"1"}}]}
[2026/01/30 20:05:46 892] [P0x000970d4] [T0x0009710a] D/DataSender(line 1047)          :stream text-2 received result, reset the continued timeout count.
[2026/01/30 20:05:46 956] [P0x000970d4] [T0x000971a0] D/WSConnection(line 603)         :receive data completely, dataLen=1930
[2026/01/30 20:05:46 957] [P0x000970d4] [T0x000971a0] D/DataSender(line 1466)          :parsed data as result, stmid=text-2, sid=cid00016eb0@dx19c0ecb756cf040002, retCode=0, params:
{"data":[{"content":[{"cancel":"0","cnt_id":"0","dte":"speex-wb;7","dtf":"audio/L16;rate=16000","dts":1,"error":"","frame_id":5,"text_end":48,"text_percent":34,"text_seg":"抱歉，我无法播放音乐或音频文件。","text_start":0,"url":"0"}],"params":{"cmd":"[{\"service\":\"tts\",\"next\":\"end\"}]","lrst":"0","rstid":1,"sub":"tts","tts":"1"}}]}

[2026/01/30 20:05:46 957] [P0x000970d4] [T0x0009710e] D/ResultScheduler(line 316)      :sub=tts, binary result
[2026/01/30 20:05:46 957] [P0x000970d4] [T0x0009710e] D/ResultScheduler(line 456)      :stat size=2
[2026/01/30 20:05:46 957] [P0x000970d4] [T0x0009710e] D/ResultScheduler(line 457)      :rstMap size=0
[2026/01/30 20:05:46 957] [P0x000970d4] [T0x0009710e] D/ResultScheduler(line 458)      :sid=cid00016eb0@dx19c0ecb756cf040002
[2026/01/30 20:05:46 957] [P0x000970d4] [T0x0009710e] D/ResultScheduler(line 459)      :streamId=text-2
[2026/01/30 20:05:46 957] [P0x000970d4] [T0x0009710e] D/ResultScheduler(line 460)      :bizParam={"data":[{"content":[{"cancel":"0","cnt_id":"0","dte":"pcm","dtf":"audio/L16;rate=16000","dts":1,"error":"","frame_id":5,"text_end":48,"text_percent":34,"text_seg":"抱歉，我无法播放音乐或音频文件。","text_start":0,"url":"0"}],"params":{"cmd":"[{\"service\":\"tts\",\"next\":\"end\"}]","lrst":"0","rstid":1,"sub":"tts","tts":"1"}}]}
[2026/01/30 20:05:46 957] [P0x000970d4] [T0x0009710a] D/DataSender(line 1047)          :stream text-2 received result, reset the continued timeout count.
[2026/01/30 20:05:47 035] [P0x000970d4] [T0x000971a0] D/WSConnection(line 603)         :receive data completely, dataLen=1866
[2026/01/30 20:05:47 035] [P0x000970d4] [T0x000971a0] D/DataSender(line 1466)          :parsed data as result, stmid=text-2, sid=cid00016eb0@dx19c0ecb756cf040002, retCode=0, params:
{"data":[{"content":[{"cancel":"0","cnt_id":"0","dte":"speex-wb;7","dtf":"audio/L16;rate=16000","dts":1,"error":"","frame_id":6,"text_end":48,"text_percent":34,"text_seg":"抱歉，我无法播放音乐或音频文件。","text_start":0,"url":"0"}],"params":{"cmd":"[{\"service\":\"tts\",\"next\":\"end\"}]","lrst":"0","rstid":1,"sub":"tts","tts":"1"}}]}

[2026/01/30 20:05:47 035] [P0x000970d4] [T0x0009710e] D/ResultScheduler(line 316)      :sub=tts, binary result
[2026/01/30 20:05:47 035] [P0x000970d4] [T0x0009710e] D/ResultScheduler(line 456)      :stat size=2
[2026/01/30 20:05:47 035] [P0x000970d4] [T0x0009710e] D/ResultScheduler(line 457)      :rstMap size=0
[2026/01/30 20:05:47 035] [P0x000970d4] [T0x0009710e] D/ResultScheduler(line 458)      :sid=cid00016eb0@dx19c0ecb756cf040002
[2026/01/30 20:05:47 035] [P0x000970d4] [T0x0009710e] D/ResultScheduler(line 459)      :streamId=text-2
[2026/01/30 20:05:47 035] [P0x000970d4] [T0x0009710e] D/ResultScheduler(line 460)      :bizParam={"data":[{"content":[{"cancel":"0","cnt_id":"0","dte":"pcm","dtf":"audio/L16;rate=16000","dts":1,"error":"","frame_id":6,"text_end":48,"text_percent":34,"text_seg":"抱歉，我无法播放音乐或音频文件。","text_start":0,"url":"0"}],"params":{"cmd":"[{\"service\":\"tts\",\"next\":\"end\"}]","lrst":"0","rstid":1,"sub":"tts","tts":"1"}}]}
[2026/01/30 20:05:47 035] [P0x000970d4] [T0x0009710a] D/DataSender(line 1047)          :stream text-2 received result, reset the continued timeout count.
[2026/01/30 20:05:47 042] [P0x000970d0] [T0x00097114] D/DataSender(line 705)           :send packet, ret=300, need_resend=0, send_cnt=1, sessionNo=1, info:
streamId=audio-3
frameId=42
sid=cid0001bee1@dx19c0ecb47b4a010003
dataType=1
dataStatus=1
dataLen=214

[2026/01/30 20:05:47 042] [P0x000970d0] [T0x00097114] D/DataSender(line 705)           :send packet, ret=300, need_resend=0, send_cnt=1, sessionNo=1, info:
streamId=audio-3
frameId=43
sid=cid0001bee1@dx19c0ecb47b4a010003
dataType=1
dataStatus=1
dataLen=214

[2026/01/30 20:05:47 042] [P0x000970d0] [T0x00097114] D/DataSender(line 705)           :send packet, ret=300, need_resend=0, send_cnt=1, sessionNo=1, info:
streamId=audio-3
frameId=44
sid=cid0001bee1@dx19c0ecb47b4a010003
dataType=1
dataStatus=1
dataLen=214

[2026/01/30 20:05:47 043] [P0x000970d0] [T0x00097114] D/DataSender(line 705)           :send packet, ret=300, need_resend=0, send_cnt=1, sessionNo=1, info:
streamId=audio-3
frameId=45
sid=cid0001bee1@dx19c0ecb47b4a010003
dataType=1
dataStatus=1
dataLen=214

[2026/01/30 20:05:47 071] [P0x000970d0] [T0x00097196] D/WSConnection(line 603)         :receive data completely, dataLen=69
[2026/01/30 20:05:47 071] [P0x000970d0] [T0x00097196] D/WSConnection(line 603)         :receive data completely, dataLen=69
[2026/01/30 20:05:47 071] [P0x000970d0] [T0x00097196] D/WSConnection(line 603)         :receive data completely, dataLen=69
[2026/01/30 20:05:47 071] [P0x000970d0] [T0x00097196] D/WSConnection(line 603)         :receive data completely, dataLen=69
[2026/01/30 20:05:47 071] [P0x000970d0] [T0x00097102] D/DataSender(line 867)           :parsed data as ack, s2ack_time=29ms, info:
streamId=audio-3
frameId=42
retCode=0

[2026/01/30 20:05:47 071] [P0x000970d0] [T0x00097102] D/DataSender(line 867)           :parsed data as ack, s2ack_time=29ms, info:
streamId=audio-3
frameId=43
retCode=0

[2026/01/30 20:05:47 071] [P0x000970d0] [T0x00097102] D/DataSender(line 867)           :parsed data as ack, s2ack_time=29ms, info:
streamId=audio-3
frameId=44
retCode=0

[2026/01/30 20:05:47 071] [P0x000970d0] [T0x00097102] D/DataSender(line 867)           :parsed data as ack, s2ack_time=28ms, info:
streamId=audio-3
frameId=45
retCode=0

[2026/01/30 20:05:47 086] [P0x000970d4] [T0x000971a0] D/WSConnection(line 603)         :receive data completely, dataLen=1674
[2026/01/30 20:05:47 086] [P0x000970d4] [T0x000971a0] D/DataSender(line 1466)          :parsed data as result, stmid=text-2, sid=cid00016eb0@dx19c0ecb756cf040002, retCode=0, params:
{"data":[{"content":[{"cancel":"0","cnt_id":"0","dte":"speex-wb;7","dtf":"audio/L16;rate=16000","dts":1,"error":"","frame_id":7,"text_end":48,"text_percent":34,"text_seg":"抱歉，我无法播放音乐或音频文件。","text_start":0,"url":"0"}],"params":{"cmd":"[{\"service\":\"tts\",\"next\":\"end\"}]","lrst":"0","rstid":1,"sub":"tts","tts":"1"}}]}

[2026/01/30 20:05:47 086] [P0x000970d4] [T0x0009710e] D/ResultScheduler(line 316)      :sub=tts, binary result
[2026/01/30 20:05:47 086] [P0x000970d4] [T0x0009710e] D/ResultScheduler(line 456)      :stat size=2
[2026/01/30 20:05:47 086] [P0x000970d4] [T0x0009710e] D/ResultScheduler(line 457)      :rstMap size=0
[2026/01/30 20:05:47 086] [P0x000970d4] [T0x0009710e] D/ResultScheduler(line 458)      :sid=cid00016eb0@dx19c0ecb756cf040002
[2026/01/30 20:05:47 086] [P0x000970d4] [T0x0009710e] D/ResultScheduler(line 459)      :streamId=text-2
[2026/01/30 20:05:47 086] [P0x000970d4] [T0x0009710e] D/ResultScheduler(line 460)      :bizParam={"data":[{"content":[{"cancel":"0","cnt_id":"0","dte":"pcm","dtf":"audio/L16;rate=16000","dts":1,"error":"","frame_id":7,"text_end":48,"text_percent":34,"text_seg":"抱歉，我无法播放音乐或音频文件。","text_start":0,"url":"0"}],"params":{"cmd":"[{\"service\":\"tts\",\"next\":\"end\"}]","lrst":"0","rstid":1,"sub":"tts","tts":"1"}}]}
[2026/01/30 20:05:47 086] [P0x000970d4] [T0x0009710a] D/DataSender(line 1047)          :stream text-2 received result, reset the continued timeout count.
[2026/01/30 20:05:47 201] [P0x000970d0] [T0x00097116] I/VadUnit(line 714)              :vad_eos found, confidence=0.970127.
[2026/01/30 20:05:47 201] [P0x000970d0] [T0x00097117] D/DataSender(line 524)           :set result timeout 5000ms for stream audio-3, taskId=1207.
[2026/01/30 20:05:47 201] [P0x000970d0] [T0x00097114] D/DataSender(line 705)           :send packet, ret=300, need_resend=0, send_cnt=1, sessionNo=1, info:
streamId=audio-3
frameId=46
sid=cid0001bee1@dx19c0ecb47b4a010003
dataType=1
dataStatus=2
dataLen=214

[2026/01/30 20:05:47 230] [P0x000970d0] [T0x00097196] D/WSConnection(line 603)         :receive data completely, dataLen=69
[2026/01/30 20:05:47 230] [P0x000970d0] [T0x00097102] D/DataSender(line 867)           :parsed data as ack, s2ack_time=29ms, info:
streamId=audio-3
frameId=46
retCode=0

[2026/01/30 20:05:47 241] [P0x000970d0] [T0x00097116] I/VadUnit(line 653)              :write audio before bos, length=19200.
[2026/01/30 20:05:47 241] [P0x000970d0] [T0x00097116] I/VadUnit(line 665)              :vad_bos found, stmid=audio-4.
[2026/01/30 20:05:47 242] [P0x000970d0] [T0x00097114] D/DataSender(line 705)           :send packet, ret=1029, need_resend=0, send_cnt=1, sessionNo=1, info:
streamId=audio-4
frameId=1
sid=cid0001bee1@dx19c0ecb47b4c010004
dataType=1
dataStatus=0
dataLen=214
args={"cnt_id":"0","dte":"speex-wb;10","dtf":"audio/L16;rate=16000","frame_size":"1280"}
params={"appid":"ad184cbf","context":{"sdk_support":["tts","iat","nlp"]},"dev_lang":"cpp","dsrc":"sdk","dtype":"audio","interact_mode":"continuous","os_sys":"Linux","prot_type":"pb","sample_rate":"16000","scene":"main_box","sdk_ver":"6.6.0001.0041","sn":"bc:fc:e7:cc:1d:1a","stmid":"audio-4","ver_type":"desktop_pc","wake_id":"176977472901646396e5f04ea14bce1a1d82d"}
userParams=

[2026/01/30 20:05:47 242] [P0x000970d0] [T0x00097114] D/DataSender(line 705)           :send packet, ret=300, need_resend=0, send_cnt=1, sessionNo=1, info:
streamId=audio-4
frameId=2
sid=cid0001bee1@dx19c0ecb47b4c010004
dataType=1
dataStatus=1
dataLen=214

[2026/01/30 20:05:47 242] [P0x000970d0] [T0x00097114] D/DataSender(line 705)           :send packet, ret=300, need_resend=0, send_cnt=1, sessionNo=1, info:
streamId=audio-4
frameId=3
sid=cid0001bee1@dx19c0ecb47b4c010004
dataType=1
dataStatus=1
dataLen=214

[2026/01/30 20:05:47 243] [P0x000970d0] [T0x00097114] D/DataSender(line 705)           :send packet, ret=300, need_resend=0, send_cnt=1, sessionNo=1, info:
streamId=audio-4
frameId=4
sid=cid0001bee1@dx19c0ecb47b4c010004
dataType=1
dataStatus=1
dataLen=214

[2026/01/30 20:05:47 243] [P0x000970d0] [T0x00097114] D/DataSender(line 705)           :send packet, ret=300, need_resend=0, send_cnt=1, sessionNo=1, info:
streamId=audio-4
frameId=5
sid=cid0001bee1@dx19c0ecb47b4c010004
dataType=1
dataStatus=1
dataLen=214

[2026/01/30 20:05:47 243] [P0x000970d0] [T0x00097114] D/DataSender(line 705)           :send packet, ret=300, need_resend=0, send_cnt=1, sessionNo=1, info:
streamId=audio-4
frameId=6
sid=cid0001bee1@dx19c0ecb47b4c010004
dataType=1
dataStatus=1
dataLen=214

[2026/01/30 20:05:47 244] [P0x000970d0] [T0x00097114] D/DataSender(line 705)           :send packet, ret=300, need_resend=0, send_cnt=1, sessionNo=1, info:
streamId=audio-4
frameId=7
sid=cid0001bee1@dx19c0ecb47b4c010004
dataType=1
dataStatus=1
dataLen=214

[2026/01/30 20:05:47 244] [P0x000970d0] [T0x00097114] D/DataSender(line 705)           :send packet, ret=300, need_resend=0, send_cnt=1, sessionNo=1, info:
streamId=audio-4
frameId=8
sid=cid0001bee1@dx19c0ecb47b4c010004
dataType=1
dataStatus=1
dataLen=214

[2026/01/30 20:05:47 244] [P0x000970d0] [T0x00097114] D/DataSender(line 705)           :send packet, ret=300, need_resend=0, send_cnt=1, sessionNo=1, info:
streamId=audio-4
frameId=9
sid=cid0001bee1@dx19c0ecb47b4c010004
dataType=1
dataStatus=1
dataLen=214

[2026/01/30 20:05:47 245] [P0x000970d0] [T0x00097114] D/DataSender(line 705)           :send packet, ret=300, need_resend=0, send_cnt=1, sessionNo=1, info:
streamId=audio-4
frameId=10
sid=cid0001bee1@dx19c0ecb47b4c010004
dataType=1
dataStatus=1
dataLen=214

[2026/01/30 20:05:47 245] [P0x000970d0] [T0x00097114] D/DataSender(line 705)           :send packet, ret=300, need_resend=0, send_cnt=1, sessionNo=1, info:
streamId=audio-4
frameId=11
sid=cid0001bee1@dx19c0ecb47b4c010004
dataType=1
dataStatus=1
dataLen=214

[2026/01/30 20:05:47 245] [P0x000970d0] [T0x00097114] D/DataSender(line 705)           :send packet, ret=300, need_resend=0, send_cnt=1, sessionNo=1, info:
streamId=audio-4
frameId=12
sid=cid0001bee1@dx19c0ecb47b4c010004
dataType=1
dataStatus=1
dataLen=214

[2026/01/30 20:05:47 246] [P0x000970d0] [T0x00097114] D/DataSender(line 705)           :send packet, ret=300, need_resend=0, send_cnt=1, sessionNo=1, info:
streamId=audio-4
frameId=13
sid=cid0001bee1@dx19c0ecb47b4c010004
dataType=1
dataStatus=1
dataLen=214

[2026/01/30 20:05:47 246] [P0x000970d0] [T0x00097114] D/DataSender(line 705)           :send packet, ret=300, need_resend=0, send_cnt=1, sessionNo=1, info:
streamId=audio-4
frameId=14
sid=cid0001bee1@dx19c0ecb47b4c010004
dataType=1
dataStatus=1
dataLen=214

[2026/01/30 20:05:47 246] [P0x000970d0] [T0x00097114] D/DataSender(line 705)           :send packet, ret=300, need_resend=0, send_cnt=1, sessionNo=1, info:
streamId=audio-4
frameId=15
sid=cid0001bee1@dx19c0ecb47b4c010004
dataType=1
dataStatus=1
dataLen=214

[2026/01/30 20:05:47 247] [P0x000970d0] [T0x00097114] D/DataSender(line 705)           :send packet, ret=300, need_resend=0, send_cnt=1, sessionNo=1, info:
streamId=audio-4
frameId=16
sid=cid0001bee1@dx19c0ecb47b4c010004
dataType=1
dataStatus=1
dataLen=214

[2026/01/30 20:05:47 247] [P0x000970d0] [T0x00097114] D/DataSender(line 705)           :send packet, ret=300, need_resend=0, send_cnt=1, sessionNo=1, info:
streamId=audio-4
frameId=17
sid=cid0001bee1@dx19c0ecb47b4c010004
dataType=1
dataStatus=1
dataLen=214

[2026/01/30 20:05:47 270] [P0x000970d0] [T0x00097196] D/WSConnection(line 603)         :receive data completely, dataLen=66
[2026/01/30 20:05:47 270] [P0x000970d0] [T0x00097196] D/WSConnection(line 603)         :receive data completely, dataLen=68
[2026/01/30 20:05:47 270] [P0x000970d0] [T0x00097102] D/DataSender(line 867)           :parsed data as ack, s2ack_time=28ms, info:
streamId=audio-4
frameId=1
retCode=0

[2026/01/30 20:05:47 270] [P0x000970d0] [T0x00097196] D/WSConnection(line 603)         :receive data completely, dataLen=68
[2026/01/30 20:05:47 270] [P0x000970d0] [T0x00097196] D/WSConnection(line 603)         :receive data completely, dataLen=68
[2026/01/30 20:05:47 270] [P0x000970d0] [T0x00097196] D/WSConnection(line 603)         :receive data completely, dataLen=68
[2026/01/30 20:05:47 270] [P0x000970d0] [T0x00097102] D/DataSender(line 867)           :parsed data as ack, s2ack_time=28ms, info:
streamId=audio-4
frameId=2
retCode=0

[2026/01/30 20:05:47 270] [P0x000970d0] [T0x00097102] D/DataSender(line 867)           :parsed data as ack, s2ack_time=28ms, info:
streamId=audio-4
frameId=3
retCode=0

[2026/01/30 20:05:47 270] [P0x000970d0] [T0x00097102] D/DataSender(line 867)           :parsed data as ack, s2ack_time=27ms, info:
streamId=audio-4
frameId=4
retCode=0

[2026/01/30 20:05:47 270] [P0x000970d0] [T0x00097102] D/DataSender(line 867)           :parsed data as ack, s2ack_time=27ms, info:
streamId=audio-4
frameId=5
retCode=0

[2026/01/30 20:05:47 270] [P0x000970d0] [T0x00097196] D/WSConnection(line 603)         :receive data completely, dataLen=68
[2026/01/30 20:05:47 270] [P0x000970d0] [T0x00097102] D/DataSender(line 867)           :parsed data as ack, s2ack_time=27ms, info:
streamId=audio-4
frameId=6
retCode=0

[2026/01/30 20:05:47 270] [P0x000970d0] [T0x00097196] D/WSConnection(line 603)         :receive data completely, dataLen=68
[2026/01/30 20:05:47 270] [P0x000970d0] [T0x00097102] D/DataSender(line 867)           :parsed data as ack, s2ack_time=26ms, info:
streamId=audio-4
frameId=7
retCode=0

[2026/01/30 20:05:47 271] [P0x000970d0] [T0x00097196] D/WSConnection(line 603)         :receive data completely, dataLen=68
[2026/01/30 20:05:47 271] [P0x000970d0] [T0x00097102] D/DataSender(line 867)           :parsed data as ack, s2ack_time=27ms, info:
streamId=audio-4
frameId=8
retCode=0

[2026/01/30 20:05:47 271] [P0x000970d0] [T0x00097196] D/WSConnection(line 603)         :receive data completely, dataLen=68
[2026/01/30 20:05:47 271] [P0x000970d0] [T0x00097102] D/DataSender(line 867)           :parsed data as ack, s2ack_time=27ms, info:
streamId=audio-4
frameId=9
retCode=0

[2026/01/30 20:05:47 272] [P0x000970d0] [T0x00097196] D/WSConnection(line 603)         :receive data completely, dataLen=69
[2026/01/30 20:05:47 272] [P0x000970d0] [T0x00097102] D/DataSender(line 867)           :parsed data as ack, s2ack_time=27ms, info:
streamId=audio-4
frameId=10
retCode=0

[2026/01/30 20:05:47 272] [P0x000970d0] [T0x00097196] D/WSConnection(line 603)         :receive data completely, dataLen=69
[2026/01/30 20:05:47 272] [P0x000970d0] [T0x00097102] D/DataSender(line 867)           :parsed data as ack, s2ack_time=27ms, info:
streamId=audio-4
frameId=11
retCode=0

[2026/01/30 20:05:47 290] [P0x000970d4] [T0x000971a0] D/WSConnection(line 603)         :receive data completely, dataLen=1946
[2026/01/30 20:05:47 290] [P0x000970d4] [T0x000971a0] D/DataSender(line 1466)          :parsed data as result, stmid=text-2, sid=cid00016eb0@dx19c0ecb756cf040002, retCode=0, params:
{"data":[{"content":[{"cancel":"0","cnt_id":"0","dte":"speex-wb;7","dtf":"audio/L16;rate=16000","dts":1,"error":"","frame_id":8,"text_end":135,"text_percent":97,"text_seg":"不过，你可以告诉我歌名，我可以帮你找到歌词或者聊聊这首歌！","text_start":48,"url":"0"}],"params":{"cmd":"[{\"service\":\"tts\",\"next\":\"end\"}]","lrst":"0","rstid":1,"sub":"tts","tts":"1"}}]}

[2026/01/30 20:05:47 290] [P0x000970d4] [T0x0009710e] D/ResultScheduler(line 316)      :sub=tts, binary result
[2026/01/30 20:05:47 291] [P0x000970d4] [T0x0009710e] D/ResultScheduler(line 456)      :stat size=2
[2026/01/30 20:05:47 291] [P0x000970d4] [T0x0009710e] D/ResultScheduler(line 457)      :rstMap size=0
[2026/01/30 20:05:47 291] [P0x000970d4] [T0x0009710e] D/ResultScheduler(line 458)      :sid=cid00016eb0@dx19c0ecb756cf040002
[2026/01/30 20:05:47 291] [P0x000970d4] [T0x0009710e] D/ResultScheduler(line 459)      :streamId=text-2
[2026/01/30 20:05:47 291] [P0x000970d4] [T0x0009710e] D/ResultScheduler(line 460)      :bizParam={"data":[{"content":[{"cancel":"0","cnt_id":"0","dte":"pcm","dtf":"audio/L16;rate=16000","dts":1,"error":"","frame_id":8,"text_end":135,"text_percent":97,"text_seg":"不过，你可以告诉我歌名，我可以帮你找到歌词或者聊聊这首歌！","text_start":48,"url":"0"}],"params":{"cmd":"[{\"service\":\"tts\",\"next\":\"end\"}]","lrst":"0","rstid":1,"sub":"tts","tts":"1"}}]}
[2026/01/30 20:05:47 291] [P0x000970d4] [T0x0009710a] D/DataSender(line 1047)          :stream text-2 received result, reset the continued timeout count.
[2026/01/30 20:05:47 297] [P0x000970d0] [T0x00097196] D/WSConnection(line 603)         :receive data completely, dataLen=69
[2026/01/30 20:05:47 297] [P0x000970d0] [T0x00097196] D/WSConnection(line 603)         :receive data completely, dataLen=69
[2026/01/30 20:05:47 297] [P0x000970d0] [T0x00097102] D/DataSender(line 867)           :parsed data as ack, s2ack_time=52ms, info:
streamId=audio-4
frameId=12
retCode=0

[2026/01/30 20:05:47 297] [P0x000970d0] [T0x00097196] D/WSConnection(line 603)         :receive data completely, dataLen=69
[2026/01/30 20:05:47 297] [P0x000970d0] [T0x00097102] D/DataSender(line 867)           :parsed data as ack, s2ack_time=51ms, info:
streamId=audio-4
frameId=13
retCode=0

[2026/01/30 20:05:47 297] [P0x000970d0] [T0x00097102] D/DataSender(line 867)           :parsed data as ack, s2ack_time=51ms, info:
streamId=audio-4
frameId=14
retCode=0

[2026/01/30 20:05:47 297] [P0x000970d0] [T0x00097196] D/WSConnection(line 603)         :receive data completely, dataLen=69
[2026/01/30 20:05:47 297] [P0x000970d0] [T0x00097102] D/DataSender(line 867)           :parsed data as ack, s2ack_time=51ms, info:
streamId=audio-4
frameId=15
retCode=0

[2026/01/30 20:05:47 297] [P0x000970d0] [T0x00097196] D/WSConnection(line 603)         :receive data completely, dataLen=69
[2026/01/30 20:05:47 297] [P0x000970d0] [T0x00097102] D/DataSender(line 867)           :parsed data as ack, s2ack_time=50ms, info:
streamId=audio-4
frameId=16
retCode=0

[2026/01/30 20:05:47 297] [P0x000970d0] [T0x00097196] D/WSConnection(line 603)         :receive data completely, dataLen=69
[2026/01/30 20:05:47 297] [P0x000970d0] [T0x00097102] D/DataSender(line 867)           :parsed data as ack, s2ack_time=50ms, info:
streamId=audio-4
frameId=17
retCode=0

[2026/01/30 20:05:47 298] [P0x000970d4] [T0x000971a0] D/WSConnection(line 603)         :receive data completely, dataLen=1770
[2026/01/30 20:05:47 298] [P0x000970d4] [T0x000971a0] D/DataSender(line 1466)          :parsed data as result, stmid=text-2, sid=cid00016eb0@dx19c0ecb756cf040002, retCode=0, params:
{"data":[{"content":[{"cancel":"0","cnt_id":"0","dte":"speex-wb;7","dtf":"audio/L16;rate=16000","dts":1,"error":"","frame_id":9,"text_end":135,"text_percent":97,"text_seg":"不过，你可以告诉我歌名，我可以帮你找到歌词或者聊聊这首歌！","text_start":48,"url":"0"}],"params":{"cmd":"[{\"service\":\"tts\",\"next\":\"end\"}]","lrst":"0","rstid":1,"sub":"tts","tts":"1"}}]}

[2026/01/30 20:05:47 298] [P0x000970d4] [T0x0009710e] D/ResultScheduler(line 316)      :sub=tts, binary result
[2026/01/30 20:05:47 300] [P0x000970d4] [T0x0009710e] D/ResultScheduler(line 456)      :stat size=2
[2026/01/30 20:05:47 300] [P0x000970d4] [T0x0009710e] D/ResultScheduler(line 457)      :rstMap size=0
[2026/01/30 20:05:47 300] [P0x000970d4] [T0x0009710e] D/ResultScheduler(line 458)      :sid=cid00016eb0@dx19c0ecb756cf040002
[2026/01/30 20:05:47 300] [P0x000970d4] [T0x0009710e] D/ResultScheduler(line 459)      :streamId=text-2
[2026/01/30 20:05:47 300] [P0x000970d4] [T0x0009710e] D/ResultScheduler(line 460)      :bizParam={"data":[{"content":[{"cancel":"0","cnt_id":"0","dte":"pcm","dtf":"audio/L16;rate=16000","dts":1,"error":"","frame_id":9,"text_end":135,"text_percent":97,"text_seg":"不过，你可以告诉我歌名，我可以帮你找到歌词或者聊聊这首歌！","text_start":48,"url":"0"}],"params":{"cmd":"[{\"service\":\"tts\",\"next\":\"end\"}]","lrst":"0","rstid":1,"sub":"tts","tts":"1"}}]}
[2026/01/30 20:05:47 300] [P0x000970d4] [T0x0009710a] D/DataSender(line 1047)          :stream text-2 received result, reset the continued timeout count.
[2026/01/30 20:05:47 301] [P0x000970d0] [T0x00097196] D/WSConnection(line 603)         :receive data completely, dataLen=346
[2026/01/30 20:05:47 301] [P0x000970d0] [T0x00097196] D/DataSender(line 1466)          :parsed data as result, stmid=audio-3, sid=cid0001bee1@dx19c0ecb47b4a010003, retCode=0, params:
{"data":[{"content":[{"cnt_id":"0","dte":"utf8","dtf":"json"}],"params":{"accent":"mandarin","cmd":"[{\"service\":\"iat\",\"next\":\"end\"}]","frstid":"1","language":"zh-cn","lrst":"1","rss":"2","rstid":1,"sub":"iat"}}]}

[2026/01/30 20:05:47 301] [P0x000970d0] [T0x00097113] D/ResultScheduler(line 313)      :sub=iat, result={"text":{"bg":0,"ed":0,"ls":true,"sn":1,"ws":[{"bg":0,"cw":[{"sc":0,"w":"你好"}]},{"bg":0,"cw":[{"sc":0,"w":""}]}]}}
[2026/01/30 20:05:47 301] [P0x000970d0] [T0x00097113] D/ResultScheduler(line 456)      :stat size=4
[2026/01/30 20:05:47 301] [P0x000970d0] [T0x00097113] D/ResultScheduler(line 457)      :rstMap size=0
[2026/01/30 20:05:47 301] [P0x000970d0] [T0x00097113] D/ResultScheduler(line 458)      :sid=cid0001bee1@dx19c0ecb47b4a010003
[2026/01/30 20:05:47 301] [P0x000970d0] [T0x00097113] D/ResultScheduler(line 459)      :streamId=audio-3
[2026/01/30 20:05:47 301] [P0x000970d0] [T0x00097113] D/ResultScheduler(line 460)      :bizParam={"data":[{"content":[{"cnt_id":"0","dte":"utf8","dtf":"json"}],"params":{"accent":"mandarin","cmd":"[{\"service\":\"iat\",\"next\":\"end\"}]","frstid":"1","language":"zh-cn","lrst":"1","rss":"2","rstid":1,"sub":"iat"}}]}
[2026/01/30 20:05:47 301] [P0x000970d0] [T0x00097102] D/DataSender(line 1047)          :stream audio-3 received result, reset the continued timeout count.
[2026/01/30 20:05:47 384] [P0x000970d4] [T0x000971a0] D/WSConnection(line 603)         :receive data completely, dataLen=1962
[2026/01/30 20:05:47 384] [P0x000970d4] [T0x000971a0] D/DataSender(line 1466)          :parsed data as result, stmid=text-2, sid=cid00016eb0@dx19c0ecb756cf040002, retCode=0, params:
{"data":[{"content":[{"cancel":"0","cnt_id":"0","dte":"speex-wb;7","dtf":"audio/L16;rate=16000","dts":1,"error":"","frame_id":10,"text_end":135,"text_percent":97,"text_seg":"不过，你可以告诉我歌名，我可以帮你找到歌词或者聊聊这首歌！","text_start":48,"url":"0"}],"params":{"cmd":"[{\"service\":\"tts\",\"next\":\"end\"}]","lrst":"0","rstid":1,"sub":"tts","tts":"1"}}]}

[2026/01/30 20:05:47 384] [P0x000970d4] [T0x0009710e] D/ResultScheduler(line 316)      :sub=tts, binary result
[2026/01/30 20:05:47 385] [P0x000970d4] [T0x0009710e] D/ResultScheduler(line 456)      :stat size=2
[2026/01/30 20:05:47 385] [P0x000970d4] [T0x0009710e] D/ResultScheduler(line 457)      :rstMap size=0
[2026/01/30 20:05:47 385] [P0x000970d4] [T0x0009710e] D/ResultScheduler(line 458)      :sid=cid00016eb0@dx19c0ecb756cf040002
[2026/01/30 20:05:47 385] [P0x000970d4] [T0x0009710e] D/ResultScheduler(line 459)      :streamId=text-2
[2026/01/30 20:05:47 385] [P0x000970d4] [T0x0009710e] D/ResultScheduler(line 460)      :bizParam={"data":[{"content":[{"cancel":"0","cnt_id":"0","dte":"pcm","dtf":"audio/L16;rate=16000","dts":1,"error":"","frame_id":10,"text_end":135,"text_percent":97,"text_seg":"不过，你可以告诉我歌名，我可以帮你找到歌词或者聊聊这首歌！","text_start":48,"url":"0"}],"params":{"cmd":"[{\"service\":\"tts\",\"next\":\"end\"}]","lrst":"0","rstid":1,"sub":"tts","tts":"1"}}]}
[2026/01/30 20:05:47 385] [P0x000970d4] [T0x0009710a] D/DataSender(line 1047)          :stream text-2 received result, reset the continued timeout count.
[2026/01/30 20:05:47 422] [P0x000970d0] [T0x00097114] D/DataSender(line 705)           :send packet, ret=300, need_resend=0, send_cnt=1, sessionNo=1, info:
streamId=audio-4
frameId=18
sid=cid0001bee1@dx19c0ecb47b4c010004
dataType=1
dataStatus=1
dataLen=214

[2026/01/30 20:05:47 422] [P0x000970d0] [T0x00097114] D/DataSender(line 705)           :send packet, ret=300, need_resend=0, send_cnt=1, sessionNo=1, info:
streamId=audio-4
frameId=19
sid=cid0001bee1@dx19c0ecb47b4c010004
dataType=1
dataStatus=1
dataLen=214

[2026/01/30 20:05:47 423] [P0x000970d0] [T0x00097114] D/DataSender(line 705)           :send packet, ret=300, need_resend=0, send_cnt=1, sessionNo=1, info:
streamId=audio-4
frameId=20
sid=cid0001bee1@dx19c0ecb47b4c010004
dataType=1
dataStatus=1
dataLen=214

[2026/01/30 20:05:47 451] [P0x000970d0] [T0x00097196] D/WSConnection(line 603)         :receive data completely, dataLen=69
[2026/01/30 20:05:47 451] [P0x000970d0] [T0x00097196] D/WSConnection(line 603)         :receive data completely, dataLen=69
[2026/01/30 20:05:47 451] [P0x000970d0] [T0x00097102] D/DataSender(line 867)           :parsed data as ack, s2ack_time=29ms, info:
streamId=audio-4
frameId=18
retCode=0

[2026/01/30 20:05:47 451] [P0x000970d0] [T0x00097196] D/WSConnection(line 603)         :receive data completely, dataLen=69
[2026/01/30 20:05:47 451] [P0x000970d0] [T0x00097102] D/DataSender(line 867)           :parsed data as ack, s2ack_time=29ms, info:
streamId=audio-4
frameId=19
retCode=0

[2026/01/30 20:05:47 451] [P0x000970d0] [T0x00097102] D/DataSender(line 867)           :parsed data as ack, s2ack_time=28ms, info:
streamId=audio-4
frameId=20
retCode=0

[2026/01/30 20:05:47 460] [P0x000970d4] [T0x000971a0] D/WSConnection(line 603)         :receive data completely, dataLen=1962
[2026/01/30 20:05:47 460] [P0x000970d4] [T0x000971a0] D/DataSender(line 1466)          :parsed data as result, stmid=text-2, sid=cid00016eb0@dx19c0ecb756cf040002, retCode=0, params:
{"data":[{"content":[{"cancel":"0","cnt_id":"0","dte":"speex-wb;7","dtf":"audio/L16;rate=16000","dts":1,"error":"","frame_id":11,"text_end":135,"text_percent":97,"text_seg":"不过，你可以告诉我歌名，我可以帮你找到歌词或者聊聊这首歌！","text_start":48,"url":"0"}],"params":{"cmd":"[{\"service\":\"tts\",\"next\":\"end\"}]","lrst":"0","rstid":1,"sub":"tts","tts":"1"}}]}

[2026/01/30 20:05:47 461] [P0x000970d4] [T0x0009710e] D/ResultScheduler(line 316)      :sub=tts, binary result
[2026/01/30 20:05:47 461] [P0x000970d4] [T0x0009710e] D/ResultScheduler(line 456)      :stat size=2
[2026/01/30 20:05:47 461] [P0x000970d4] [T0x0009710e] D/ResultScheduler(line 457)      :rstMap size=0
[2026/01/30 20:05:47 461] [P0x000970d4] [T0x0009710e] D/ResultScheduler(line 458)      :sid=cid00016eb0@dx19c0ecb756cf040002
[2026/01/30 20:05:47 461] [P0x000970d4] [T0x0009710e] D/ResultScheduler(line 459)      :streamId=text-2
[2026/01/30 20:05:47 461] [P0x000970d4] [T0x0009710e] D/ResultScheduler(line 460)      :bizParam={"data":[{"content":[{"cancel":"0","cnt_id":"0","dte":"pcm","dtf":"audio/L16;rate=16000","dts":1,"error":"","frame_id":11,"text_end":135,"text_percent":97,"text_seg":"不过，你可以告诉我歌名，我可以帮你找到歌词或者聊聊这首歌！","text_start":48,"url":"0"}],"params":{"cmd":"[{\"service\":\"tts\",\"next\":\"end\"}]","lrst":"0","rstid":1,"sub":"tts","tts":"1"}}]}
[2026/01/30 20:05:47 461] [P0x000970d4] [T0x0009710a] D/DataSender(line 1047)          :stream text-2 received result, reset the continued timeout count.
[2026/01/30 20:05:47 462] [P0x000970d0] [T0x00097114] D/DataSender(line 705)           :send packet, ret=300, need_resend=0, send_cnt=1, sessionNo=1, info:
streamId=audio-4
frameId=21
sid=cid0001bee1@dx19c0ecb47b4c010004
dataType=1
dataStatus=1
dataLen=214

[2026/01/30 20:05:47 462] [P0x000970d0] [T0x00097114] D/DataSender(line 705)           :send packet, ret=300, need_resend=0, send_cnt=1, sessionNo=1, info:
streamId=audio-4
frameId=22
sid=cid0001bee1@dx19c0ecb47b4c010004
dataType=1
dataStatus=1
dataLen=214

[2026/01/30 20:05:47 463] [P0x000970d0] [T0x00097114] D/DataSender(line 705)           :send packet, ret=300, need_resend=0, send_cnt=1, sessionNo=1, info:
streamId=audio-4
frameId=23
sid=cid0001bee1@dx19c0ecb47b4c010004
dataType=1
dataStatus=1
dataLen=214

[2026/01/30 20:05:47 489] [P0x000970d0] [T0x00097196] D/WSConnection(line 603)         :receive data completely, dataLen=69
[2026/01/30 20:05:47 489] [P0x000970d0] [T0x00097102] D/DataSender(line 867)           :parsed data as ack, s2ack_time=27ms, info:
streamId=audio-4
frameId=21
retCode=0

[2026/01/30 20:05:47 489] [P0x000970d0] [T0x00097196] D/WSConnection(line 603)         :receive data completely, dataLen=69
[2026/01/30 20:05:47 489] [P0x000970d0] [T0x00097102] D/DataSender(line 867)           :parsed data as ack, s2ack_time=27ms, info:
streamId=audio-4
frameId=22
retCode=0

[2026/01/30 20:05:47 489] [P0x000970d0] [T0x00097196] D/WSConnection(line 603)         :receive data completely, dataLen=69
[2026/01/30 20:05:47 489] [P0x000970d0] [T0x00097102] D/DataSender(line 867)           :parsed data as ack, s2ack_time=26ms, info:
streamId=audio-4
frameId=23
retCode=0

[2026/01/30 20:05:47 532] [P0x000970d4] [T0x000971a0] D/WSConnection(line 603)         :receive data completely, dataLen=1850
[2026/01/30 20:05:47 533] [P0x000970d4] [T0x000971a0] D/DataSender(line 1466)          :parsed data as result, stmid=text-2, sid=cid00016eb0@dx19c0ecb756cf040002, retCode=0, params:
{"data":[{"content":[{"cancel":"0","cnt_id":"0","dte":"speex-wb;7","dtf":"audio/L16;rate=16000","dts":1,"error":"","frame_id":12,"text_end":135,"text_percent":97,"text_seg":"不过，你可以告诉我歌名，我可以帮你找到歌词或者聊聊这首歌！","text_start":48,"url":"0"}],"params":{"cmd":"[{\"service\":\"tts\",\"next\":\"end\"}]","lrst":"0","rstid":1,"sub":"tts","tts":"1"}}]}

[2026/01/30 20:05:47 533] [P0x000970d4] [T0x0009710e] D/ResultScheduler(line 316)      :sub=tts, binary result
[2026/01/30 20:05:47 534] [P0x000970d4] [T0x0009710e] D/ResultScheduler(line 456)      :stat size=2
[2026/01/30 20:05:47 534] [P0x000970d4] [T0x0009710e] D/ResultScheduler(line 457)      :rstMap size=0
[2026/01/30 20:05:47 534] [P0x000970d4] [T0x0009710e] D/ResultScheduler(line 458)      :sid=cid00016eb0@dx19c0ecb756cf040002
[2026/01/30 20:05:47 534] [P0x000970d4] [T0x0009710e] D/ResultScheduler(line 459)      :streamId=text-2
[2026/01/30 20:05:47 534] [P0x000970d4] [T0x0009710e] D/ResultScheduler(line 460)      :bizParam={"data":[{"content":[{"cancel":"0","cnt_id":"0","dte":"pcm","dtf":"audio/L16;rate=16000","dts":1,"error":"","frame_id":12,"text_end":135,"text_percent":97,"text_seg":"不过，你可以告诉我歌名，我可以帮你找到歌词或者聊聊这首歌！","text_start":48,"url":"0"}],"params":{"cmd":"[{\"service\":\"tts\",\"next\":\"end\"}]","lrst":"0","rstid":1,"sub":"tts","tts":"1"}}]}
[2026/01/30 20:05:47 534] [P0x000970d4] [T0x0009710a] D/DataSender(line 1047)          :stream text-2 received result, reset the continued timeout count.
[2026/01/30 20:05:47 593] [P0x000970d4] [T0x000971a0] D/WSConnection(line 603)         :receive data completely, dataLen=1866
[2026/01/30 20:05:47 593] [P0x000970d4] [T0x000971a0] D/DataSender(line 1466)          :parsed data as result, stmid=text-2, sid=cid00016eb0@dx19c0ecb756cf040002, retCode=0, params:
{"data":[{"content":[{"cancel":"0","cnt_id":"0","dte":"speex-wb;7","dtf":"audio/L16;rate=16000","dts":1,"error":"","frame_id":13,"text_end":135,"text_percent":97,"text_seg":"不过，你可以告诉我歌名，我可以帮你找到歌词或者聊聊这首歌！","text_start":48,"url":"0"}],"params":{"cmd":"[{\"service\":\"tts\",\"next\":\"end\"}]","lrst":"0","rstid":1,"sub":"tts","tts":"1"}}]}

[2026/01/30 20:05:47 593] [P0x000970d4] [T0x0009710e] D/ResultScheduler(line 316)      :sub=tts, binary result
[2026/01/30 20:05:47 594] [P0x000970d4] [T0x0009710e] D/ResultScheduler(line 456)      :stat size=2
[2026/01/30 20:05:47 594] [P0x000970d4] [T0x0009710e] D/ResultScheduler(line 457)      :rstMap size=0
[2026/01/30 20:05:47 594] [P0x000970d4] [T0x0009710e] D/ResultScheduler(line 458)      :sid=cid00016eb0@dx19c0ecb756cf040002
[2026/01/30 20:05:47 594] [P0x000970d4] [T0x0009710e] D/ResultScheduler(line 459)      :streamId=text-2
[2026/01/30 20:05:47 594] [P0x000970d4] [T0x0009710e] D/ResultScheduler(line 460)      :bizParam={"data":[{"content":[{"cancel":"0","cnt_id":"0","dte":"pcm","dtf":"audio/L16;rate=16000","dts":1,"error":"","frame_id":13,"text_end":135,"text_percent":97,"text_seg":"不过，你可以告诉我歌名，我可以帮你找到歌词或者聊聊这首歌！","text_start":48,"url":"0"}],"params":{"cmd":"[{\"service\":\"tts\",\"next\":\"end\"}]","lrst":"0","rstid":1,"sub":"tts","tts":"1"}}]}
[2026/01/30 20:05:47 594] [P0x000970d4] [T0x0009710a] D/DataSender(line 1047)          :stream text-2 received result, reset the continued timeout count.
[2026/01/30 20:05:47 642] [P0x000970d0] [T0x00097114] D/DataSender(line 705)           :send packet, ret=300, need_resend=0, send_cnt=1, sessionNo=1, info:
streamId=audio-4
frameId=24
sid=cid0001bee1@dx19c0ecb47b4c010004
dataType=1
dataStatus=1
dataLen=214

[2026/01/30 20:05:47 642] [P0x000970d0] [T0x00097114] D/DataSender(line 705)           :send packet, ret=300, need_resend=0, send_cnt=1, sessionNo=1, info:
streamId=audio-4
frameId=25
sid=cid0001bee1@dx19c0ecb47b4c010004
dataType=1
dataStatus=1
dataLen=214

[2026/01/30 20:05:47 642] [P0x000970d0] [T0x00097114] D/DataSender(line 705)           :send packet, ret=300, need_resend=0, send_cnt=1, sessionNo=1, info:
streamId=audio-4
frameId=26
sid=cid0001bee1@dx19c0ecb47b4c010004
dataType=1
dataStatus=1
dataLen=214

[2026/01/30 20:05:47 643] [P0x000970d0] [T0x00097114] D/DataSender(line 705)           :send packet, ret=300, need_resend=0, send_cnt=1, sessionNo=1, info:
streamId=audio-4
frameId=27
sid=cid0001bee1@dx19c0ecb47b4c010004
dataType=1
dataStatus=1
dataLen=214

[2026/01/30 20:05:47 659] [P0x000970d4] [T0x000971a0] D/WSConnection(line 603)         :receive data completely, dataLen=1962
[2026/01/30 20:05:47 659] [P0x000970d4] [T0x000971a0] D/DataSender(line 1466)          :parsed data as result, stmid=text-2, sid=cid00016eb0@dx19c0ecb756cf040002, retCode=0, params:
{"data":[{"content":[{"cancel":"0","cnt_id":"0","dte":"speex-wb;7","dtf":"audio/L16;rate=16000","dts":1,"error":"","frame_id":14,"text_end":135,"text_percent":97,"text_seg":"不过，你可以告诉我歌名，我可以帮你找到歌词或者聊聊这首歌！","text_start":48,"url":"0"}],"params":{"cmd":"[{\"service\":\"tts\",\"next\":\"end\"}]","lrst":"0","rstid":1,"sub":"tts","tts":"1"}}]}

[2026/01/30 20:05:47 660] [P0x000970d4] [T0x0009710e] D/ResultScheduler(line 316)      :sub=tts, binary result
[2026/01/30 20:05:47 660] [P0x000970d4] [T0x0009710e] D/ResultScheduler(line 456)      :stat size=2
[2026/01/30 20:05:47 660] [P0x000970d4] [T0x0009710e] D/ResultScheduler(line 457)      :rstMap size=0
[2026/01/30 20:05:47 660] [P0x000970d4] [T0x0009710e] D/ResultScheduler(line 458)      :sid=cid00016eb0@dx19c0ecb756cf040002
[2026/01/30 20:05:47 660] [P0x000970d4] [T0x0009710e] D/ResultScheduler(line 459)      :streamId=text-2
[2026/01/30 20:05:47 660] [P0x000970d4] [T0x0009710e] D/ResultScheduler(line 460)      :bizParam={"data":[{"content":[{"cancel":"0","cnt_id":"0","dte":"pcm","dtf":"audio/L16;rate=16000","dts":1,"error":"","frame_id":14,"text_end":135,"text_percent":97,"text_seg":"不过，你可以告诉我歌名，我可以帮你找到歌词或者聊聊这首歌！","text_start":48,"url":"0"}],"params":{"cmd":"[{\"service\":\"tts\",\"next\":\"end\"}]","lrst":"0","rstid":1,"sub":"tts","tts":"1"}}]}
[2026/01/30 20:05:47 660] [P0x000970d4] [T0x0009710a] D/DataSender(line 1047)          :stream text-2 received result, reset the continued timeout count.
[2026/01/30 20:05:47 669] [P0x000970d0] [T0x00097196] D/WSConnection(line 603)         :receive data completely, dataLen=69
[2026/01/30 20:05:47 669] [P0x000970d0] [T0x00097196] D/WSConnection(line 603)         :receive data completely, dataLen=69
[2026/01/30 20:05:47 669] [P0x000970d0] [T0x00097102] D/DataSender(line 867)           :parsed data as ack, s2ack_time=27ms, info:
streamId=audio-4
frameId=24
retCode=0

[2026/01/30 20:05:47 669] [P0x000970d0] [T0x00097196] D/WSConnection(line 603)         :receive data completely, dataLen=69
[2026/01/30 20:05:47 669] [P0x000970d0] [T0x00097102] D/DataSender(line 867)           :parsed data as ack, s2ack_time=27ms, info:
streamId=audio-4
frameId=25
retCode=0

[2026/01/30 20:05:47 669] [P0x000970d0] [T0x00097102] D/DataSender(line 867)           :parsed data as ack, s2ack_time=27ms, info:
streamId=audio-4
frameId=26
retCode=0

[2026/01/30 20:05:47 669] [P0x000970d0] [T0x00097196] D/WSConnection(line 603)         :receive data completely, dataLen=69
[2026/01/30 20:05:47 669] [P0x000970d0] [T0x00097102] D/DataSender(line 867)           :parsed data as ack, s2ack_time=26ms, info:
streamId=audio-4
frameId=27
retCode=0

[2026/01/30 20:05:47 745] [P0x000970d4] [T0x000971a0] D/WSConnection(line 603)         :receive data completely, dataLen=1962
[2026/01/30 20:05:47 745] [P0x000970d4] [T0x000971a0] D/DataSender(line 1466)          :parsed data as result, stmid=text-2, sid=cid00016eb0@dx19c0ecb756cf040002, retCode=0, params:
{"data":[{"content":[{"cancel":"0","cnt_id":"0","dte":"speex-wb;7","dtf":"audio/L16;rate=16000","dts":1,"error":"","frame_id":15,"text_end":135,"text_percent":97,"text_seg":"不过，你可以告诉我歌名，我可以帮你找到歌词或者聊聊这首歌！","text_start":48,"url":"0"}],"params":{"cmd":"[{\"service\":\"tts\",\"next\":\"end\"}]","lrst":"0","rstid":1,"sub":"tts","tts":"1"}}]}

[2026/01/30 20:05:47 745] [P0x000970d4] [T0x0009710e] D/ResultScheduler(line 316)      :sub=tts, binary result
[2026/01/30 20:05:47 746] [P0x000970d4] [T0x0009710e] D/ResultScheduler(line 456)      :stat size=2
[2026/01/30 20:05:47 746] [P0x000970d4] [T0x0009710e] D/ResultScheduler(line 457)      :rstMap size=0
[2026/01/30 20:05:47 746] [P0x000970d4] [T0x0009710e] D/ResultScheduler(line 458)      :sid=cid00016eb0@dx19c0ecb756cf040002
[2026/01/30 20:05:47 746] [P0x000970d4] [T0x0009710e] D/ResultScheduler(line 459)      :streamId=text-2
[2026/01/30 20:05:47 746] [P0x000970d4] [T0x0009710e] D/ResultScheduler(line 460)      :bizParam={"data":[{"content":[{"cancel":"0","cnt_id":"0","dte":"pcm","dtf":"audio/L16;rate=16000","dts":1,"error":"","frame_id":15,"text_end":135,"text_percent":97,"text_seg":"不过，你可以告诉我歌名，我可以帮你找到歌词或者聊聊这首歌！","text_start":48,"url":"0"}],"params":{"cmd":"[{\"service\":\"tts\",\"next\":\"end\"}]","lrst":"0","rstid":1,"sub":"tts","tts":"1"}}]}
[2026/01/30 20:05:47 746] [P0x000970d4] [T0x0009710a] D/DataSender(line 1047)          :stream text-2 received result, reset the continued timeout count.
[2026/01/30 20:05:47 821] [P0x000970d0] [T0x00097114] D/DataSender(line 705)           :send packet, ret=300, need_resend=0, send_cnt=1, sessionNo=1, info:
streamId=audio-4
frameId=28
sid=cid0001bee1@dx19c0ecb47b4c010004
dataType=1
dataStatus=1
dataLen=214

[2026/01/30 20:05:47 821] [P0x000970d0] [T0x00097114] D/DataSender(line 705)           :send packet, ret=300, need_resend=0, send_cnt=1, sessionNo=1, info:
streamId=audio-4
frameId=29
sid=cid0001bee1@dx19c0ecb47b4c010004
dataType=1
dataStatus=1
dataLen=214

[2026/01/30 20:05:47 822] [P0x000970d0] [T0x00097114] D/DataSender(line 705)           :send packet, ret=300, need_resend=0, send_cnt=1, sessionNo=1, info:
streamId=audio-4
frameId=30
sid=cid0001bee1@dx19c0ecb47b4c010004
dataType=1
dataStatus=1
dataLen=214

[2026/01/30 20:05:47 822] [P0x000970d4] [T0x000971a0] D/WSConnection(line 603)         :receive data completely, dataLen=1962
[2026/01/30 20:05:47 822] [P0x000970d4] [T0x000971a0] D/DataSender(line 1466)          :parsed data as result, stmid=text-2, sid=cid00016eb0@dx19c0ecb756cf040002, retCode=0, params:
{"data":[{"content":[{"cancel":"0","cnt_id":"0","dte":"speex-wb;7","dtf":"audio/L16;rate=16000","dts":1,"error":"","frame_id":16,"text_end":135,"text_percent":97,"text_seg":"不过，你可以告诉我歌名，我可以帮你找到歌词或者聊聊这首歌！","text_start":48,"url":"0"}],"params":{"cmd":"[{\"service\":\"tts\",\"next\":\"end\"}]","lrst":"0","rstid":1,"sub":"tts","tts":"1"}}]}

[2026/01/30 20:05:47 822] [P0x000970d4] [T0x0009710e] D/ResultScheduler(line 316)      :sub=tts, binary result
[2026/01/30 20:05:47 823] [P0x000970d4] [T0x0009710e] D/ResultScheduler(line 456)      :stat size=2
[2026/01/30 20:05:47 823] [P0x000970d4] [T0x0009710e] D/ResultScheduler(line 457)      :rstMap size=0
[2026/01/30 20:05:47 823] [P0x000970d4] [T0x0009710e] D/ResultScheduler(line 458)      :sid=cid00016eb0@dx19c0ecb756cf040002
[2026/01/30 20:05:47 823] [P0x000970d4] [T0x0009710e] D/ResultScheduler(line 459)      :streamId=text-2
[2026/01/30 20:05:47 823] [P0x000970d4] [T0x0009710e] D/ResultScheduler(line 460)      :bizParam={"data":[{"content":[{"cancel":"0","cnt_id":"0","dte":"pcm","dtf":"audio/L16;rate=16000","dts":1,"error":"","frame_id":16,"text_end":135,"text_percent":97,"text_seg":"不过，你可以告诉我歌名，我可以帮你找到歌词或者聊聊这首歌！","text_start":48,"url":"0"}],"params":{"cmd":"[{\"service\":\"tts\",\"next\":\"end\"}]","lrst":"0","rstid":1,"sub":"tts","tts":"1"}}]}
[2026/01/30 20:05:47 823] [P0x000970d4] [T0x0009710a] D/DataSender(line 1047)          :stream text-2 received result, reset the continued timeout count.
[2026/01/30 20:05:47 848] [P0x000970d0] [T0x00097196] D/WSConnection(line 603)         :receive data completely, dataLen=69
[2026/01/30 20:05:47 848] [P0x000970d0] [T0x00097102] D/DataSender(line 867)           :parsed data as ack, s2ack_time=27ms, info:
streamId=audio-4
frameId=28
retCode=0

[2026/01/30 20:05:47 849] [P0x000970d0] [T0x00097196] D/WSConnection(line 603)         :receive data completely, dataLen=69
[2026/01/30 20:05:47 849] [P0x000970d0] [T0x00097196] D/WSConnection(line 603)         :receive data completely, dataLen=69
[2026/01/30 20:05:47 849] [P0x000970d0] [T0x00097102] D/DataSender(line 867)           :parsed data as ack, s2ack_time=28ms, info:
streamId=audio-4
frameId=29
retCode=0

[2026/01/30 20:05:47 849] [P0x000970d0] [T0x00097102] D/DataSender(line 867)           :parsed data as ack, s2ack_time=27ms, info:
streamId=audio-4
frameId=30
retCode=0

[2026/01/30 20:05:47 861] [P0x000970d0] [T0x00097114] D/DataSender(line 705)           :send packet, ret=300, need_resend=0, send_cnt=1, sessionNo=1, info:
streamId=audio-4
frameId=31
sid=cid0001bee1@dx19c0ecb47b4c010004
dataType=1
dataStatus=1
dataLen=214

[2026/01/30 20:05:47 861] [P0x000970d0] [T0x00097114] D/DataSender(line 705)           :send packet, ret=300, need_resend=0, send_cnt=1, sessionNo=1, info:
streamId=audio-4
frameId=32
sid=cid0001bee1@dx19c0ecb47b4c010004
dataType=1
dataStatus=1
dataLen=214

[2026/01/30 20:05:47 862] [P0x000970d0] [T0x00097114] D/DataSender(line 705)           :send packet, ret=300, need_resend=0, send_cnt=1, sessionNo=1, info:
streamId=audio-4
frameId=33
sid=cid0001bee1@dx19c0ecb47b4c010004
dataType=1
dataStatus=1
dataLen=214

[2026/01/30 20:05:47 889] [P0x000970d0] [T0x00097196] D/WSConnection(line 603)         :receive data completely, dataLen=69
[2026/01/30 20:05:47 889] [P0x000970d0] [T0x00097196] D/WSConnection(line 603)         :receive data completely, dataLen=69
[2026/01/30 20:05:47 889] [P0x000970d0] [T0x00097196] D/WSConnection(line 603)         :receive data completely, dataLen=69
[2026/01/30 20:05:47 889] [P0x000970d0] [T0x00097102] D/DataSender(line 867)           :parsed data as ack, s2ack_time=28ms, info:
streamId=audio-4
frameId=31
retCode=0

[2026/01/30 20:05:47 889] [P0x000970d0] [T0x00097102] D/DataSender(line 867)           :parsed data as ack, s2ack_time=28ms, info:
streamId=audio-4
frameId=32
retCode=0

[2026/01/30 20:05:47 889] [P0x000970d0] [T0x00097102] D/DataSender(line 867)           :parsed data as ack, s2ack_time=27ms, info:
streamId=audio-4
frameId=33
retCode=0

[2026/01/30 20:05:47 931] [P0x000970d4] [T0x000971a0] D/WSConnection(line 603)         :receive data completely, dataLen=1962
[2026/01/30 20:05:47 931] [P0x000970d4] [T0x000971a0] D/DataSender(line 1466)          :parsed data as result, stmid=text-2, sid=cid00016eb0@dx19c0ecb756cf040002, retCode=0, params:
{"data":[{"content":[{"cancel":"0","cnt_id":"0","dte":"speex-wb;7","dtf":"audio/L16;rate=16000","dts":1,"error":"","frame_id":17,"text_end":135,"text_percent":97,"text_seg":"不过，你可以告诉我歌名，我可以帮你找到歌词或者聊聊这首歌！","text_start":48,"url":"0"}],"params":{"cmd":"[{\"service\":\"tts\",\"next\":\"end\"}]","lrst":"0","rstid":1,"sub":"tts","tts":"1"}}]}

[2026/01/30 20:05:47 931] [P0x000970d4] [T0x0009710e] D/ResultScheduler(line 316)      :sub=tts, binary result
[2026/01/30 20:05:47 932] [P0x000970d4] [T0x0009710e] D/ResultScheduler(line 456)      :stat size=2
[2026/01/30 20:05:47 932] [P0x000970d4] [T0x0009710e] D/ResultScheduler(line 457)      :rstMap size=0
[2026/01/30 20:05:47 932] [P0x000970d4] [T0x0009710e] D/ResultScheduler(line 458)      :sid=cid00016eb0@dx19c0ecb756cf040002
[2026/01/30 20:05:47 932] [P0x000970d4] [T0x0009710e] D/ResultScheduler(line 459)      :streamId=text-2
[2026/01/30 20:05:47 932] [P0x000970d4] [T0x0009710e] D/ResultScheduler(line 460)      :bizParam={"data":[{"content":[{"cancel":"0","cnt_id":"0","dte":"pcm","dtf":"audio/L16;rate=16000","dts":1,"error":"","frame_id":17,"text_end":135,"text_percent":97,"text_seg":"不过，你可以告诉我歌名，我可以帮你找到歌词或者聊聊这首歌！","text_start":48,"url":"0"}],"params":{"cmd":"[{\"service\":\"tts\",\"next\":\"end\"}]","lrst":"0","rstid":1,"sub":"tts","tts":"1"}}]}
[2026/01/30 20:05:47 932] [P0x000970d4] [T0x0009710a] D/DataSender(line 1047)          :stream text-2 received result, reset the continued timeout count.
[2026/01/30 20:05:48 042] [P0x000970d0] [T0x00097114] D/DataSender(line 705)           :send packet, ret=300, need_resend=0, send_cnt=1, sessionNo=1, info:
streamId=audio-4
frameId=34
sid=cid0001bee1@dx19c0ecb47b4c010004
dataType=1
dataStatus=1
dataLen=214

[2026/01/30 20:05:48 042] [P0x000970d0] [T0x00097114] D/DataSender(line 705)           :send packet, ret=300, need_resend=0, send_cnt=1, sessionNo=1, info:
streamId=audio-4
frameId=35
sid=cid0001bee1@dx19c0ecb47b4c010004
dataType=1
dataStatus=1
dataLen=214

[2026/01/30 20:05:48 042] [P0x000970d0] [T0x00097114] D/DataSender(line 705)           :send packet, ret=300, need_resend=0, send_cnt=1, sessionNo=1, info:
streamId=audio-4
frameId=36
sid=cid0001bee1@dx19c0ecb47b4c010004
dataType=1
dataStatus=1
dataLen=214

[2026/01/30 20:05:48 043] [P0x000970d4] [T0x000971a0] D/WSConnection(line 603)         :receive data completely, dataLen=2122
[2026/01/30 20:05:48 043] [P0x000970d4] [T0x000971a0] D/DataSender(line 1466)          :parsed data as result, stmid=text-2, sid=cid00016eb0@dx19c0ecb756cf040002, retCode=0, params:
{"data":[{"content":[{"cancel":"0","cnt_id":"0","dte":"speex-wb;7","dtf":"audio/L16;rate=16000","dts":1,"error":"","frame_id":18,"text_end":135,"text_percent":97,"text_seg":"不过，你可以告诉我歌名，我可以帮你找到歌词或者聊聊这首歌！","text_start":48,"url":"0"}],"params":{"cmd":"[{\"service\":\"tts\",\"next\":\"end\"}]","lrst":"0","rstid":1,"sub":"tts","tts":"1"}}]}

[2026/01/30 20:05:48 044] [P0x000970d4] [T0x0009710e] D/ResultScheduler(line 316)      :sub=tts, binary result
[2026/01/30 20:05:48 044] [P0x000970d4] [T0x0009710e] D/ResultScheduler(line 456)      :stat size=2
[2026/01/30 20:05:48 044] [P0x000970d4] [T0x0009710e] D/ResultScheduler(line 457)      :rstMap size=0
[2026/01/30 20:05:48 044] [P0x000970d4] [T0x0009710e] D/ResultScheduler(line 458)      :sid=cid00016eb0@dx19c0ecb756cf040002
[2026/01/30 20:05:48 044] [P0x000970d4] [T0x0009710e] D/ResultScheduler(line 459)      :streamId=text-2
[2026/01/30 20:05:48 044] [P0x000970d4] [T0x0009710e] D/ResultScheduler(line 460)      :bizParam={"data":[{"content":[{"cancel":"0","cnt_id":"0","dte":"pcm","dtf":"audio/L16;rate=16000","dts":1,"error":"","frame_id":18,"text_end":135,"text_percent":97,"text_seg":"不过，你可以告诉我歌名，我可以帮你找到歌词或者聊聊这首歌！","text_start":48,"url":"0"}],"params":{"cmd":"[{\"service\":\"tts\",\"next\":\"end\"}]","lrst":"0","rstid":1,"sub":"tts","tts":"1"}}]}
[2026/01/30 20:05:48 044] [P0x000970d4] [T0x0009710a] D/DataSender(line 1047)          :stream text-2 received result, reset the continued timeout count.
[2026/01/30 20:05:48 065] [P0x000970d4] [T0x000971a0] D/WSConnection(line 603)         :receive data completely, dataLen=346
[2026/01/30 20:05:48 065] [P0x000970d4] [T0x000971a0] D/DataSender(line 1466)          :parsed data as result, stmid=text-2, sid=cid00016eb0@dx19c0ecb756cf040002, retCode=0, params:
{"data":[{"content":[{"cancel":"0","cnt_id":"0","dte":"speex-wb;7","dtf":"audio/L16;rate=16000","dts":2,"error":"","frame_id":19,"text_end":139,"text_percent":100,"text_seg":"😄","text_start":135,"url":"0"}],"params":{"cmd":"[{\"service\":\"tts\",\"next\":\"end\"}]","frstid":"1","lrst":"1","rstid":1,"sub":"tts","tts":"1"}}]}

[2026/01/30 20:05:48 065] [P0x000970d4] [T0x000971a0] D/DataSender(line 473)           :receive stream completed, streamId=text-2.
[2026/01/30 20:05:48 065] [P0x000970d4] [T0x0009710e] D/ResultScheduler(line 316)      :sub=tts, binary result
[2026/01/30 20:05:48 065] [P0x000970d4] [T0x0009710e] D/ResultScheduler(line 456)      :stat size=2
[2026/01/30 20:05:48 065] [P0x000970d4] [T0x0009710e] D/ResultScheduler(line 457)      :rstMap size=0
[2026/01/30 20:05:48 066] [P0x000970d4] [T0x0009710e] D/ResultScheduler(line 458)      :sid=cid00016eb0@dx19c0ecb756cf040002
[2026/01/30 20:05:48 066] [P0x000970d4] [T0x0009710e] D/ResultScheduler(line 459)      :streamId=text-2
[2026/01/30 20:05:48 066] [P0x000970d4] [T0x0009710e] D/ResultScheduler(line 460)      :bizParam={"data":[{"content":[{"cancel":"0","cnt_id":"0","dte":"pcm","dtf":"audio/L16;rate=16000","dts":2,"error":"","frame_id":19,"text_end":139,"text_percent":100,"text_seg":"😄","text_start":135,"url":"0"}],"params":{"cmd":"[{\"service\":\"tts\",\"next\":\"end\"}]","frstid":"1","lrst":"1","rstid":1,"sub":"tts","tts":"1"}}]}
[2026/01/30 20:05:48 066] [P0x000970d4] [T0x0009710a] D/DataSender(line 1047)          :stream text-2 received result, reset the continued timeout count.
[2026/01/30 20:05:48 068] [P0x000970d0] [T0x00097196] D/WSConnection(line 603)         :receive data completely, dataLen=69
[2026/01/30 20:05:48 068] [P0x000970d0] [T0x00097102] D/DataSender(line 867)           :parsed data as ack, s2ack_time=26ms, info:
streamId=audio-4
frameId=34
retCode=0

[2026/01/30 20:05:48 070] [P0x000970d0] [T0x00097196] D/WSConnection(line 603)         :receive data completely, dataLen=69
[2026/01/30 20:05:48 070] [P0x000970d0] [T0x00097102] D/DataSender(line 867)           :parsed data as ack, s2ack_time=28ms, info:
streamId=audio-4
frameId=35
retCode=0

[2026/01/30 20:05:48 070] [P0x000970d0] [T0x00097196] D/WSConnection(line 603)         :receive data completely, dataLen=69
[2026/01/30 20:05:48 070] [P0x000970d0] [T0x00097102] D/DataSender(line 867)           :parsed data as ack, s2ack_time=28ms, info:
streamId=audio-4
frameId=36
retCode=0

[2026/01/30 20:05:48 220] [P0x000970d0] [T0x00097114] D/DataSender(line 705)           :send packet, ret=300, need_resend=0, send_cnt=1, sessionNo=1, info:
streamId=audio-4
frameId=37
sid=cid0001bee1@dx19c0ecb47b4c010004
dataType=1
dataStatus=1
dataLen=214

[2026/01/30 20:05:48 221] [P0x000970d0] [T0x00097114] D/DataSender(line 705)           :send packet, ret=300, need_resend=0, send_cnt=1, sessionNo=1, info:
streamId=audio-4
frameId=38
sid=cid0001bee1@dx19c0ecb47b4c010004
dataType=1
dataStatus=1
dataLen=214

[2026/01/30 20:05:48 221] [P0x000970d0] [T0x00097114] D/DataSender(line 705)           :send packet, ret=300, need_resend=0, send_cnt=1, sessionNo=1, info:
streamId=audio-4
frameId=39
sid=cid0001bee1@dx19c0ecb47b4c010004
dataType=1
dataStatus=1
dataLen=214

[2026/01/30 20:05:48 251] [P0x000970d0] [T0x00097196] D/WSConnection(line 603)         :receive data completely, dataLen=69
[2026/01/30 20:05:48 251] [P0x000970d0] [T0x00097196] D/WSConnection(line 603)         :receive data completely, dataLen=69
[2026/01/30 20:05:48 251] [P0x000970d0] [T0x00097196] D/WSConnection(line 603)         :receive data completely, dataLen=69
[2026/01/30 20:05:48 251] [P0x000970d0] [T0x00097102] D/DataSender(line 867)           :parsed data as ack, s2ack_time=31ms, info:
streamId=audio-4
frameId=37
retCode=0

[2026/01/30 20:05:48 251] [P0x000970d0] [T0x00097102] D/DataSender(line 867)           :parsed data as ack, s2ack_time=30ms, info:
streamId=audio-4
frameId=38
retCode=0

[2026/01/30 20:05:48 251] [P0x000970d0] [T0x00097102] D/DataSender(line 867)           :parsed data as ack, s2ack_time=30ms, info:
streamId=audio-4
frameId=39
retCode=0

[2026/01/30 20:05:48 260] [P0x000970d0] [T0x00097114] D/DataSender(line 705)           :send packet, ret=300, need_resend=0, send_cnt=1, sessionNo=1, info:
streamId=audio-4
frameId=40
sid=cid0001bee1@dx19c0ecb47b4c010004
dataType=1
dataStatus=1
dataLen=214

[2026/01/30 20:05:48 261] [P0x000970d0] [T0x00097114] D/DataSender(line 705)           :send packet, ret=300, need_resend=0, send_cnt=1, sessionNo=1, info:
streamId=audio-4
frameId=41
sid=cid0001bee1@dx19c0ecb47b4c010004
dataType=1
dataStatus=1
dataLen=214

[2026/01/30 20:05:48 261] [P0x000970d0] [T0x00097114] D/DataSender(line 705)           :send packet, ret=300, need_resend=0, send_cnt=1, sessionNo=1, info:
streamId=audio-4
frameId=42
sid=cid0001bee1@dx19c0ecb47b4c010004
dataType=1
dataStatus=1
dataLen=214

[2026/01/30 20:05:48 262] [P0x000970d0] [T0x00097114] D/DataSender(line 705)           :send packet, ret=300, need_resend=0, send_cnt=1, sessionNo=1, info:
streamId=audio-4
frameId=43
sid=cid0001bee1@dx19c0ecb47b4c010004
dataType=1
dataStatus=1
dataLen=214

[2026/01/30 20:05:48 288] [P0x000970d0] [T0x00097196] D/WSConnection(line 603)         :receive data completely, dataLen=69
[2026/01/30 20:05:48 288] [P0x000970d0] [T0x00097102] D/DataSender(line 867)           :parsed data as ack, s2ack_time=28ms, info:
streamId=audio-4
frameId=40
retCode=0

[2026/01/30 20:05:48 288] [P0x000970d0] [T0x00097196] D/WSConnection(line 603)         :receive data completely, dataLen=69
[2026/01/30 20:05:48 288] [P0x000970d0] [T0x00097102] D/DataSender(line 867)           :parsed data as ack, s2ack_time=27ms, info:
streamId=audio-4
frameId=41
retCode=0

[2026/01/30 20:05:48 288] [P0x000970d0] [T0x00097196] D/WSConnection(line 603)         :receive data completely, dataLen=69
[2026/01/30 20:05:48 288] [P0x000970d0] [T0x00097102] D/DataSender(line 867)           :parsed data as ack, s2ack_time=27ms, info:
streamId=audio-4
frameId=42
retCode=0

[2026/01/30 20:05:48 288] [P0x000970d0] [T0x00097196] D/WSConnection(line 603)         :receive data completely, dataLen=69
[2026/01/30 20:05:48 288] [P0x000970d0] [T0x00097102] D/DataSender(line 867)           :parsed data as ack, s2ack_time=26ms, info:
streamId=audio-4
frameId=43
retCode=0

[2026/01/30 20:05:48 441] [P0x000970d0] [T0x00097114] D/DataSender(line 705)           :send packet, ret=300, need_resend=0, send_cnt=1, sessionNo=1, info:
streamId=audio-4
frameId=44
sid=cid0001bee1@dx19c0ecb47b4c010004
dataType=1
dataStatus=1
dataLen=214

[2026/01/30 20:05:48 441] [P0x000970d0] [T0x00097114] D/DataSender(line 705)           :send packet, ret=300, need_resend=0, send_cnt=1, sessionNo=1, info:
streamId=audio-4
frameId=45
sid=cid0001bee1@dx19c0ecb47b4c010004
dataType=1
dataStatus=1
dataLen=214

[2026/01/30 20:05:48 442] [P0x000970d0] [T0x00097114] D/DataSender(line 705)           :send packet, ret=300, need_resend=0, send_cnt=1, sessionNo=1, info:
streamId=audio-4
frameId=46
sid=cid0001bee1@dx19c0ecb47b4c010004
dataType=1
dataStatus=1
dataLen=214

[2026/01/30 20:05:48 476] [P0x000970d0] [T0x00097196] D/WSConnection(line 603)         :receive data completely, dataLen=69
[2026/01/30 20:05:48 476] [P0x000970d0] [T0x00097196] D/WSConnection(line 603)         :receive data completely, dataLen=69
[2026/01/30 20:05:48 476] [P0x000970d0] [T0x00097196] D/WSConnection(line 603)         :receive data completely, dataLen=69
[2026/01/30 20:05:48 476] [P0x000970d0] [T0x00097102] D/DataSender(line 867)           :parsed data as ack, s2ack_time=35ms, info:
streamId=audio-4
frameId=44
retCode=0

[2026/01/30 20:05:48 476] [P0x000970d0] [T0x00097102] D/DataSender(line 867)           :parsed data as ack, s2ack_time=35ms, info:
streamId=audio-4
frameId=45
retCode=0

[2026/01/30 20:05:48 476] [P0x000970d0] [T0x00097102] D/DataSender(line 867)           :parsed data as ack, s2ack_time=34ms, info:
streamId=audio-4
frameId=46
retCode=0

[2026/01/30 20:05:48 481] [P0x000970d0] [T0x00097114] D/DataSender(line 705)           :send packet, ret=300, need_resend=0, send_cnt=1, sessionNo=1, info:
streamId=audio-4
frameId=47
sid=cid0001bee1@dx19c0ecb47b4c010004
dataType=1
dataStatus=1
dataLen=214

[2026/01/30 20:05:48 481] [P0x000970d0] [T0x00097114] D/DataSender(line 705)           :send packet, ret=300, need_resend=0, send_cnt=1, sessionNo=1, info:
streamId=audio-4
frameId=48
sid=cid0001bee1@dx19c0ecb47b4c010004
dataType=1
dataStatus=1
dataLen=214

[2026/01/30 20:05:48 482] [P0x000970d0] [T0x00097114] D/DataSender(line 705)           :send packet, ret=300, need_resend=0, send_cnt=1, sessionNo=1, info:
streamId=audio-4
frameId=49
sid=cid0001bee1@dx19c0ecb47b4c010004
dataType=1
dataStatus=1
dataLen=214

[2026/01/30 20:05:48 508] [P0x000970d0] [T0x00097196] D/WSConnection(line 603)         :receive data completely, dataLen=69
[2026/01/30 20:05:48 508] [P0x000970d0] [T0x00097102] D/DataSender(line 867)           :parsed data as ack, s2ack_time=27ms, info:
streamId=audio-4
frameId=47
retCode=0

[2026/01/30 20:05:48 508] [P0x000970d0] [T0x00097196] D/WSConnection(line 603)         :receive data completely, dataLen=69
[2026/01/30 20:05:48 508] [P0x000970d0] [T0x00097102] D/DataSender(line 867)           :parsed data as ack, s2ack_time=27ms, info:
streamId=audio-4
frameId=48
retCode=0

[2026/01/30 20:05:48 508] [P0x000970d0] [T0x00097196] D/WSConnection(line 603)         :receive data completely, dataLen=69
[2026/01/30 20:05:48 508] [P0x000970d0] [T0x00097102] D/DataSender(line 867)           :parsed data as ack, s2ack_time=26ms, info:
streamId=audio-4
frameId=49
retCode=0

[2026/01/30 20:05:48 661] [P0x000970d0] [T0x00097114] D/DataSender(line 705)           :send packet, ret=300, need_resend=0, send_cnt=1, sessionNo=1, info:
streamId=audio-4
frameId=50
sid=cid0001bee1@dx19c0ecb47b4c010004
dataType=1
dataStatus=1
dataLen=214

[2026/01/30 20:05:48 661] [P0x000970d0] [T0x00097114] D/DataSender(line 705)           :send packet, ret=300, need_resend=0, send_cnt=1, sessionNo=1, info:
streamId=audio-4
frameId=51
sid=cid0001bee1@dx19c0ecb47b4c010004
dataType=1
dataStatus=1
dataLen=214

[2026/01/30 20:05:48 661] [P0x000970d0] [T0x00097114] D/DataSender(line 705)           :send packet, ret=300, need_resend=0, send_cnt=1, sessionNo=1, info:
streamId=audio-4
frameId=52
sid=cid0001bee1@dx19c0ecb47b4c010004
dataType=1
dataStatus=1
dataLen=214

[2026/01/30 20:05:48 688] [P0x000970d0] [T0x00097196] D/WSConnection(line 603)         :receive data completely, dataLen=69
[2026/01/30 20:05:48 688] [P0x000970d0] [T0x00097102] D/DataSender(line 867)           :parsed data as ack, s2ack_time=27ms, info:
streamId=audio-4
frameId=50
retCode=0

[2026/01/30 20:05:48 688] [P0x000970d0] [T0x00097196] D/WSConnection(line 603)         :receive data completely, dataLen=69
[2026/01/30 20:05:48 688] [P0x000970d0] [T0x00097102] D/DataSender(line 867)           :parsed data as ack, s2ack_time=27ms, info:
streamId=audio-4
frameId=51
retCode=0

[2026/01/30 20:05:48 688] [P0x000970d0] [T0x00097196] D/WSConnection(line 603)         :receive data completely, dataLen=69
[2026/01/30 20:05:48 688] [P0x000970d0] [T0x00097102] D/DataSender(line 867)           :parsed data as ack, s2ack_time=27ms, info:
streamId=audio-4
frameId=52
retCode=0

[2026/01/30 20:05:48 841] [P0x000970d0] [T0x00097114] D/DataSender(line 705)           :send packet, ret=300, need_resend=0, send_cnt=1, sessionNo=1, info:
streamId=audio-4
frameId=53
sid=cid0001bee1@dx19c0ecb47b4c010004
dataType=1
dataStatus=1
dataLen=214

[2026/01/30 20:05:48 841] [P0x000970d0] [T0x00097114] D/DataSender(line 705)           :send packet, ret=300, need_resend=0, send_cnt=1, sessionNo=1, info:
streamId=audio-4
frameId=54
sid=cid0001bee1@dx19c0ecb47b4c010004
dataType=1
dataStatus=1
dataLen=214

[2026/01/30 20:05:48 842] [P0x000970d0] [T0x00097114] D/DataSender(line 705)           :send packet, ret=300, need_resend=0, send_cnt=1, sessionNo=1, info:
streamId=audio-4
frameId=55
sid=cid0001bee1@dx19c0ecb47b4c010004
dataType=1
dataStatus=1
dataLen=214

[2026/01/30 20:05:48 869] [P0x000970d0] [T0x00097196] D/WSConnection(line 603)         :receive data completely, dataLen=69
[2026/01/30 20:05:48 869] [P0x000970d0] [T0x00097196] D/WSConnection(line 603)         :receive data completely, dataLen=69
[2026/01/30 20:05:48 869] [P0x000970d0] [T0x00097102] D/DataSender(line 867)           :parsed data as ack, s2ack_time=28ms, info:
streamId=audio-4
frameId=53
retCode=0

[2026/01/30 20:05:48 869] [P0x000970d0] [T0x00097196] D/WSConnection(line 603)         :receive data completely, dataLen=69
[2026/01/30 20:05:48 869] [P0x000970d0] [T0x00097102] D/DataSender(line 867)           :parsed data as ack, s2ack_time=28ms, info:
streamId=audio-4
frameId=54
retCode=0

[2026/01/30 20:05:48 869] [P0x000970d0] [T0x00097102] D/DataSender(line 867)           :parsed data as ack, s2ack_time=27ms, info:
streamId=audio-4
frameId=55
retCode=0

[2026/01/30 20:05:48 881] [P0x000970d0] [T0x00097114] D/DataSender(line 705)           :send packet, ret=300, need_resend=0, send_cnt=1, sessionNo=1, info:
streamId=audio-4
frameId=56
sid=cid0001bee1@dx19c0ecb47b4c010004
dataType=1
dataStatus=1
dataLen=214

[2026/01/30 20:05:48 881] [P0x000970d0] [T0x00097114] D/DataSender(line 705)           :send packet, ret=300, need_resend=0, send_cnt=1, sessionNo=1, info:
streamId=audio-4
frameId=57
sid=cid0001bee1@dx19c0ecb47b4c010004
dataType=1
dataStatus=1
dataLen=214

[2026/01/30 20:05:48 882] [P0x000970d0] [T0x00097114] D/DataSender(line 705)           :send packet, ret=300, need_resend=0, send_cnt=1, sessionNo=1, info:
streamId=audio-4
frameId=58
sid=cid0001bee1@dx19c0ecb47b4c010004
dataType=1
dataStatus=1
dataLen=214

[2026/01/30 20:05:48 882] [P0x000970d0] [T0x00097114] D/DataSender(line 705)           :send packet, ret=300, need_resend=0, send_cnt=1, sessionNo=1, info:
streamId=audio-4
frameId=59
sid=cid0001bee1@dx19c0ecb47b4c010004
dataType=1
dataStatus=1
dataLen=214

[2026/01/30 20:05:48 909] [P0x000970d0] [T0x00097196] D/WSConnection(line 603)         :receive data completely, dataLen=69
[2026/01/30 20:05:48 909] [P0x000970d0] [T0x00097102] D/DataSender(line 867)           :parsed data as ack, s2ack_time=28ms, info:
streamId=audio-4
frameId=56
retCode=0

[2026/01/30 20:05:48 909] [P0x000970d0] [T0x00097196] D/WSConnection(line 603)         :receive data completely, dataLen=69
[2026/01/30 20:05:48 909] [P0x000970d0] [T0x00097196] D/WSConnection(line 603)         :receive data completely, dataLen=69
[2026/01/30 20:05:48 909] [P0x000970d0] [T0x00097102] D/DataSender(line 867)           :parsed data as ack, s2ack_time=28ms, info:
streamId=audio-4
frameId=57
retCode=0

[2026/01/30 20:05:48 909] [P0x000970d0] [T0x00097196] D/WSConnection(line 603)         :receive data completely, dataLen=69
[2026/01/30 20:05:48 909] [P0x000970d0] [T0x00097102] D/DataSender(line 867)           :parsed data as ack, s2ack_time=27ms, info:
streamId=audio-4
frameId=58
retCode=0

[2026/01/30 20:05:48 909] [P0x000970d0] [T0x00097102] D/DataSender(line 867)           :parsed data as ack, s2ack_time=27ms, info:
streamId=audio-4
frameId=59
retCode=0

[2026/01/30 20:05:49 041] [P0x000970d0] [T0x00097114] D/DataSender(line 705)           :send packet, ret=300, need_resend=0, send_cnt=1, sessionNo=1, info:
streamId=audio-4
frameId=60
sid=cid0001bee1@dx19c0ecb47b4c010004
dataType=1
dataStatus=1
dataLen=214

[2026/01/30 20:05:49 042] [P0x000970d0] [T0x00097114] D/DataSender(line 705)           :send packet, ret=300, need_resend=0, send_cnt=1, sessionNo=1, info:
streamId=audio-4
frameId=61
sid=cid0001bee1@dx19c0ecb47b4c010004
dataType=1
dataStatus=1
dataLen=214

[2026/01/30 20:05:49 042] [P0x000970d0] [T0x00097114] D/DataSender(line 705)           :send packet, ret=300, need_resend=0, send_cnt=1, sessionNo=1, info:
streamId=audio-4
frameId=62
sid=cid0001bee1@dx19c0ecb47b4c010004
dataType=1
dataStatus=1
dataLen=214

[2026/01/30 20:05:49 069] [P0x000970d0] [T0x00097196] D/WSConnection(line 603)         :receive data completely, dataLen=69
[2026/01/30 20:05:49 069] [P0x000970d0] [T0x00097102] D/DataSender(line 867)           :parsed data as ack, s2ack_time=28ms, info:
streamId=audio-4
frameId=60
retCode=0

[2026/01/30 20:05:49 069] [P0x000970d0] [T0x00097196] D/WSConnection(line 603)         :receive data completely, dataLen=69
[2026/01/30 20:05:49 069] [P0x000970d0] [T0x00097102] D/DataSender(line 867)           :parsed data as ack, s2ack_time=27ms, info:
streamId=audio-4
frameId=61
retCode=0

[2026/01/30 20:05:49 069] [P0x000970d0] [T0x00097196] D/WSConnection(line 603)         :receive data completely, dataLen=69
[2026/01/30 20:05:49 069] [P0x000970d0] [T0x00097102] D/DataSender(line 867)           :parsed data as ack, s2ack_time=27ms, info:
streamId=audio-4
frameId=62
retCode=0

[2026/01/30 20:05:49 201] [P0x000970d0] [T0x00097114] D/DataSender(line 705)           :send packet, ret=300, need_resend=0, send_cnt=1, sessionNo=1, info:
streamId=audio-4
frameId=63
sid=cid0001bee1@dx19c0ecb47b4c010004
dataType=1
dataStatus=1
dataLen=214

[2026/01/30 20:05:49 201] [P0x000970d0] [T0x00097114] D/DataSender(line 705)           :send packet, ret=300, need_resend=0, send_cnt=1, sessionNo=1, info:
streamId=audio-4
frameId=64
sid=cid0001bee1@dx19c0ecb47b4c010004
dataType=1
dataStatus=1
dataLen=214

[2026/01/30 20:05:49 202] [P0x000970d0] [T0x00097114] D/DataSender(line 705)           :send packet, ret=300, need_resend=0, send_cnt=1, sessionNo=1, info:
streamId=audio-4
frameId=65
sid=cid0001bee1@dx19c0ecb47b4c010004
dataType=1
dataStatus=1
dataLen=214

[2026/01/30 20:05:49 229] [P0x000970d0] [T0x00097196] D/WSConnection(line 603)         :receive data completely, dataLen=69
[2026/01/30 20:05:49 229] [P0x000970d0] [T0x00097196] D/WSConnection(line 603)         :receive data completely, dataLen=69
[2026/01/30 20:05:49 229] [P0x000970d0] [T0x00097196] D/WSConnection(line 603)         :receive data completely, dataLen=69
[2026/01/30 20:05:49 229] [P0x000970d0] [T0x00097102] D/DataSender(line 867)           :parsed data as ack, s2ack_time=28ms, info:
streamId=audio-4
frameId=63
retCode=0

[2026/01/30 20:05:49 229] [P0x000970d0] [T0x00097102] D/DataSender(line 867)           :parsed data as ack, s2ack_time=28ms, info:
streamId=audio-4
frameId=64
retCode=0

[2026/01/30 20:05:49 229] [P0x000970d0] [T0x00097102] D/DataSender(line 867)           :parsed data as ack, s2ack_time=27ms, info:
streamId=audio-4
frameId=65
retCode=0

[2026/01/30 20:05:49 382] [P0x000970d0] [T0x00097114] D/DataSender(line 705)           :send packet, ret=300, need_resend=0, send_cnt=1, sessionNo=1, info:
streamId=audio-4
frameId=66
sid=cid0001bee1@dx19c0ecb47b4c010004
dataType=1
dataStatus=1
dataLen=214

[2026/01/30 20:05:49 382] [P0x000970d0] [T0x00097114] D/DataSender(line 705)           :send packet, ret=300, need_resend=0, send_cnt=1, sessionNo=1, info:
streamId=audio-4
frameId=67
sid=cid0001bee1@dx19c0ecb47b4c010004
dataType=1
dataStatus=1
dataLen=214

[2026/01/30 20:05:49 382] [P0x000970d0] [T0x00097114] D/DataSender(line 705)           :send packet, ret=300, need_resend=0, send_cnt=1, sessionNo=1, info:
streamId=audio-4
frameId=68
sid=cid0001bee1@dx19c0ecb47b4c010004
dataType=1
dataStatus=1
dataLen=214

[2026/01/30 20:05:49 413] [P0x000970d0] [T0x00097196] D/WSConnection(line 603)         :receive data completely, dataLen=69
[2026/01/30 20:05:49 413] [P0x000970d0] [T0x00097196] D/WSConnection(line 603)         :receive data completely, dataLen=69
[2026/01/30 20:05:49 413] [P0x000970d0] [T0x00097102] D/DataSender(line 867)           :parsed data as ack, s2ack_time=31ms, info:
streamId=audio-4
frameId=66
retCode=0

[2026/01/30 20:05:49 413] [P0x000970d0] [T0x00097196] D/WSConnection(line 603)         :receive data completely, dataLen=69
[2026/01/30 20:05:49 413] [P0x000970d0] [T0x00097102] D/DataSender(line 867)           :parsed data as ack, s2ack_time=31ms, info:
streamId=audio-4
frameId=67
retCode=0

[2026/01/30 20:05:49 413] [P0x000970d0] [T0x00097102] D/DataSender(line 867)           :parsed data as ack, s2ack_time=31ms, info:
streamId=audio-4
frameId=68
retCode=0

[2026/01/30 20:05:49 422] [P0x000970d0] [T0x00097114] D/DataSender(line 705)           :send packet, ret=300, need_resend=0, send_cnt=1, sessionNo=1, info:
streamId=audio-4
frameId=69
sid=cid0001bee1@dx19c0ecb47b4c010004
dataType=1
dataStatus=1
dataLen=214

[2026/01/30 20:05:49 422] [P0x000970d0] [T0x00097114] D/DataSender(line 705)           :send packet, ret=300, need_resend=0, send_cnt=1, sessionNo=1, info:
streamId=audio-4
frameId=70
sid=cid0001bee1@dx19c0ecb47b4c010004
dataType=1
dataStatus=1
dataLen=214

[2026/01/30 20:05:49 422] [P0x000970d0] [T0x00097114] D/DataSender(line 705)           :send packet, ret=300, need_resend=0, send_cnt=1, sessionNo=1, info:
streamId=audio-4
frameId=71
sid=cid0001bee1@dx19c0ecb47b4c010004
dataType=1
dataStatus=1
dataLen=214

[2026/01/30 20:05:49 449] [P0x000970d0] [T0x00097196] D/WSConnection(line 603)         :receive data completely, dataLen=69
[2026/01/30 20:05:49 449] [P0x000970d0] [T0x00097196] D/WSConnection(line 603)         :receive data completely, dataLen=69
[2026/01/30 20:05:49 449] [P0x000970d0] [T0x00097102] D/DataSender(line 867)           :parsed data as ack, s2ack_time=27ms, info:
streamId=audio-4
frameId=69
retCode=0

[2026/01/30 20:05:49 449] [P0x000970d0] [T0x00097102] D/DataSender(line 867)           :parsed data as ack, s2ack_time=27ms, info:
streamId=audio-4
frameId=70
retCode=0

[2026/01/30 20:05:49 449] [P0x000970d0] [T0x00097196] D/WSConnection(line 603)         :receive data completely, dataLen=69
[2026/01/30 20:05:49 449] [P0x000970d0] [T0x00097102] D/DataSender(line 867)           :parsed data as ack, s2ack_time=27ms, info:
streamId=audio-4
frameId=71
retCode=0

[2026/01/30 20:05:49 581] [P0x000970d0] [T0x00097114] D/DataSender(line 705)           :send packet, ret=300, need_resend=0, send_cnt=1, sessionNo=1, info:
streamId=audio-4
frameId=72
sid=cid0001bee1@dx19c0ecb47b4c010004
dataType=1
dataStatus=1
dataLen=214

[2026/01/30 20:05:49 581] [P0x000970d0] [T0x00097114] D/DataSender(line 705)           :send packet, ret=300, need_resend=0, send_cnt=1, sessionNo=1, info:
streamId=audio-4
frameId=73
sid=cid0001bee1@dx19c0ecb47b4c010004
dataType=1
dataStatus=1
dataLen=214

[2026/01/30 20:05:49 582] [P0x000970d0] [T0x00097114] D/DataSender(line 705)           :send packet, ret=300, need_resend=0, send_cnt=1, sessionNo=1, info:
streamId=audio-4
frameId=74
sid=cid0001bee1@dx19c0ecb47b4c010004
dataType=1
dataStatus=1
dataLen=214

[2026/01/30 20:05:49 582] [P0x000970d0] [T0x00097114] D/DataSender(line 705)           :send packet, ret=300, need_resend=0, send_cnt=1, sessionNo=1, info:
streamId=audio-4
frameId=75
sid=cid0001bee1@dx19c0ecb47b4c010004
dataType=1
dataStatus=1
dataLen=214

[2026/01/30 20:05:49 608] [P0x000970d0] [T0x00097196] D/WSConnection(line 603)         :receive data completely, dataLen=69
[2026/01/30 20:05:49 609] [P0x000970d0] [T0x00097196] D/WSConnection(line 603)         :receive data completely, dataLen=69
[2026/01/30 20:05:49 609] [P0x000970d0] [T0x00097102] D/DataSender(line 867)           :parsed data as ack, s2ack_time=27ms, info:
streamId=audio-4
frameId=72
retCode=0

[2026/01/30 20:05:49 609] [P0x000970d0] [T0x00097102] D/DataSender(line 867)           :parsed data as ack, s2ack_time=28ms, info:
streamId=audio-4
frameId=73
retCode=0

[2026/01/30 20:05:49 609] [P0x000970d0] [T0x00097196] D/WSConnection(line 603)         :receive data completely, dataLen=69
[2026/01/30 20:05:49 609] [P0x000970d0] [T0x00097102] D/DataSender(line 867)           :parsed data as ack, s2ack_time=27ms, info:
streamId=audio-4
frameId=74
retCode=0

[2026/01/30 20:05:49 609] [P0x000970d0] [T0x00097196] D/WSConnection(line 603)         :receive data completely, dataLen=69
[2026/01/30 20:05:49 609] [P0x000970d0] [T0x00097102] D/DataSender(line 867)           :parsed data as ack, s2ack_time=27ms, info:
streamId=audio-4
frameId=75
retCode=0

[2026/01/30 20:05:49 742] [P0x000970d0] [T0x00097114] D/DataSender(line 705)           :send packet, ret=300, need_resend=0, send_cnt=1, sessionNo=1, info:
streamId=audio-4
frameId=76
sid=cid0001bee1@dx19c0ecb47b4c010004
dataType=1
dataStatus=1
dataLen=214

[2026/01/30 20:05:49 742] [P0x000970d0] [T0x00097114] D/DataSender(line 705)           :send packet, ret=300, need_resend=0, send_cnt=1, sessionNo=1, info:
streamId=audio-4
frameId=77
sid=cid0001bee1@dx19c0ecb47b4c010004
dataType=1
dataStatus=1
dataLen=214

[2026/01/30 20:05:49 742] [P0x000970d0] [T0x00097114] D/DataSender(line 705)           :send packet, ret=300, need_resend=0, send_cnt=1, sessionNo=1, info:
streamId=audio-4
frameId=78
sid=cid0001bee1@dx19c0ecb47b4c010004
dataType=1
dataStatus=1
dataLen=214

[2026/01/30 20:05:49 770] [P0x000970d0] [T0x00097196] D/WSConnection(line 603)         :receive data completely, dataLen=69
[2026/01/30 20:05:49 770] [P0x000970d0] [T0x00097102] D/DataSender(line 867)           :parsed data as ack, s2ack_time=28ms, info:
streamId=audio-4
frameId=76
retCode=0

[2026/01/30 20:05:49 770] [P0x000970d0] [T0x00097196] D/WSConnection(line 603)         :receive data completely, dataLen=69
[2026/01/30 20:05:49 770] [P0x000970d0] [T0x00097196] D/WSConnection(line 603)         :receive data completely, dataLen=69
[2026/01/30 20:05:49 770] [P0x000970d0] [T0x00097102] D/DataSender(line 867)           :parsed data as ack, s2ack_time=28ms, info:
streamId=audio-4
frameId=77
retCode=0

[2026/01/30 20:05:49 770] [P0x000970d0] [T0x00097102] D/DataSender(line 867)           :parsed data as ack, s2ack_time=28ms, info:
streamId=audio-4
frameId=78
retCode=0

[2026/01/30 20:05:49 782] [P0x000970d0] [T0x00097114] D/DataSender(line 705)           :send packet, ret=300, need_resend=0, send_cnt=1, sessionNo=1, info:
streamId=audio-4
frameId=79
sid=cid0001bee1@dx19c0ecb47b4c010004
dataType=1
dataStatus=1
dataLen=214

[2026/01/30 20:05:49 782] [P0x000970d0] [T0x00097114] D/DataSender(line 705)           :send packet, ret=300, need_resend=0, send_cnt=1, sessionNo=1, info:
streamId=audio-4
frameId=80
sid=cid0001bee1@dx19c0ecb47b4c010004
dataType=1
dataStatus=1
dataLen=214

[2026/01/30 20:05:49 782] [P0x000970d0] [T0x00097114] D/DataSender(line 705)           :send packet, ret=300, need_resend=0, send_cnt=1, sessionNo=1, info:
streamId=audio-4
frameId=81
sid=cid0001bee1@dx19c0ecb47b4c010004
dataType=1
dataStatus=1
dataLen=214

[2026/01/30 20:05:49 810] [P0x000970d0] [T0x00097196] D/WSConnection(line 603)         :receive data completely, dataLen=69
[2026/01/30 20:05:49 810] [P0x000970d0] [T0x00097196] D/WSConnection(line 603)         :receive data completely, dataLen=69
[2026/01/30 20:05:49 810] [P0x000970d0] [T0x00097196] D/WSConnection(line 603)         :receive data completely, dataLen=69
[2026/01/30 20:05:49 810] [P0x000970d0] [T0x00097102] D/DataSender(line 867)           :parsed data as ack, s2ack_time=28ms, info:
streamId=audio-4
frameId=79
retCode=0

[2026/01/30 20:05:49 810] [P0x000970d0] [T0x00097102] D/DataSender(line 867)           :parsed data as ack, s2ack_time=28ms, info:
streamId=audio-4
frameId=80
retCode=0

[2026/01/30 20:05:49 810] [P0x000970d0] [T0x00097102] D/DataSender(line 867)           :parsed data as ack, s2ack_time=28ms, info:
streamId=audio-4
frameId=81
retCode=0

[2026/01/30 20:05:49 961] [P0x000970d0] [T0x00097114] D/DataSender(line 705)           :send packet, ret=300, need_resend=0, send_cnt=1, sessionNo=1, info:
streamId=audio-4
frameId=82
sid=cid0001bee1@dx19c0ecb47b4c010004
dataType=1
dataStatus=1
dataLen=214

[2026/01/30 20:05:49 962] [P0x000970d0] [T0x00097114] D/DataSender(line 705)           :send packet, ret=300, need_resend=0, send_cnt=1, sessionNo=1, info:
streamId=audio-4
frameId=83
sid=cid0001bee1@dx19c0ecb47b4c010004
dataType=1
dataStatus=1
dataLen=214

[2026/01/30 20:05:49 962] [P0x000970d0] [T0x00097114] D/DataSender(line 705)           :send packet, ret=300, need_resend=0, send_cnt=1, sessionNo=1, info:
streamId=audio-4
frameId=84
sid=cid0001bee1@dx19c0ecb47b4c010004
dataType=1
dataStatus=1
dataLen=214

[2026/01/30 20:05:49 990] [P0x000970d0] [T0x00097196] D/WSConnection(line 603)         :receive data completely, dataLen=69
[2026/01/30 20:05:49 990] [P0x000970d0] [T0x00097102] D/DataSender(line 867)           :parsed data as ack, s2ack_time=29ms, info:
streamId=audio-4
frameId=82
retCode=0

[2026/01/30 20:05:49 990] [P0x000970d0] [T0x00097196] D/WSConnection(line 603)         :receive data completely, dataLen=69
[2026/01/30 20:05:49 990] [P0x000970d0] [T0x00097196] D/WSConnection(line 603)         :receive data completely, dataLen=69
[2026/01/30 20:05:49 990] [P0x000970d0] [T0x00097102] D/DataSender(line 867)           :parsed data as ack, s2ack_time=28ms, info:
streamId=audio-4
frameId=83
retCode=0

[2026/01/30 20:05:49 990] [P0x000970d0] [T0x00097102] D/DataSender(line 867)           :parsed data as ack, s2ack_time=28ms, info:
streamId=audio-4
frameId=84
retCode=0

[2026/01/30 20:05:50 122] [P0x000970d0] [T0x00097114] D/DataSender(line 705)           :send packet, ret=300, need_resend=0, send_cnt=1, sessionNo=1, info:
streamId=audio-4
frameId=85
sid=cid0001bee1@dx19c0ecb47b4c010004
dataType=1
dataStatus=1
dataLen=214

[2026/01/30 20:05:50 122] [P0x000970d0] [T0x00097114] D/DataSender(line 705)           :send packet, ret=300, need_resend=0, send_cnt=1, sessionNo=1, info:
streamId=audio-4
frameId=86
sid=cid0001bee1@dx19c0ecb47b4c010004
dataType=1
dataStatus=1
dataLen=214

[2026/01/30 20:05:50 122] [P0x000970d0] [T0x00097114] D/DataSender(line 705)           :send packet, ret=300, need_resend=0, send_cnt=1, sessionNo=1, info:
streamId=audio-4
frameId=87
sid=cid0001bee1@dx19c0ecb47b4c010004
dataType=1
dataStatus=1
dataLen=214

[2026/01/30 20:05:50 151] [P0x000970d0] [T0x00097196] D/WSConnection(line 603)         :receive data completely, dataLen=69
[2026/01/30 20:05:50 151] [P0x000970d0] [T0x00097196] D/WSConnection(line 603)         :receive data completely, dataLen=69
[2026/01/30 20:05:50 151] [P0x000970d0] [T0x00097102] D/DataSender(line 867)           :parsed data as ack, s2ack_time=29ms, info:
streamId=audio-4
frameId=85
retCode=0

[2026/01/30 20:05:50 151] [P0x000970d0] [T0x00097102] D/DataSender(line 867)           :parsed data as ack, s2ack_time=29ms, info:
streamId=audio-4
frameId=86
retCode=0

[2026/01/30 20:05:50 151] [P0x000970d0] [T0x00097196] D/WSConnection(line 603)         :receive data completely, dataLen=69
[2026/01/30 20:05:50 151] [P0x000970d0] [T0x00097102] D/DataSender(line 867)           :parsed data as ack, s2ack_time=29ms, info:
streamId=audio-4
frameId=87
retCode=0

[2026/01/30 20:05:50 162] [P0x000970d0] [T0x00097114] D/DataSender(line 705)           :send packet, ret=300, need_resend=0, send_cnt=1, sessionNo=1, info:
streamId=audio-4
frameId=88
sid=cid0001bee1@dx19c0ecb47b4c010004
dataType=1
dataStatus=1
dataLen=214

[2026/01/30 20:05:50 162] [P0x000970d0] [T0x00097114] D/DataSender(line 705)           :send packet, ret=300, need_resend=0, send_cnt=1, sessionNo=1, info:
streamId=audio-4
frameId=89
sid=cid0001bee1@dx19c0ecb47b4c010004
dataType=1
dataStatus=1
dataLen=214

[2026/01/30 20:05:50 162] [P0x000970d0] [T0x00097114] D/DataSender(line 705)           :send packet, ret=300, need_resend=0, send_cnt=1, sessionNo=1, info:
streamId=audio-4
frameId=90
sid=cid0001bee1@dx19c0ecb47b4c010004
dataType=1
dataStatus=1
dataLen=214

[2026/01/30 20:05:50 163] [P0x000970d0] [T0x00097114] D/DataSender(line 705)           :send packet, ret=300, need_resend=0, send_cnt=1, sessionNo=1, info:
streamId=audio-4
frameId=91
sid=cid0001bee1@dx19c0ecb47b4c010004
dataType=1
dataStatus=1
dataLen=214

[2026/01/30 20:05:50 190] [P0x000970d0] [T0x00097196] D/WSConnection(line 603)         :receive data completely, dataLen=69
[2026/01/30 20:05:50 190] [P0x000970d0] [T0x00097196] D/WSConnection(line 603)         :receive data completely, dataLen=69
[2026/01/30 20:05:50 190] [P0x000970d0] [T0x00097102] D/DataSender(line 867)           :parsed data as ack, s2ack_time=28ms, info:
streamId=audio-4
frameId=88
retCode=0

[2026/01/30 20:05:50 190] [P0x000970d0] [T0x00097196] D/WSConnection(line 603)         :receive data completely, dataLen=69
[2026/01/30 20:05:50 190] [P0x000970d0] [T0x00097102] D/DataSender(line 867)           :parsed data as ack, s2ack_time=28ms, info:
streamId=audio-4
frameId=89
retCode=0

[2026/01/30 20:05:50 190] [P0x000970d0] [T0x00097196] D/WSConnection(line 603)         :receive data completely, dataLen=69
[2026/01/30 20:05:50 190] [P0x000970d0] [T0x00097102] D/DataSender(line 867)           :parsed data as ack, s2ack_time=28ms, info:
streamId=audio-4
frameId=90
retCode=0

[2026/01/30 20:05:50 190] [P0x000970d0] [T0x00097102] D/DataSender(line 867)           :parsed data as ack, s2ack_time=27ms, info:
streamId=audio-4
frameId=91
retCode=0

[2026/01/30 20:05:50 322] [P0x000970d0] [T0x00097114] D/DataSender(line 705)           :send packet, ret=300, need_resend=0, send_cnt=1, sessionNo=1, info:
streamId=audio-4
frameId=92
sid=cid0001bee1@dx19c0ecb47b4c010004
dataType=1
dataStatus=1
dataLen=214

[2026/01/30 20:05:50 323] [P0x000970d0] [T0x00097114] D/DataSender(line 705)           :send packet, ret=300, need_resend=0, send_cnt=1, sessionNo=1, info:
streamId=audio-4
frameId=93
sid=cid0001bee1@dx19c0ecb47b4c010004
dataType=1
dataStatus=1
dataLen=214

[2026/01/30 20:05:50 323] [P0x000970d0] [T0x00097114] D/DataSender(line 705)           :send packet, ret=300, need_resend=0, send_cnt=1, sessionNo=1, info:
streamId=audio-4
frameId=94
sid=cid0001bee1@dx19c0ecb47b4c010004
dataType=1
dataStatus=1
dataLen=214

[2026/01/30 20:05:50 356] [P0x000970d0] [T0x00097196] D/WSConnection(line 603)         :receive data completely, dataLen=69
[2026/01/30 20:05:50 356] [P0x000970d0] [T0x00097196] D/WSConnection(line 603)         :receive data completely, dataLen=69
[2026/01/30 20:05:50 356] [P0x000970d0] [T0x00097102] D/DataSender(line 867)           :parsed data as ack, s2ack_time=34ms, info:
streamId=audio-4
frameId=92
retCode=0

[2026/01/30 20:05:50 356] [P0x000970d0] [T0x00097102] D/DataSender(line 867)           :parsed data as ack, s2ack_time=33ms, info:
streamId=audio-4
frameId=93
retCode=0

[2026/01/30 20:05:50 356] [P0x000970d0] [T0x00097196] D/WSConnection(line 603)         :receive data completely, dataLen=69
[2026/01/30 20:05:50 356] [P0x000970d0] [T0x00097102] D/DataSender(line 867)           :parsed data as ack, s2ack_time=33ms, info:
streamId=audio-4
frameId=94
retCode=0

[2026/01/30 20:05:50 503] [P0x000970d0] [T0x00097114] D/DataSender(line 705)           :send packet, ret=300, need_resend=0, send_cnt=1, sessionNo=1, info:
streamId=audio-4
frameId=95
sid=cid0001bee1@dx19c0ecb47b4c010004
dataType=1
dataStatus=1
dataLen=214

[2026/01/30 20:05:50 503] [P0x000970d0] [T0x00097114] D/DataSender(line 705)           :send packet, ret=300, need_resend=0, send_cnt=1, sessionNo=1, info:
streamId=audio-4
frameId=96
sid=cid0001bee1@dx19c0ecb47b4c010004
dataType=1
dataStatus=1
dataLen=214

[2026/01/30 20:05:50 503] [P0x000970d0] [T0x00097114] D/DataSender(line 705)           :send packet, ret=300, need_resend=0, send_cnt=1, sessionNo=1, info:
streamId=audio-4
frameId=97
sid=cid0001bee1@dx19c0ecb47b4c010004
dataType=1
dataStatus=1
dataLen=214

[2026/01/30 20:05:50 530] [P0x000970d0] [T0x00097196] D/WSConnection(line 603)         :receive data completely, dataLen=69
[2026/01/30 20:05:50 530] [P0x000970d0] [T0x00097196] D/WSConnection(line 603)         :receive data completely, dataLen=69
[2026/01/30 20:05:50 530] [P0x000970d0] [T0x00097102] D/DataSender(line 867)           :parsed data as ack, s2ack_time=27ms, info:
streamId=audio-4
frameId=95
retCode=0

[2026/01/30 20:05:50 530] [P0x000970d0] [T0x00097102] D/DataSender(line 867)           :parsed data as ack, s2ack_time=27ms, info:
streamId=audio-4
frameId=96
retCode=0

[2026/01/30 20:05:50 530] [P0x000970d0] [T0x00097196] D/WSConnection(line 603)         :receive data completely, dataLen=69
[2026/01/30 20:05:50 530] [P0x000970d0] [T0x00097102] D/DataSender(line 867)           :parsed data as ack, s2ack_time=27ms, info:
streamId=audio-4
frameId=97
retCode=0

[2026/01/30 20:05:50 543] [P0x000970d0] [T0x00097114] D/DataSender(line 705)           :send packet, ret=300, need_resend=0, send_cnt=1, sessionNo=1, info:
streamId=audio-4
frameId=98
sid=cid0001bee1@dx19c0ecb47b4c010004
dataType=1
dataStatus=1
dataLen=214

[2026/01/30 20:05:50 543] [P0x000970d0] [T0x00097114] D/DataSender(line 705)           :send packet, ret=300, need_resend=0, send_cnt=1, sessionNo=1, info:
streamId=audio-4
frameId=99
sid=cid0001bee1@dx19c0ecb47b4c010004
dataType=1
dataStatus=1
dataLen=214

[2026/01/30 20:05:50 544] [P0x000970d0] [T0x00097114] D/DataSender(line 705)           :send packet, ret=300, need_resend=0, send_cnt=1, sessionNo=1, info:
streamId=audio-4
frameId=100
sid=cid0001bee1@dx19c0ecb47b4c010004
dataType=1
dataStatus=1
dataLen=214

[2026/01/30 20:05:50 570] [P0x000970d0] [T0x00097196] D/WSConnection(line 603)         :receive data completely, dataLen=69
[2026/01/30 20:05:50 570] [P0x000970d0] [T0x00097102] D/DataSender(line 867)           :parsed data as ack, s2ack_time=27ms, info:
streamId=audio-4
frameId=98
retCode=0

[2026/01/30 20:05:50 570] [P0x000970d0] [T0x00097196] D/WSConnection(line 603)         :receive data completely, dataLen=69
[2026/01/30 20:05:50 570] [P0x000970d0] [T0x00097102] D/DataSender(line 867)           :parsed data as ack, s2ack_time=27ms, info:
streamId=audio-4
frameId=99
retCode=0

[2026/01/30 20:05:50 570] [P0x000970d0] [T0x00097196] D/WSConnection(line 603)         :receive data completely, dataLen=70
[2026/01/30 20:05:50 570] [P0x000970d0] [T0x00097102] D/DataSender(line 867)           :parsed data as ack, s2ack_time=26ms, info:
streamId=audio-4
frameId=100
retCode=0

[2026/01/30 20:05:50 724] [P0x000970d0] [T0x00097114] D/DataSender(line 705)           :send packet, ret=300, need_resend=0, send_cnt=1, sessionNo=1, info:
streamId=audio-4
frameId=101
sid=cid0001bee1@dx19c0ecb47b4c010004
dataType=1
dataStatus=1
dataLen=214

[2026/01/30 20:05:50 724] [P0x000970d0] [T0x00097114] D/DataSender(line 705)           :send packet, ret=300, need_resend=0, send_cnt=1, sessionNo=1, info:
streamId=audio-4
frameId=102
sid=cid0001bee1@dx19c0ecb47b4c010004
dataType=1
dataStatus=1
dataLen=214

[2026/01/30 20:05:50 724] [P0x000970d0] [T0x00097114] D/DataSender(line 705)           :send packet, ret=300, need_resend=0, send_cnt=1, sessionNo=1, info:
streamId=audio-4
frameId=103
sid=cid0001bee1@dx19c0ecb47b4c010004
dataType=1
dataStatus=1
dataLen=214

[2026/01/30 20:05:50 751] [P0x000970d0] [T0x00097196] D/WSConnection(line 603)         :receive data completely, dataLen=70
[2026/01/30 20:05:50 751] [P0x000970d0] [T0x00097196] D/WSConnection(line 603)         :receive data completely, dataLen=70
[2026/01/30 20:05:50 751] [P0x000970d0] [T0x00097102] D/DataSender(line 867)           :parsed data as ack, s2ack_time=27ms, info:
streamId=audio-4
frameId=101
retCode=0

[2026/01/30 20:05:50 751] [P0x000970d0] [T0x00097102] D/DataSender(line 867)           :parsed data as ack, s2ack_time=27ms, info:
streamId=audio-4
frameId=102
retCode=0

[2026/01/30 20:05:50 751] [P0x000970d0] [T0x00097196] D/WSConnection(line 603)         :receive data completely, dataLen=70
[2026/01/30 20:05:50 752] [P0x000970d0] [T0x00097102] D/DataSender(line 867)           :parsed data as ack, s2ack_time=27ms, info:
streamId=audio-4
frameId=103
retCode=0

[2026/01/30 20:05:50 903] [P0x000970d0] [T0x00097114] D/DataSender(line 705)           :send packet, ret=300, need_resend=0, send_cnt=1, sessionNo=1, info:
streamId=audio-4
frameId=104
sid=cid0001bee1@dx19c0ecb47b4c010004
dataType=1
dataStatus=1
dataLen=214

[2026/01/30 20:05:50 904] [P0x000970d0] [T0x00097114] D/DataSender(line 705)           :send packet, ret=300, need_resend=0, send_cnt=1, sessionNo=1, info:
streamId=audio-4
frameId=105
sid=cid0001bee1@dx19c0ecb47b4c010004
dataType=1
dataStatus=1
dataLen=214

[2026/01/30 20:05:50 904] [P0x000970d0] [T0x00097114] D/DataSender(line 705)           :send packet, ret=300, need_resend=0, send_cnt=1, sessionNo=1, info:
streamId=audio-4
frameId=106
sid=cid0001bee1@dx19c0ecb47b4c010004
dataType=1
dataStatus=1
dataLen=214

[2026/01/30 20:05:50 904] [P0x000970d0] [T0x00097114] D/DataSender(line 705)           :send packet, ret=300, need_resend=0, send_cnt=1, sessionNo=1, info:
streamId=audio-4
frameId=107
sid=cid0001bee1@dx19c0ecb47b4c010004
dataType=1
dataStatus=1
dataLen=214

[2026/01/30 20:05:50 930] [P0x000970d0] [T0x00097196] D/WSConnection(line 603)         :receive data completely, dataLen=70
[2026/01/30 20:05:50 931] [P0x000970d0] [T0x00097196] D/WSConnection(line 603)         :receive data completely, dataLen=70
[2026/01/30 20:05:50 931] [P0x000970d0] [T0x00097102] D/DataSender(line 867)           :parsed data as ack, s2ack_time=28ms, info:
streamId=audio-4
frameId=104
retCode=0

[2026/01/30 20:05:50 931] [P0x000970d0] [T0x00097102] D/DataSender(line 867)           :parsed data as ack, s2ack_time=27ms, info:
streamId=audio-4
frameId=105
retCode=0

[2026/01/30 20:05:50 932] [P0x000970d0] [T0x00097196] D/WSConnection(line 603)         :receive data completely, dataLen=70
[2026/01/30 20:05:50 932] [P0x000970d0] [T0x00097196] D/WSConnection(line 603)         :receive data completely, dataLen=70
[2026/01/30 20:05:50 932] [P0x000970d0] [T0x00097102] D/DataSender(line 867)           :parsed data as ack, s2ack_time=28ms, info:
streamId=audio-4
frameId=106
retCode=0

[2026/01/30 20:05:50 932] [P0x000970d0] [T0x00097102] D/DataSender(line 867)           :parsed data as ack, s2ack_time=28ms, info:
streamId=audio-4
frameId=107
retCode=0

[2026/01/30 20:05:50 943] [P0x000970d0] [T0x00097114] D/DataSender(line 705)           :send packet, ret=300, need_resend=0, send_cnt=1, sessionNo=1, info:
streamId=audio-4
frameId=108
sid=cid0001bee1@dx19c0ecb47b4c010004
dataType=1
dataStatus=1
dataLen=214

[2026/01/30 20:05:50 944] [P0x000970d0] [T0x00097114] D/DataSender(line 705)           :send packet, ret=300, need_resend=0, send_cnt=1, sessionNo=1, info:
streamId=audio-4
frameId=109
sid=cid0001bee1@dx19c0ecb47b4c010004
dataType=1
dataStatus=1
dataLen=214

[2026/01/30 20:05:50 944] [P0x000970d0] [T0x00097114] D/DataSender(line 705)           :send packet, ret=300, need_resend=0, send_cnt=1, sessionNo=1, info:
streamId=audio-4
frameId=110
sid=cid0001bee1@dx19c0ecb47b4c010004
dataType=1
dataStatus=1
dataLen=214

[2026/01/30 20:05:50 971] [P0x000970d0] [T0x00097196] D/WSConnection(line 603)         :receive data completely, dataLen=70
[2026/01/30 20:05:50 972] [P0x000970d0] [T0x00097196] D/WSConnection(line 603)         :receive data completely, dataLen=70
[2026/01/30 20:05:50 972] [P0x000970d0] [T0x00097102] D/DataSender(line 867)           :parsed data as ack, s2ack_time=29ms, info:
streamId=audio-4
frameId=108
retCode=0

[2026/01/30 20:05:50 972] [P0x000970d0] [T0x00097102] D/DataSender(line 867)           :parsed data as ack, s2ack_time=28ms, info:
streamId=audio-4
frameId=109
retCode=0

[2026/01/30 20:05:50 972] [P0x000970d0] [T0x00097196] D/WSConnection(line 603)         :receive data completely, dataLen=70
[2026/01/30 20:05:50 972] [P0x000970d0] [T0x00097102] D/DataSender(line 867)           :parsed data as ack, s2ack_time=28ms, info:
streamId=audio-4
frameId=110
retCode=0

[2026/01/30 20:05:51 068] [P0x000970d4] [T0x000971a0] D/WSConnection(line 566)         :receive timeout, try again
[2026/01/30 20:05:51 101] [P0x000970d0] [T0x00097114] D/DataSender(line 705)           :send packet, ret=300, need_resend=0, send_cnt=1, sessionNo=1, info:
streamId=audio-4
frameId=111
sid=cid0001bee1@dx19c0ecb47b4c010004
dataType=1
dataStatus=1
dataLen=214

[2026/01/30 20:05:51 101] [P0x000970d0] [T0x00097114] D/DataSender(line 705)           :send packet, ret=300, need_resend=0, send_cnt=1, sessionNo=1, info:
streamId=audio-4
frameId=112
sid=cid0001bee1@dx19c0ecb47b4c010004
dataType=1
dataStatus=1
dataLen=214

[2026/01/30 20:05:51 102] [P0x000970d0] [T0x00097114] D/DataSender(line 705)           :send packet, ret=300, need_resend=0, send_cnt=1, sessionNo=1, info:
streamId=audio-4
frameId=113
sid=cid0001bee1@dx19c0ecb47b4c010004
dataType=1
dataStatus=1
dataLen=214

[2026/01/30 20:05:51 128] [P0x000970d0] [T0x00097196] D/WSConnection(line 603)         :receive data completely, dataLen=70
[2026/01/30 20:05:51 128] [P0x000970d0] [T0x00097196] D/WSConnection(line 603)         :receive data completely, dataLen=70
[2026/01/30 20:05:51 129] [P0x000970d0] [T0x00097102] D/DataSender(line 867)           :parsed data as ack, s2ack_time=27ms, info:
streamId=audio-4
frameId=111
retCode=0

[2026/01/30 20:05:51 129] [P0x000970d0] [T0x00097102] D/DataSender(line 867)           :parsed data as ack, s2ack_time=28ms, info:
streamId=audio-4
frameId=112
retCode=0

[2026/01/30 20:05:51 129] [P0x000970d0] [T0x00097196] D/WSConnection(line 603)         :receive data completely, dataLen=70
[2026/01/30 20:05:51 129] [P0x000970d0] [T0x00097102] D/DataSender(line 867)           :parsed data as ack, s2ack_time=27ms, info:
streamId=audio-4
frameId=113
retCode=0

[2026/01/30 20:05:51 282] [P0x000970d0] [T0x00097114] D/DataSender(line 705)           :send packet, ret=300, need_resend=0, send_cnt=1, sessionNo=1, info:
streamId=audio-4
frameId=114
sid=cid0001bee1@dx19c0ecb47b4c010004
dataType=1
dataStatus=1
dataLen=214

[2026/01/30 20:05:51 282] [P0x000970d0] [T0x00097114] D/DataSender(line 705)           :send packet, ret=300, need_resend=0, send_cnt=1, sessionNo=1, info:
streamId=audio-4
frameId=115
sid=cid0001bee1@dx19c0ecb47b4c010004
dataType=1
dataStatus=1
dataLen=214

[2026/01/30 20:05:51 282] [P0x000970d0] [T0x00097114] D/DataSender(line 705)           :send packet, ret=300, need_resend=0, send_cnt=1, sessionNo=1, info:
streamId=audio-4
frameId=116
sid=cid0001bee1@dx19c0ecb47b4c010004
dataType=1
dataStatus=1
dataLen=214

[2026/01/30 20:05:51 309] [P0x000970d0] [T0x00097196] D/WSConnection(line 603)         :receive data completely, dataLen=70
[2026/01/30 20:05:51 309] [P0x000970d0] [T0x00097196] D/WSConnection(line 603)         :receive data completely, dataLen=70
[2026/01/30 20:05:51 309] [P0x000970d0] [T0x00097102] D/DataSender(line 867)           :parsed data as ack, s2ack_time=27ms, info:
streamId=audio-4
frameId=114
retCode=0

[2026/01/30 20:05:51 309] [P0x000970d0] [T0x00097102] D/DataSender(line 867)           :parsed data as ack, s2ack_time=27ms, info:
streamId=audio-4
frameId=115
retCode=0

[2026/01/30 20:05:51 309] [P0x000970d0] [T0x00097196] D/WSConnection(line 603)         :receive data completely, dataLen=70
[2026/01/30 20:05:51 309] [P0x000970d0] [T0x00097102] D/DataSender(line 867)           :parsed data as ack, s2ack_time=27ms, info:
streamId=audio-4
frameId=116
retCode=0

[2026/01/30 20:05:51 322] [P0x000970d0] [T0x00097114] D/DataSender(line 705)           :send packet, ret=300, need_resend=0, send_cnt=1, sessionNo=1, info:
streamId=audio-4
frameId=117
sid=cid0001bee1@dx19c0ecb47b4c010004
dataType=1
dataStatus=1
dataLen=214

[2026/01/30 20:05:51 322] [P0x000970d0] [T0x00097114] D/DataSender(line 705)           :send packet, ret=300, need_resend=0, send_cnt=1, sessionNo=1, info:
streamId=audio-4
frameId=118
sid=cid0001bee1@dx19c0ecb47b4c010004
dataType=1
dataStatus=1
dataLen=214

[2026/01/30 20:05:51 322] [P0x000970d0] [T0x00097114] D/DataSender(line 705)           :send packet, ret=300, need_resend=0, send_cnt=1, sessionNo=1, info:
streamId=audio-4
frameId=119
sid=cid0001bee1@dx19c0ecb47b4c010004
dataType=1
dataStatus=1
dataLen=214

[2026/01/30 20:05:51 349] [P0x000970d0] [T0x00097196] D/WSConnection(line 603)         :receive data completely, dataLen=70
[2026/01/30 20:05:51 349] [P0x000970d0] [T0x00097196] D/WSConnection(line 603)         :receive data completely, dataLen=70
[2026/01/30 20:05:51 349] [P0x000970d0] [T0x00097102] D/DataSender(line 867)           :parsed data as ack, s2ack_time=27ms, info:
streamId=audio-4
frameId=117
retCode=0

[2026/01/30 20:05:51 349] [P0x000970d0] [T0x00097102] D/DataSender(line 867)           :parsed data as ack, s2ack_time=27ms, info:
streamId=audio-4
frameId=118
retCode=0

[2026/01/30 20:05:51 349] [P0x000970d0] [T0x00097196] D/WSConnection(line 603)         :receive data completely, dataLen=70
[2026/01/30 20:05:51 349] [P0x000970d0] [T0x00097102] D/DataSender(line 867)           :parsed data as ack, s2ack_time=27ms, info:
streamId=audio-4
frameId=119
retCode=0

[2026/01/30 20:05:51 501] [P0x000970d0] [T0x00097114] D/DataSender(line 705)           :send packet, ret=300, need_resend=0, send_cnt=1, sessionNo=1, info:
streamId=audio-4
frameId=120
sid=cid0001bee1@dx19c0ecb47b4c010004
dataType=1
dataStatus=1
dataLen=214

[2026/01/30 20:05:51 501] [P0x000970d0] [T0x00097114] D/DataSender(line 705)           :send packet, ret=300, need_resend=0, send_cnt=1, sessionNo=1, info:
streamId=audio-4
frameId=121
sid=cid0001bee1@dx19c0ecb47b4c010004
dataType=1
dataStatus=1
dataLen=214

[2026/01/30 20:05:51 502] [P0x000970d0] [T0x00097114] D/DataSender(line 705)           :send packet, ret=300, need_resend=0, send_cnt=1, sessionNo=1, info:
streamId=audio-4
frameId=122
sid=cid0001bee1@dx19c0ecb47b4c010004
dataType=1
dataStatus=1
dataLen=214

[2026/01/30 20:05:51 502] [P0x000970d0] [T0x00097114] D/DataSender(line 705)           :send packet, ret=300, need_resend=0, send_cnt=1, sessionNo=1, info:
streamId=audio-4
frameId=123
sid=cid0001bee1@dx19c0ecb47b4c010004
dataType=1
dataStatus=1
dataLen=214

[2026/01/30 20:05:51 528] [P0x000970d0] [T0x00097196] D/WSConnection(line 603)         :receive data completely, dataLen=70
[2026/01/30 20:05:51 528] [P0x000970d0] [T0x00097196] D/WSConnection(line 603)         :receive data completely, dataLen=70
[2026/01/30 20:05:51 528] [P0x000970d0] [T0x00097102] D/DataSender(line 867)           :parsed data as ack, s2ack_time=27ms, info:
streamId=audio-4
frameId=120
retCode=0

[2026/01/30 20:05:51 528] [P0x000970d0] [T0x00097102] D/DataSender(line 867)           :parsed data as ack, s2ack_time=27ms, info:
streamId=audio-4
frameId=121
retCode=0

[2026/01/30 20:05:51 528] [P0x000970d0] [T0x00097196] D/WSConnection(line 603)         :receive data completely, dataLen=70
[2026/01/30 20:05:51 528] [P0x000970d0] [T0x00097196] D/WSConnection(line 603)         :receive data completely, dataLen=70
[2026/01/30 20:05:51 528] [P0x000970d0] [T0x00097102] D/DataSender(line 867)           :parsed data as ack, s2ack_time=26ms, info:
streamId=audio-4
frameId=122
retCode=0

[2026/01/30 20:05:51 528] [P0x000970d0] [T0x00097102] D/DataSender(line 867)           :parsed data as ack, s2ack_time=26ms, info:
streamId=audio-4
frameId=123
retCode=0

[2026/01/30 20:05:51 682] [P0x000970d0] [T0x00097114] D/DataSender(line 705)           :send packet, ret=300, need_resend=0, send_cnt=1, sessionNo=1, info:
streamId=audio-4
frameId=124
sid=cid0001bee1@dx19c0ecb47b4c010004
dataType=1
dataStatus=1
dataLen=214

[2026/01/30 20:05:51 682] [P0x000970d0] [T0x00097114] D/DataSender(line 705)           :send packet, ret=300, need_resend=0, send_cnt=1, sessionNo=1, info:
streamId=audio-4
frameId=125
sid=cid0001bee1@dx19c0ecb47b4c010004
dataType=1
dataStatus=1
dataLen=214

[2026/01/30 20:05:51 682] [P0x000970d0] [T0x00097114] D/DataSender(line 705)           :send packet, ret=300, need_resend=0, send_cnt=1, sessionNo=1, info:
streamId=audio-4
frameId=126
sid=cid0001bee1@dx19c0ecb47b4c010004
dataType=1
dataStatus=1
dataLen=214

[2026/01/30 20:05:51 709] [P0x000970d0] [T0x00097196] D/WSConnection(line 603)         :receive data completely, dataLen=70
[2026/01/30 20:05:51 709] [P0x000970d0] [T0x00097102] D/DataSender(line 867)           :parsed data as ack, s2ack_time=27ms, info:
streamId=audio-4
frameId=124
retCode=0

[2026/01/30 20:05:51 709] [P0x000970d0] [T0x00097196] D/WSConnection(line 603)         :receive data completely, dataLen=70
[2026/01/30 20:05:51 709] [P0x000970d0] [T0x00097102] D/DataSender(line 867)           :parsed data as ack, s2ack_time=27ms, info:
streamId=audio-4
frameId=125
retCode=0

[2026/01/30 20:05:51 709] [P0x000970d0] [T0x00097196] D/WSConnection(line 603)         :receive data completely, dataLen=70
[2026/01/30 20:05:51 709] [P0x000970d0] [T0x00097102] D/DataSender(line 867)           :parsed data as ack, s2ack_time=27ms, info:
streamId=audio-4
frameId=126
retCode=0

[2026/01/30 20:05:51 722] [P0x000970d0] [T0x00097114] D/DataSender(line 705)           :send packet, ret=300, need_resend=0, send_cnt=1, sessionNo=1, info:
streamId=audio-4
frameId=127
sid=cid0001bee1@dx19c0ecb47b4c010004
dataType=1
dataStatus=1
dataLen=214

[2026/01/30 20:05:51 722] [P0x000970d0] [T0x00097114] D/DataSender(line 705)           :send packet, ret=302, need_resend=0, send_cnt=1, sessionNo=1, info:
streamId=audio-4
frameId=128
sid=cid0001bee1@dx19c0ecb47b4c010004
dataType=1
dataStatus=1
dataLen=214

[2026/01/30 20:05:51 722] [P0x000970d0] [T0x00097114] D/DataSender(line 705)           :send packet, ret=303, need_resend=0, send_cnt=1, sessionNo=1, info:
streamId=audio-4
frameId=129
sid=cid0001bee1@dx19c0ecb47b4c010004
dataType=1
dataStatus=1
dataLen=214

[2026/01/30 20:05:51 749] [P0x000970d0] [T0x00097196] D/WSConnection(line 603)         :receive data completely, dataLen=70
[2026/01/30 20:05:51 749] [P0x000970d0] [T0x00097196] D/WSConnection(line 603)         :receive data completely, dataLen=71
[2026/01/30 20:05:51 749] [P0x000970d0] [T0x00097102] D/DataSender(line 867)           :parsed data as ack, s2ack_time=27ms, info:
streamId=audio-4
frameId=127
retCode=0

[2026/01/30 20:05:51 749] [P0x000970d0] [T0x00097102] D/DataSender(line 867)           :parsed data as ack, s2ack_time=27ms, info:
streamId=audio-4
frameId=128
retCode=0

[2026/01/30 20:05:51 749] [P0x000970d0] [T0x00097196] D/WSConnection(line 603)         :receive data completely, dataLen=72
[2026/01/30 20:05:51 749] [P0x000970d0] [T0x00097102] D/DataSender(line 867)           :parsed data as ack, s2ack_time=27ms, info:
streamId=audio-4
frameId=129
retCode=0

[2026/01/30 20:05:51 901] [P0x000970d0] [T0x00097116] I/VadUnit(line 714)              :vad_eos found, confidence=0.765004.
[2026/01/30 20:05:51 901] [P0x000970d0] [T0x00097114] D/DataSender(line 705)           :send packet, ret=303, need_resend=0, send_cnt=1, sessionNo=1, info:
streamId=audio-4
frameId=130
sid=cid0001bee1@dx19c0ecb47b4c010004
dataType=1
dataStatus=1
dataLen=214

[2026/01/30 20:05:51 901] [P0x000970d0] [T0x00097117] D/DataSender(line 524)           :set result timeout 5000ms for stream audio-4, taskId=1339.
[2026/01/30 20:05:51 901] [P0x000970d0] [T0x00097114] D/DataSender(line 705)           :send packet, ret=303, need_resend=0, send_cnt=1, sessionNo=1, info:
streamId=audio-4
frameId=131
sid=cid0001bee1@dx19c0ecb47b4c010004
dataType=1
dataStatus=2
dataLen=214

[2026/01/30 20:05:51 929] [P0x000970d0] [T0x00097196] D/WSConnection(line 603)         :receive data completely, dataLen=72
[2026/01/30 20:05:51 929] [P0x000970d0] [T0x00097102] D/DataSender(line 867)           :parsed data as ack, s2ack_time=28ms, info:
streamId=audio-4
frameId=130
retCode=0

[2026/01/30 20:05:51 929] [P0x000970d0] [T0x00097196] D/WSConnection(line 603)         :receive data completely, dataLen=72
[2026/01/30 20:05:51 929] [P0x000970d0] [T0x00097102] D/DataSender(line 867)           :parsed data as ack, s2ack_time=28ms, info:
streamId=audio-4
frameId=131
retCode=0

[2026/01/30 20:05:52 090] [P0x000970d0] [T0x00097196] D/WSConnection(line 603)         :receive data completely, dataLen=330
[2026/01/30 20:05:52 090] [P0x000970d0] [T0x00097196] D/DataSender(line 1466)          :parsed data as result, stmid=audio-4, sid=cid0001bee1@dx19c0ecb47b4c010004, retCode=0, params:
{"data":[{"content":[{"cnt_id":"0","dte":"utf8","dtf":"json"}],"params":{"accent":"mandarin","cmd":"[{\"service\":\"iat\",\"next\":\"end\"}]","frstid":"1","language":"zh-cn","lrst":"1","rss":"2","rstid":1,"sub":"iat"}}]}

[2026/01/30 20:05:52 090] [P0x000970d0] [T0x00097113] D/ResultScheduler(line 313)      :sub=iat, result={"text":{"bg":0,"ed":0,"ls":true,"sn":1,"ws":[{"bg":0,"cw":[{"sc":0,"w":""}]}]}}
[2026/01/30 20:05:52 090] [P0x000970d0] [T0x00097113] D/ResultScheduler(line 456)      :stat size=4
[2026/01/30 20:05:52 090] [P0x000970d0] [T0x00097113] D/ResultScheduler(line 457)      :rstMap size=0
[2026/01/30 20:05:52 090] [P0x000970d0] [T0x00097113] D/ResultScheduler(line 458)      :sid=cid0001bee1@dx19c0ecb47b4c010004
[2026/01/30 20:05:52 090] [P0x000970d0] [T0x00097113] D/ResultScheduler(line 459)      :streamId=audio-4
[2026/01/30 20:05:52 090] [P0x000970d0] [T0x00097113] D/ResultScheduler(line 460)      :bizParam={"data":[{"content":[{"cnt_id":"0","dte":"utf8","dtf":"json"}],"params":{"accent":"mandarin","cmd":"[{\"service\":\"iat\",\"next\":\"end\"}]","frstid":"1","language":"zh-cn","lrst":"1","rss":"2","rstid":1,"sub":"iat"}}]}
[2026/01/30 20:05:52 090] [P0x000970d0] [T0x00097102] D/DataSender(line 1047)          :stream audio-4 received result, reset the continued timeout count.
[2026/01/30 20:05:52 281] [P0x000970d0] [T0x00097116] I/VadUnit(line 653)              :write audio before bos, length=19200.
[2026/01/30 20:05:52 281] [P0x000970d0] [T0x00097116] I/VadUnit(line 665)              :vad_bos found, stmid=audio-5.
[2026/01/30 20:05:52 282] [P0x000970d0] [T0x00097114] D/DataSender(line 705)           :send packet, ret=1029, need_resend=0, send_cnt=1, sessionNo=1, info:
streamId=audio-5
frameId=1
sid=cid0001bee1@dx19c0ecb47b51010005
dataType=1
dataStatus=0
dataLen=214
args={"cnt_id":"0","dte":"speex-wb;10","dtf":"audio/L16;rate=16000","frame_size":"1280"}
params={"appid":"ad184cbf","context":{"sdk_support":["tts","iat","nlp"]},"dev_lang":"cpp","dsrc":"sdk","dtype":"audio","interact_mode":"continuous","os_sys":"Linux","prot_type":"pb","sample_rate":"16000","scene":"main_box","sdk_ver":"6.6.0001.0041","sn":"bc:fc:e7:cc:1d:1a","stmid":"audio-5","ver_type":"desktop_pc","wake_id":"176977472901646396e5f04ea14bce1a1d82d"}
userParams=

[2026/01/30 20:05:52 282] [P0x000970d0] [T0x00097114] D/DataSender(line 705)           :send packet, ret=300, need_resend=0, send_cnt=1, sessionNo=1, info:
streamId=audio-5
frameId=2
sid=cid0001bee1@dx19c0ecb47b51010005
dataType=1
dataStatus=1
dataLen=214

[2026/01/30 20:05:52 283] [P0x000970d0] [T0x00097114] D/DataSender(line 705)           :send packet, ret=300, need_resend=0, send_cnt=1, sessionNo=1, info:
streamId=audio-5
frameId=3
sid=cid0001bee1@dx19c0ecb47b51010005
dataType=1
dataStatus=1
dataLen=214

[2026/01/30 20:05:52 283] [P0x000970d0] [T0x00097114] D/DataSender(line 705)           :send packet, ret=300, need_resend=0, send_cnt=1, sessionNo=1, info:
streamId=audio-5
frameId=4
sid=cid0001bee1@dx19c0ecb47b51010005
dataType=1
dataStatus=1
dataLen=214

[2026/01/30 20:05:52 283] [P0x000970d0] [T0x00097114] D/DataSender(line 705)           :send packet, ret=300, need_resend=0, send_cnt=1, sessionNo=1, info:
streamId=audio-5
frameId=5
sid=cid0001bee1@dx19c0ecb47b51010005
dataType=1
dataStatus=1
dataLen=214

[2026/01/30 20:05:52 284] [P0x000970d0] [T0x00097114] D/DataSender(line 705)           :send packet, ret=300, need_resend=0, send_cnt=1, sessionNo=1, info:
streamId=audio-5
frameId=6
sid=cid0001bee1@dx19c0ecb47b51010005
dataType=1
dataStatus=1
dataLen=214

[2026/01/30 20:05:52 284] [P0x000970d0] [T0x00097114] D/DataSender(line 705)           :send packet, ret=300, need_resend=0, send_cnt=1, sessionNo=1, info:
streamId=audio-5
frameId=7
sid=cid0001bee1@dx19c0ecb47b51010005
dataType=1
dataStatus=1
dataLen=214

[2026/01/30 20:05:52 284] [P0x000970d0] [T0x00097114] D/DataSender(line 705)           :send packet, ret=300, need_resend=0, send_cnt=1, sessionNo=1, info:
streamId=audio-5
frameId=8
sid=cid0001bee1@dx19c0ecb47b51010005
dataType=1
dataStatus=1
dataLen=214

[2026/01/30 20:05:52 285] [P0x000970d0] [T0x00097114] D/DataSender(line 705)           :send packet, ret=300, need_resend=0, send_cnt=1, sessionNo=1, info:
streamId=audio-5
frameId=9
sid=cid0001bee1@dx19c0ecb47b51010005
dataType=1
dataStatus=1
dataLen=214

[2026/01/30 20:05:52 285] [P0x000970d0] [T0x00097114] D/DataSender(line 705)           :send packet, ret=300, need_resend=0, send_cnt=1, sessionNo=1, info:
streamId=audio-5
frameId=10
sid=cid0001bee1@dx19c0ecb47b51010005
dataType=1
dataStatus=1
dataLen=214

[2026/01/30 20:05:52 285] [P0x000970d0] [T0x00097114] D/DataSender(line 705)           :send packet, ret=300, need_resend=0, send_cnt=1, sessionNo=1, info:
streamId=audio-5
frameId=11
sid=cid0001bee1@dx19c0ecb47b51010005
dataType=1
dataStatus=1
dataLen=214

[2026/01/30 20:05:52 286] [P0x000970d0] [T0x00097114] D/DataSender(line 705)           :send packet, ret=300, need_resend=0, send_cnt=1, sessionNo=1, info:
streamId=audio-5
frameId=12
sid=cid0001bee1@dx19c0ecb47b51010005
dataType=1
dataStatus=1
dataLen=214

[2026/01/30 20:05:52 286] [P0x000970d0] [T0x00097114] D/DataSender(line 705)           :send packet, ret=300, need_resend=0, send_cnt=1, sessionNo=1, info:
streamId=audio-5
frameId=13
sid=cid0001bee1@dx19c0ecb47b51010005
dataType=1
dataStatus=1
dataLen=214

[2026/01/30 20:05:52 286] [P0x000970d0] [T0x00097114] D/DataSender(line 705)           :send packet, ret=300, need_resend=0, send_cnt=1, sessionNo=1, info:
streamId=audio-5
frameId=14
sid=cid0001bee1@dx19c0ecb47b51010005
dataType=1
dataStatus=1
dataLen=214

[2026/01/30 20:05:52 287] [P0x000970d0] [T0x00097114] D/DataSender(line 705)           :send packet, ret=300, need_resend=0, send_cnt=1, sessionNo=1, info:
streamId=audio-5
frameId=15
sid=cid0001bee1@dx19c0ecb47b51010005
dataType=1
dataStatus=1
dataLen=214

[2026/01/30 20:05:52 287] [P0x000970d0] [T0x00097114] D/DataSender(line 705)           :send packet, ret=300, need_resend=0, send_cnt=1, sessionNo=1, info:
streamId=audio-5
frameId=16
sid=cid0001bee1@dx19c0ecb47b51010005
dataType=1
dataStatus=1
dataLen=214

[2026/01/30 20:05:52 287] [P0x000970d0] [T0x00097114] D/DataSender(line 705)           :send packet, ret=300, need_resend=0, send_cnt=1, sessionNo=1, info:
streamId=audio-5
frameId=17
sid=cid0001bee1@dx19c0ecb47b51010005
dataType=1
dataStatus=1
dataLen=214

[2026/01/30 20:05:52 311] [P0x000970d0] [T0x00097196] D/WSConnection(line 603)         :receive data completely, dataLen=66
[2026/01/30 20:05:52 311] [P0x000970d0] [T0x00097102] D/DataSender(line 867)           :parsed data as ack, s2ack_time=29ms, info:
streamId=audio-5
frameId=1
retCode=0

[2026/01/30 20:05:52 311] [P0x000970d0] [T0x00097196] D/WSConnection(line 603)         :receive data completely, dataLen=68
[2026/01/30 20:05:52 311] [P0x000970d0] [T0x00097196] D/WSConnection(line 603)         :receive data completely, dataLen=68
[2026/01/30 20:05:52 311] [P0x000970d0] [T0x00097196] D/WSConnection(line 603)         :receive data completely, dataLen=68
[2026/01/30 20:05:52 311] [P0x000970d0] [T0x00097102] D/DataSender(line 867)           :parsed data as ack, s2ack_time=29ms, info:
streamId=audio-5
frameId=2
retCode=0

[2026/01/30 20:05:52 311] [P0x000970d0] [T0x00097196] D/WSConnection(line 603)         :receive data completely, dataLen=68
[2026/01/30 20:05:52 311] [P0x000970d0] [T0x00097102] D/DataSender(line 867)           :parsed data as ack, s2ack_time=28ms, info:
streamId=audio-5
frameId=3
retCode=0

[2026/01/30 20:05:52 311] [P0x000970d0] [T0x00097196] D/WSConnection(line 603)         :receive data completely, dataLen=68
[2026/01/30 20:05:52 311] [P0x000970d0] [T0x00097102] D/DataSender(line 867)           :parsed data as ack, s2ack_time=28ms, info:
streamId=audio-5
frameId=4
retCode=0

[2026/01/30 20:05:52 311] [P0x000970d0] [T0x00097196] D/WSConnection(line 603)         :receive data completely, dataLen=68
[2026/01/30 20:05:52 311] [P0x000970d0] [T0x00097102] D/DataSender(line 867)           :parsed data as ack, s2ack_time=28ms, info:
streamId=audio-5
frameId=5
retCode=0

[2026/01/30 20:05:52 311] [P0x000970d0] [T0x00097102] D/DataSender(line 867)           :parsed data as ack, s2ack_time=27ms, info:
streamId=audio-5
frameId=6
retCode=0

[2026/01/30 20:05:52 311] [P0x000970d0] [T0x00097196] D/WSConnection(line 603)         :receive data completely, dataLen=68
[2026/01/30 20:05:52 311] [P0x000970d0] [T0x00097102] D/DataSender(line 867)           :parsed data as ack, s2ack_time=27ms, info:
streamId=audio-5
frameId=7
retCode=0

[2026/01/30 20:05:52 312] [P0x000970d0] [T0x00097102] D/DataSender(line 867)           :parsed data as ack, s2ack_time=27ms, info:
streamId=audio-5
frameId=8
retCode=0

[2026/01/30 20:05:52 312] [P0x000970d0] [T0x00097196] D/WSConnection(line 603)         :receive data completely, dataLen=68
[2026/01/30 20:05:52 312] [P0x000970d0] [T0x00097102] D/DataSender(line 867)           :parsed data as ack, s2ack_time=27ms, info:
streamId=audio-5
frameId=9
retCode=0

[2026/01/30 20:05:52 312] [P0x000970d0] [T0x00097196] D/WSConnection(line 603)         :receive data completely, dataLen=69
[2026/01/30 20:05:52 312] [P0x000970d0] [T0x00097102] D/DataSender(line 867)           :parsed data as ack, s2ack_time=27ms, info:
streamId=audio-5
frameId=10
retCode=0

[2026/01/30 20:05:52 312] [P0x000970d0] [T0x00097196] D/WSConnection(line 603)         :receive data completely, dataLen=69
[2026/01/30 20:05:52 312] [P0x000970d0] [T0x00097102] D/DataSender(line 867)           :parsed data as ack, s2ack_time=27ms, info:
streamId=audio-5
frameId=11
retCode=0

[2026/01/30 20:05:52 312] [P0x000970d0] [T0x00097196] D/WSConnection(line 603)         :receive data completely, dataLen=69
[2026/01/30 20:05:52 312] [P0x000970d0] [T0x00097102] D/DataSender(line 867)           :parsed data as ack, s2ack_time=26ms, info:
streamId=audio-5
frameId=12
retCode=0

[2026/01/30 20:05:52 313] [P0x000970d0] [T0x00097196] D/WSConnection(line 603)         :receive data completely, dataLen=69
[2026/01/30 20:05:52 313] [P0x000970d0] [T0x00097102] D/DataSender(line 867)           :parsed data as ack, s2ack_time=27ms, info:
streamId=audio-5
frameId=13
retCode=0

[2026/01/30 20:05:52 313] [P0x000970d0] [T0x00097196] D/WSConnection(line 603)         :receive data completely, dataLen=69
[2026/01/30 20:05:52 313] [P0x000970d0] [T0x00097196] D/WSConnection(line 603)         :receive data completely, dataLen=69
[2026/01/30 20:05:52 313] [P0x000970d0] [T0x00097102] D/DataSender(line 867)           :parsed data as ack, s2ack_time=27ms, info:
streamId=audio-5
frameId=14
retCode=0

[2026/01/30 20:05:52 313] [P0x000970d0] [T0x00097102] D/DataSender(line 867)           :parsed data as ack, s2ack_time=26ms, info:
streamId=audio-5
frameId=15
retCode=0

[2026/01/30 20:05:52 314] [P0x000970d0] [T0x00097196] D/WSConnection(line 603)         :receive data completely, dataLen=69
[2026/01/30 20:05:52 314] [P0x000970d0] [T0x00097102] D/DataSender(line 867)           :parsed data as ack, s2ack_time=27ms, info:
streamId=audio-5
frameId=16
retCode=0

[2026/01/30 20:05:52 315] [P0x000970d0] [T0x00097196] D/WSConnection(line 603)         :receive data completely, dataLen=69
[2026/01/30 20:05:52 315] [P0x000970d0] [T0x00097102] D/DataSender(line 867)           :parsed data as ack, s2ack_time=28ms, info:
streamId=audio-5
frameId=17
retCode=0

[2026/01/30 20:05:52 442] [P0x000970d0] [T0x00097114] D/DataSender(line 705)           :send packet, ret=300, need_resend=0, send_cnt=1, sessionNo=1, info:
streamId=audio-5
frameId=18
sid=cid0001bee1@dx19c0ecb47b51010005
dataType=1
dataStatus=1
dataLen=214

[2026/01/30 20:05:52 442] [P0x000970d0] [T0x00097114] D/DataSender(line 705)           :send packet, ret=300, need_resend=0, send_cnt=1, sessionNo=1, info:
streamId=audio-5
frameId=19
sid=cid0001bee1@dx19c0ecb47b51010005
dataType=1
dataStatus=1
dataLen=214

[2026/01/30 20:05:52 442] [P0x000970d0] [T0x00097114] D/DataSender(line 705)           :send packet, ret=300, need_resend=0, send_cnt=1, sessionNo=1, info:
streamId=audio-5
frameId=20
sid=cid0001bee1@dx19c0ecb47b51010005
dataType=1
dataStatus=1
dataLen=214

[2026/01/30 20:05:52 470] [P0x000970d0] [T0x00097196] D/WSConnection(line 603)         :receive data completely, dataLen=69
[2026/01/30 20:05:52 470] [P0x000970d0] [T0x00097196] D/WSConnection(line 603)         :receive data completely, dataLen=69
[2026/01/30 20:05:52 470] [P0x000970d0] [T0x00097102] D/DataSender(line 867)           :parsed data as ack, s2ack_time=28ms, info:
streamId=audio-5
frameId=18
retCode=0

[2026/01/30 20:05:52 470] [P0x000970d0] [T0x00097196] D/WSConnection(line 603)         :receive data completely, dataLen=69
[2026/01/30 20:05:52 470] [P0x000970d0] [T0x00097102] D/DataSender(line 867)           :parsed data as ack, s2ack_time=28ms, info:
streamId=audio-5
frameId=19
retCode=0

[2026/01/30 20:05:52 470] [P0x000970d0] [T0x00097102] D/DataSender(line 867)           :parsed data as ack, s2ack_time=28ms, info:
streamId=audio-5
frameId=20
retCode=0

[2026/01/30 20:05:52 482] [P0x000970d0] [T0x00097114] D/DataSender(line 705)           :send packet, ret=300, need_resend=0, send_cnt=1, sessionNo=1, info:
streamId=audio-5
frameId=21
sid=cid0001bee1@dx19c0ecb47b51010005
dataType=1
dataStatus=1
dataLen=214

[2026/01/30 20:05:52 482] [P0x000970d0] [T0x00097114] D/DataSender(line 705)           :send packet, ret=300, need_resend=0, send_cnt=1, sessionNo=1, info:
streamId=audio-5
frameId=22
sid=cid0001bee1@dx19c0ecb47b51010005
dataType=1
dataStatus=1
dataLen=214

[2026/01/30 20:05:52 483] [P0x000970d0] [T0x00097114] D/DataSender(line 705)           :send packet, ret=300, need_resend=0, send_cnt=1, sessionNo=1, info:
streamId=audio-5
frameId=23
sid=cid0001bee1@dx19c0ecb47b51010005
dataType=1
dataStatus=1
dataLen=214

[2026/01/30 20:05:52 509] [P0x000970d0] [T0x00097196] D/WSConnection(line 603)         :receive data completely, dataLen=69
[2026/01/30 20:05:52 510] [P0x000970d0] [T0x00097196] D/WSConnection(line 603)         :receive data completely, dataLen=69
[2026/01/30 20:05:52 510] [P0x000970d0] [T0x00097196] D/WSConnection(line 603)         :receive data completely, dataLen=69
[2026/01/30 20:05:52 510] [P0x000970d0] [T0x00097102] D/DataSender(line 867)           :parsed data as ack, s2ack_time=28ms, info:
streamId=audio-5
frameId=21
retCode=0

[2026/01/30 20:05:52 510] [P0x000970d0] [T0x00097102] D/DataSender(line 867)           :parsed data as ack, s2ack_time=28ms, info:
streamId=audio-5
frameId=22
retCode=0

[2026/01/30 20:05:52 510] [P0x000970d0] [T0x00097102] D/DataSender(line 867)           :parsed data as ack, s2ack_time=27ms, info:
streamId=audio-5
frameId=23
retCode=0

[2026/01/30 20:05:52 642] [P0x000970d0] [T0x00097114] D/DataSender(line 705)           :send packet, ret=300, need_resend=0, send_cnt=1, sessionNo=1, info:
streamId=audio-5
frameId=24
sid=cid0001bee1@dx19c0ecb47b51010005
dataType=1
dataStatus=1
dataLen=214

[2026/01/30 20:05:52 642] [P0x000970d0] [T0x00097114] D/DataSender(line 705)           :send packet, ret=300, need_resend=0, send_cnt=1, sessionNo=1, info:
streamId=audio-5
frameId=25
sid=cid0001bee1@dx19c0ecb47b51010005
dataType=1
dataStatus=1
dataLen=214

[2026/01/30 20:05:52 643] [P0x000970d0] [T0x00097114] D/DataSender(line 705)           :send packet, ret=300, need_resend=0, send_cnt=1, sessionNo=1, info:
streamId=audio-5
frameId=26
sid=cid0001bee1@dx19c0ecb47b51010005
dataType=1
dataStatus=1
dataLen=214

[2026/01/30 20:05:52 669] [P0x000970d0] [T0x00097196] D/WSConnection(line 603)         :receive data completely, dataLen=69
[2026/01/30 20:05:52 669] [P0x000970d0] [T0x00097102] D/DataSender(line 867)           :parsed data as ack, s2ack_time=27ms, info:
streamId=audio-5
frameId=24
retCode=0

[2026/01/30 20:05:52 669] [P0x000970d0] [T0x00097196] D/WSConnection(line 603)         :receive data completely, dataLen=69
[2026/01/30 20:05:52 669] [P0x000970d0] [T0x00097196] D/WSConnection(line 603)         :receive data completely, dataLen=69
[2026/01/30 20:05:52 669] [P0x000970d0] [T0x00097102] D/DataSender(line 867)           :parsed data as ack, s2ack_time=27ms, info:
streamId=audio-5
frameId=25
retCode=0

[2026/01/30 20:05:52 669] [P0x000970d0] [T0x00097102] D/DataSender(line 867)           :parsed data as ack, s2ack_time=26ms, info:
streamId=audio-5
frameId=26
retCode=0

[2026/01/30 20:05:52 822] [P0x000970d0] [T0x00097114] D/DataSender(line 705)           :send packet, ret=300, need_resend=0, send_cnt=1, sessionNo=1, info:
streamId=audio-5
frameId=27
sid=cid0001bee1@dx19c0ecb47b51010005
dataType=1
dataStatus=1
dataLen=214

[2026/01/30 20:05:52 823] [P0x000970d0] [T0x00097114] D/DataSender(line 705)           :send packet, ret=300, need_resend=0, send_cnt=1, sessionNo=1, info:
streamId=audio-5
frameId=28
sid=cid0001bee1@dx19c0ecb47b51010005
dataType=1
dataStatus=1
dataLen=214

[2026/01/30 20:05:52 823] [P0x000970d0] [T0x00097114] D/DataSender(line 705)           :send packet, ret=300, need_resend=0, send_cnt=1, sessionNo=1, info:
streamId=audio-5
frameId=29
sid=cid0001bee1@dx19c0ecb47b51010005
dataType=1
dataStatus=1
dataLen=214

[2026/01/30 20:05:52 823] [P0x000970d0] [T0x00097114] D/DataSender(line 705)           :send packet, ret=300, need_resend=0, send_cnt=1, sessionNo=1, info:
streamId=audio-5
frameId=30
sid=cid0001bee1@dx19c0ecb47b51010005
dataType=1
dataStatus=1
dataLen=214

[2026/01/30 20:05:52 850] [P0x000970d0] [T0x00097196] D/WSConnection(line 603)         :receive data completely, dataLen=69
[2026/01/30 20:05:52 850] [P0x000970d0] [T0x00097196] D/WSConnection(line 603)         :receive data completely, dataLen=69
[2026/01/30 20:05:52 850] [P0x000970d0] [T0x00097196] D/WSConnection(line 603)         :receive data completely, dataLen=69
[2026/01/30 20:05:52 850] [P0x000970d0] [T0x00097102] D/DataSender(line 867)           :parsed data as ack, s2ack_time=28ms, info:
streamId=audio-5
frameId=27
retCode=0

[2026/01/30 20:05:52 850] [P0x000970d0] [T0x00097102] D/DataSender(line 867)           :parsed data as ack, s2ack_time=27ms, info:
streamId=audio-5
frameId=28
retCode=0

[2026/01/30 20:05:52 850] [P0x000970d0] [T0x00097196] D/WSConnection(line 603)         :receive data completely, dataLen=69
[2026/01/30 20:05:52 850] [P0x000970d0] [T0x00097102] D/DataSender(line 867)           :parsed data as ack, s2ack_time=27ms, info:
streamId=audio-5
frameId=29
retCode=0

[2026/01/30 20:05:52 850] [P0x000970d0] [T0x00097102] D/DataSender(line 867)           :parsed data as ack, s2ack_time=27ms, info:
streamId=audio-5
frameId=30
retCode=0

[2026/01/30 20:05:52 862] [P0x000970d0] [T0x00097114] D/DataSender(line 705)           :send packet, ret=300, need_resend=0, send_cnt=1, sessionNo=1, info:
streamId=audio-5
frameId=31
sid=cid0001bee1@dx19c0ecb47b51010005
dataType=1
dataStatus=1
dataLen=214

[2026/01/30 20:05:52 863] [P0x000970d0] [T0x00097114] D/DataSender(line 705)           :send packet, ret=300, need_resend=0, send_cnt=1, sessionNo=1, info:
streamId=audio-5
frameId=32
sid=cid0001bee1@dx19c0ecb47b51010005
dataType=1
dataStatus=1
dataLen=214

[2026/01/30 20:05:52 863] [P0x000970d0] [T0x00097114] D/DataSender(line 705)           :send packet, ret=300, need_resend=0, send_cnt=1, sessionNo=1, info:
streamId=audio-5
frameId=33
sid=cid0001bee1@dx19c0ecb47b51010005
dataType=1
dataStatus=1
dataLen=214

[2026/01/30 20:05:52 891] [P0x000970d0] [T0x00097196] D/WSConnection(line 603)         :receive data completely, dataLen=69
[2026/01/30 20:05:52 891] [P0x000970d0] [T0x00097196] D/WSConnection(line 603)         :receive data completely, dataLen=69
[2026/01/30 20:05:52 891] [P0x000970d0] [T0x00097102] D/DataSender(line 867)           :parsed data as ack, s2ack_time=29ms, info:
streamId=audio-5
frameId=31
retCode=0

[2026/01/30 20:05:52 891] [P0x000970d0] [T0x00097102] D/DataSender(line 867)           :parsed data as ack, s2ack_time=28ms, info:
streamId=audio-5
frameId=32
retCode=0

[2026/01/30 20:05:52 891] [P0x000970d0] [T0x00097196] D/WSConnection(line 603)         :receive data completely, dataLen=69
[2026/01/30 20:05:52 891] [P0x000970d0] [T0x00097102] D/DataSender(line 867)           :parsed data as ack, s2ack_time=28ms, info:
streamId=audio-5
frameId=33
retCode=0

[2026/01/30 20:05:53 022] [P0x000970d0] [T0x00097114] D/DataSender(line 705)           :send packet, ret=300, need_resend=0, send_cnt=1, sessionNo=1, info:
streamId=audio-5
frameId=34
sid=cid0001bee1@dx19c0ecb47b51010005
dataType=1
dataStatus=1
dataLen=214

[2026/01/30 20:05:53 022] [P0x000970d0] [T0x00097114] D/DataSender(line 705)           :send packet, ret=300, need_resend=0, send_cnt=1, sessionNo=1, info:
streamId=audio-5
frameId=35
sid=cid0001bee1@dx19c0ecb47b51010005
dataType=1
dataStatus=1
dataLen=214

[2026/01/30 20:05:53 023] [P0x000970d0] [T0x00097114] D/DataSender(line 705)           :send packet, ret=300, need_resend=0, send_cnt=1, sessionNo=1, info:
streamId=audio-5
frameId=36
sid=cid0001bee1@dx19c0ecb47b51010005
dataType=1
dataStatus=1
dataLen=214

[2026/01/30 20:05:53 050] [P0x000970d0] [T0x00097196] D/WSConnection(line 603)         :receive data completely, dataLen=69
[2026/01/30 20:05:53 050] [P0x000970d0] [T0x00097196] D/WSConnection(line 603)         :receive data completely, dataLen=69
[2026/01/30 20:05:53 050] [P0x000970d0] [T0x00097102] D/DataSender(line 867)           :parsed data as ack, s2ack_time=28ms, info:
streamId=audio-5
frameId=34
retCode=0

[2026/01/30 20:05:53 050] [P0x000970d0] [T0x00097102] D/DataSender(line 867)           :parsed data as ack, s2ack_time=28ms, info:
streamId=audio-5
frameId=35
retCode=0

[2026/01/30 20:05:53 050] [P0x000970d0] [T0x00097196] D/WSConnection(line 603)         :receive data completely, dataLen=69
[2026/01/30 20:05:53 050] [P0x000970d0] [T0x00097102] D/DataSender(line 867)           :parsed data as ack, s2ack_time=27ms, info:
streamId=audio-5
frameId=36
retCode=0

[2026/01/30 20:05:53 182] [P0x000970d0] [T0x00097114] D/DataSender(line 705)           :send packet, ret=300, need_resend=0, send_cnt=1, sessionNo=1, info:
streamId=audio-5
frameId=37
sid=cid0001bee1@dx19c0ecb47b51010005
dataType=1
dataStatus=1
dataLen=214

[2026/01/30 20:05:53 183] [P0x000970d0] [T0x00097114] D/DataSender(line 705)           :send packet, ret=300, need_resend=0, send_cnt=1, sessionNo=1, info:
streamId=audio-5
frameId=38
sid=cid0001bee1@dx19c0ecb47b51010005
dataType=1
dataStatus=1
dataLen=214

[2026/01/30 20:05:53 183] [P0x000970d0] [T0x00097114] D/DataSender(line 705)           :send packet, ret=300, need_resend=0, send_cnt=1, sessionNo=1, info:
streamId=audio-5
frameId=39
sid=cid0001bee1@dx19c0ecb47b51010005
dataType=1
dataStatus=1
dataLen=214

[2026/01/30 20:05:53 210] [P0x000970d0] [T0x00097196] D/WSConnection(line 603)         :receive data completely, dataLen=69
[2026/01/30 20:05:53 210] [P0x000970d0] [T0x00097196] D/WSConnection(line 603)         :receive data completely, dataLen=69
[2026/01/30 20:05:53 210] [P0x000970d0] [T0x00097102] D/DataSender(line 867)           :parsed data as ack, s2ack_time=28ms, info:
streamId=audio-5
frameId=37
retCode=0

[2026/01/30 20:05:53 210] [P0x000970d0] [T0x00097102] D/DataSender(line 867)           :parsed data as ack, s2ack_time=27ms, info:
streamId=audio-5
frameId=38
retCode=0

[2026/01/30 20:05:53 210] [P0x000970d0] [T0x00097196] D/WSConnection(line 603)         :receive data completely, dataLen=69
[2026/01/30 20:05:53 210] [P0x000970d0] [T0x00097102] D/DataSender(line 867)           :parsed data as ack, s2ack_time=27ms, info:
streamId=audio-5
frameId=39
retCode=0

[2026/01/30 20:05:53 222] [P0x000970d0] [T0x00097116] I/VadUnit(line 714)              :vad_eos found, confidence=0.852021.
[2026/01/30 20:05:53 222] [P0x000970d0] [T0x00097114] D/DataSender(line 705)           :send packet, ret=300, need_resend=0, send_cnt=1, sessionNo=1, info:
streamId=audio-5
frameId=40
sid=cid0001bee1@dx19c0ecb47b51010005
dataType=1
dataStatus=1
dataLen=214

[2026/01/30 20:05:53 223] [P0x000970d0] [T0x00097117] D/DataSender(line 524)           :set result timeout 5000ms for stream audio-5, taskId=1381.
[2026/01/30 20:05:53 223] [P0x000970d0] [T0x00097114] D/DataSender(line 705)           :send packet, ret=300, need_resend=0, send_cnt=1, sessionNo=1, info:
streamId=audio-5
frameId=41
sid=cid0001bee1@dx19c0ecb47b51010005
dataType=1
dataStatus=2
dataLen=214

[2026/01/30 20:05:53 250] [P0x000970d0] [T0x00097196] D/WSConnection(line 603)         :receive data completely, dataLen=69
[2026/01/30 20:05:53 250] [P0x000970d0] [T0x00097102] D/DataSender(line 867)           :parsed data as ack, s2ack_time=28ms, info:
streamId=audio-5
frameId=40
retCode=0

[2026/01/30 20:05:53 250] [P0x000970d0] [T0x00097196] D/WSConnection(line 603)         :receive data completely, dataLen=69
[2026/01/30 20:05:53 250] [P0x000970d0] [T0x00097102] D/DataSender(line 867)           :parsed data as ack, s2ack_time=27ms, info:
streamId=audio-5
frameId=41
retCode=0

[2026/01/30 20:05:53 321] [P0x000970d0] [T0x00097196] D/WSConnection(line 603)         :receive data completely, dataLen=330
[2026/01/30 20:05:53 321] [P0x000970d0] [T0x00097196] D/DataSender(line 1466)          :parsed data as result, stmid=audio-5, sid=cid0001bee1@dx19c0ecb47b51010005, retCode=0, params:
{"data":[{"content":[{"cnt_id":"0","dte":"utf8","dtf":"json"}],"params":{"accent":"mandarin","cmd":"[{\"service\":\"iat\",\"next\":\"end\"}]","frstid":"1","language":"zh-cn","lrst":"1","rss":"2","rstid":1,"sub":"iat"}}]}

[2026/01/30 20:05:53 321] [P0x000970d0] [T0x00097113] D/ResultScheduler(line 313)      :sub=iat, result={"text":{"bg":0,"ed":0,"ls":true,"sn":1,"ws":[{"bg":0,"cw":[{"sc":0,"w":""}]}]}}
[2026/01/30 20:05:53 321] [P0x000970d0] [T0x00097113] D/ResultScheduler(line 456)      :stat size=5
[2026/01/30 20:05:53 321] [P0x000970d0] [T0x00097113] D/ResultScheduler(line 457)      :rstMap size=0
[2026/01/30 20:05:53 321] [P0x000970d0] [T0x00097113] D/ResultScheduler(line 458)      :sid=cid0001bee1@dx19c0ecb47b51010005
[2026/01/30 20:05:53 321] [P0x000970d0] [T0x00097113] D/ResultScheduler(line 459)      :streamId=audio-5
[2026/01/30 20:05:53 321] [P0x000970d0] [T0x00097113] D/ResultScheduler(line 460)      :bizParam={"data":[{"content":[{"cnt_id":"0","dte":"utf8","dtf":"json"}],"params":{"accent":"mandarin","cmd":"[{\"service\":\"iat\",\"next\":\"end\"}]","frstid":"1","language":"zh-cn","lrst":"1","rss":"2","rstid":1,"sub":"iat"}}]}
[2026/01/30 20:05:53 321] [P0x000970d0] [T0x00097102] D/DataSender(line 1047)          :stream audio-5 received result, reset the continued timeout count.
[2026/01/30 20:05:53 784] [P0x000970d0] [T0x00097116] I/VadUnit(line 653)              :write audio before bos, length=19200.
[2026/01/30 20:05:53 784] [P0x000970d0] [T0x00097116] I/VadUnit(line 665)              :vad_bos found, stmid=audio-6.
[2026/01/30 20:05:53 785] [P0x000970d0] [T0x00097114] D/DataSender(line 705)           :send packet, ret=1029, need_resend=0, send_cnt=1, sessionNo=1, info:
streamId=audio-6
frameId=1
sid=cid0001bee1@dx19c0ecb47b52010006
dataType=1
dataStatus=0
dataLen=214
args={"cnt_id":"0","dte":"speex-wb;10","dtf":"audio/L16;rate=16000","frame_size":"1280"}
params={"appid":"ad184cbf","context":{"sdk_support":["tts","iat","nlp"]},"dev_lang":"cpp","dsrc":"sdk","dtype":"audio","interact_mode":"continuous","os_sys":"Linux","prot_type":"pb","sample_rate":"16000","scene":"main_box","sdk_ver":"6.6.0001.0041","sn":"bc:fc:e7:cc:1d:1a","stmid":"audio-6","ver_type":"desktop_pc","wake_id":"176977472901646396e5f04ea14bce1a1d82d"}
userParams=

[2026/01/30 20:05:53 785] [P0x000970d0] [T0x00097114] D/DataSender(line 705)           :send packet, ret=300, need_resend=0, send_cnt=1, sessionNo=1, info:
streamId=audio-6
frameId=2
sid=cid0001bee1@dx19c0ecb47b52010006
dataType=1
dataStatus=1
dataLen=214

[2026/01/30 20:05:53 785] [P0x000970d0] [T0x00097114] D/DataSender(line 705)           :send packet, ret=300, need_resend=0, send_cnt=1, sessionNo=1, info:
streamId=audio-6
frameId=3
sid=cid0001bee1@dx19c0ecb47b52010006
dataType=1
dataStatus=1
dataLen=214

[2026/01/30 20:05:53 785] [P0x000970d0] [T0x00097114] D/DataSender(line 705)           :send packet, ret=300, need_resend=0, send_cnt=1, sessionNo=1, info:
streamId=audio-6
frameId=4
sid=cid0001bee1@dx19c0ecb47b52010006
dataType=1
dataStatus=1
dataLen=214

[2026/01/30 20:05:53 786] [P0x000970d0] [T0x00097114] D/DataSender(line 705)           :send packet, ret=300, need_resend=0, send_cnt=1, sessionNo=1, info:
streamId=audio-6
frameId=5
sid=cid0001bee1@dx19c0ecb47b52010006
dataType=1
dataStatus=1
dataLen=214

[2026/01/30 20:05:53 786] [P0x000970d0] [T0x00097114] D/DataSender(line 705)           :send packet, ret=300, need_resend=0, send_cnt=1, sessionNo=1, info:
streamId=audio-6
frameId=6
sid=cid0001bee1@dx19c0ecb47b52010006
dataType=1
dataStatus=1
dataLen=214

[2026/01/30 20:05:53 786] [P0x000970d0] [T0x00097114] D/DataSender(line 705)           :send packet, ret=300, need_resend=0, send_cnt=1, sessionNo=1, info:
streamId=audio-6
frameId=7
sid=cid0001bee1@dx19c0ecb47b52010006
dataType=1
dataStatus=1
dataLen=214

[2026/01/30 20:05:53 786] [P0x000970d0] [T0x00097114] D/DataSender(line 705)           :send packet, ret=300, need_resend=0, send_cnt=1, sessionNo=1, info:
streamId=audio-6
frameId=8
sid=cid0001bee1@dx19c0ecb47b52010006
dataType=1
dataStatus=1
dataLen=214

[2026/01/30 20:05:53 786] [P0x000970d0] [T0x00097114] D/DataSender(line 705)           :send packet, ret=300, need_resend=0, send_cnt=1, sessionNo=1, info:
streamId=audio-6
frameId=9
sid=cid0001bee1@dx19c0ecb47b52010006
dataType=1
dataStatus=1
dataLen=214

[2026/01/30 20:05:53 787] [P0x000970d0] [T0x00097114] D/DataSender(line 705)           :send packet, ret=300, need_resend=0, send_cnt=1, sessionNo=1, info:
streamId=audio-6
frameId=10
sid=cid0001bee1@dx19c0ecb47b52010006
dataType=1
dataStatus=1
dataLen=214

[2026/01/30 20:05:53 787] [P0x000970d0] [T0x00097114] D/DataSender(line 705)           :send packet, ret=300, need_resend=0, send_cnt=1, sessionNo=1, info:
streamId=audio-6
frameId=11
sid=cid0001bee1@dx19c0ecb47b52010006
dataType=1
dataStatus=1
dataLen=214

[2026/01/30 20:05:53 787] [P0x000970d0] [T0x00097114] D/DataSender(line 705)           :send packet, ret=300, need_resend=0, send_cnt=1, sessionNo=1, info:
streamId=audio-6
frameId=12
sid=cid0001bee1@dx19c0ecb47b52010006
dataType=1
dataStatus=1
dataLen=214

[2026/01/30 20:05:53 787] [P0x000970d0] [T0x00097114] D/DataSender(line 705)           :send packet, ret=300, need_resend=0, send_cnt=1, sessionNo=1, info:
streamId=audio-6
frameId=13
sid=cid0001bee1@dx19c0ecb47b52010006
dataType=1
dataStatus=1
dataLen=214

[2026/01/30 20:05:53 787] [P0x000970d0] [T0x00097114] D/DataSender(line 705)           :send packet, ret=300, need_resend=0, send_cnt=1, sessionNo=1, info:
streamId=audio-6
frameId=14
sid=cid0001bee1@dx19c0ecb47b52010006
dataType=1
dataStatus=1
dataLen=214

[2026/01/30 20:05:53 788] [P0x000970d0] [T0x00097114] D/DataSender(line 705)           :send packet, ret=300, need_resend=0, send_cnt=1, sessionNo=1, info:
streamId=audio-6
frameId=15
sid=cid0001bee1@dx19c0ecb47b52010006
dataType=1
dataStatus=1
dataLen=214

[2026/01/30 20:05:53 788] [P0x000970d0] [T0x00097114] D/DataSender(line 705)           :send packet, ret=300, need_resend=0, send_cnt=1, sessionNo=1, info:
streamId=audio-6
frameId=16
sid=cid0001bee1@dx19c0ecb47b52010006
dataType=1
dataStatus=1
dataLen=214

[2026/01/30 20:05:53 830] [P0x000970d0] [T0x00097196] D/WSConnection(line 603)         :receive data completely, dataLen=66
[2026/01/30 20:05:53 830] [P0x000970d0] [T0x00097196] D/WSConnection(line 603)         :receive data completely, dataLen=68
[2026/01/30 20:05:53 830] [P0x000970d0] [T0x00097196] D/WSConnection(line 603)         :receive data completely, dataLen=68
[2026/01/30 20:05:53 830] [P0x000970d0] [T0x00097196] D/WSConnection(line 603)         :receive data completely, dataLen=68
[2026/01/30 20:05:53 830] [P0x000970d0] [T0x00097102] D/DataSender(line 867)           :parsed data as ack, s2ack_time=45ms, info:
streamId=audio-6
frameId=1
retCode=0

[2026/01/30 20:05:53 830] [P0x000970d0] [T0x00097102] D/DataSender(line 867)           :parsed data as ack, s2ack_time=45ms, info:
streamId=audio-6
frameId=2
retCode=0

[2026/01/30 20:05:53 830] [P0x000970d0] [T0x00097196] D/WSConnection(line 603)         :receive data completely, dataLen=68
[2026/01/30 20:05:53 830] [P0x000970d0] [T0x00097102] D/DataSender(line 867)           :parsed data as ack, s2ack_time=45ms, info:
streamId=audio-6
frameId=3
retCode=0

[2026/01/30 20:05:53 830] [P0x000970d0] [T0x00097196] D/WSConnection(line 603)         :receive data completely, dataLen=68
[2026/01/30 20:05:53 830] [P0x000970d0] [T0x00097102] D/DataSender(line 867)           :parsed data as ack, s2ack_time=45ms, info:
streamId=audio-6
frameId=4
retCode=0

[2026/01/30 20:05:53 830] [P0x000970d0] [T0x00097102] D/DataSender(line 867)           :parsed data as ack, s2ack_time=44ms, info:
streamId=audio-6
frameId=5
retCode=0

[2026/01/30 20:05:53 830] [P0x000970d0] [T0x00097196] D/WSConnection(line 603)         :receive data completely, dataLen=68
[2026/01/30 20:05:53 830] [P0x000970d0] [T0x00097102] D/DataSender(line 867)           :parsed data as ack, s2ack_time=44ms, info:
streamId=audio-6
frameId=6
retCode=0

[2026/01/30 20:05:53 830] [P0x000970d0] [T0x00097196] D/WSConnection(line 603)         :receive data completely, dataLen=68
[2026/01/30 20:05:53 830] [P0x000970d0] [T0x00097102] D/DataSender(line 867)           :parsed data as ack, s2ack_time=44ms, info:
streamId=audio-6
frameId=7
retCode=0

[2026/01/30 20:05:53 830] [P0x000970d0] [T0x00097102] D/DataSender(line 867)           :parsed data as ack, s2ack_time=44ms, info:
streamId=audio-6
frameId=8
retCode=0

[2026/01/30 20:05:53 830] [P0x000970d0] [T0x00097196] D/WSConnection(line 603)         :receive data completely, dataLen=68
[2026/01/30 20:05:53 830] [P0x000970d0] [T0x00097102] D/DataSender(line 867)           :parsed data as ack, s2ack_time=44ms, info:
streamId=audio-6
frameId=9
retCode=0

[2026/01/30 20:05:53 830] [P0x000970d0] [T0x00097196] D/WSConnection(line 603)         :receive data completely, dataLen=69
[2026/01/30 20:05:53 830] [P0x000970d0] [T0x00097102] D/DataSender(line 867)           :parsed data as ack, s2ack_time=43ms, info:
streamId=audio-6
frameId=10
retCode=0

[2026/01/30 20:05:53 861] [P0x000970d0] [T0x00097196] D/WSConnection(line 603)         :receive data completely, dataLen=69
[2026/01/30 20:05:53 861] [P0x000970d0] [T0x00097196] D/WSConnection(line 603)         :receive data completely, dataLen=69
[2026/01/30 20:05:53 861] [P0x000970d0] [T0x00097102] D/DataSender(line 867)           :parsed data as ack, s2ack_time=74ms, info:
streamId=audio-6
frameId=11
retCode=0

[2026/01/30 20:05:53 861] [P0x000970d0] [T0x00097196] D/WSConnection(line 603)         :receive data completely, dataLen=69
[2026/01/30 20:05:53 861] [P0x000970d0] [T0x00097102] D/DataSender(line 867)           :parsed data as ack, s2ack_time=74ms, info:
streamId=audio-6
frameId=12
retCode=0

[2026/01/30 20:05:53 861] [P0x000970d0] [T0x00097196] D/WSConnection(line 603)         :receive data completely, dataLen=69
[2026/01/30 20:05:53 861] [P0x000970d0] [T0x00097102] D/DataSender(line 867)           :parsed data as ack, s2ack_time=74ms, info:
streamId=audio-6
frameId=13
retCode=0

[2026/01/30 20:05:53 861] [P0x000970d0] [T0x00097196] D/WSConnection(line 603)         :receive data completely, dataLen=69
[2026/01/30 20:05:53 861] [P0x000970d0] [T0x00097102] D/DataSender(line 867)           :parsed data as ack, s2ack_time=74ms, info:
streamId=audio-6
frameId=14
retCode=0

[2026/01/30 20:05:53 861] [P0x000970d0] [T0x00097196] D/WSConnection(line 603)         :receive data completely, dataLen=69
[2026/01/30 20:05:53 861] [P0x000970d0] [T0x00097102] D/DataSender(line 867)           :parsed data as ack, s2ack_time=73ms, info:
streamId=audio-6
frameId=15
retCode=0

[2026/01/30 20:05:53 861] [P0x000970d0] [T0x00097102] D/DataSender(line 867)           :parsed data as ack, s2ack_time=73ms, info:
streamId=audio-6
frameId=16
retCode=0

[2026/01/30 20:05:53 945] [P0x000970d0] [T0x00097114] D/DataSender(line 705)           :send packet, ret=300, need_resend=0, send_cnt=1, sessionNo=1, info:
streamId=audio-6
frameId=17
sid=cid0001bee1@dx19c0ecb47b52010006
dataType=1
dataStatus=1
dataLen=214

[2026/01/30 20:05:53 945] [P0x000970d0] [T0x00097114] D/DataSender(line 705)           :send packet, ret=300, need_resend=0, send_cnt=1, sessionNo=1, info:
streamId=audio-6
frameId=18
sid=cid0001bee1@dx19c0ecb47b52010006
dataType=1
dataStatus=1
dataLen=214

[2026/01/30 20:05:53 945] [P0x000970d0] [T0x00097114] D/DataSender(line 705)           :send packet, ret=300, need_resend=0, send_cnt=1, sessionNo=1, info:
streamId=audio-6
frameId=19
sid=cid0001bee1@dx19c0ecb47b52010006
dataType=1
dataStatus=1
dataLen=214

[2026/01/30 20:05:53 985] [P0x000970d0] [T0x00097114] D/DataSender(line 705)           :send packet, ret=300, need_resend=0, send_cnt=1, sessionNo=1, info:
streamId=audio-6
frameId=20
sid=cid0001bee1@dx19c0ecb47b52010006
dataType=1
dataStatus=1
dataLen=214

[2026/01/30 20:05:53 985] [P0x000970d0] [T0x00097114] D/DataSender(line 705)           :send packet, ret=300, need_resend=0, send_cnt=1, sessionNo=1, info:
streamId=audio-6
frameId=21
sid=cid0001bee1@dx19c0ecb47b52010006
dataType=1
dataStatus=1
dataLen=214

[2026/01/30 20:05:53 985] [P0x000970d0] [T0x00097114] D/DataSender(line 705)           :send packet, ret=300, need_resend=0, send_cnt=1, sessionNo=1, info:
streamId=audio-6
frameId=22
sid=cid0001bee1@dx19c0ecb47b52010006
dataType=1
dataStatus=1
dataLen=214

[2026/01/30 20:05:53 986] [P0x000970d0] [T0x00097114] D/DataSender(line 705)           :send packet, ret=300, need_resend=0, send_cnt=1, sessionNo=1, info:
streamId=audio-6
frameId=23
sid=cid0001bee1@dx19c0ecb47b52010006
dataType=1
dataStatus=1
dataLen=214

[2026/01/30 20:05:53 993] [P0x000970d0] [T0x00097196] D/WSConnection(line 603)         :receive data completely, dataLen=69
[2026/01/30 20:05:53 993] [P0x000970d0] [T0x00097196] D/WSConnection(line 603)         :receive data completely, dataLen=69
[2026/01/30 20:05:53 993] [P0x000970d0] [T0x00097102] D/DataSender(line 867)           :parsed data as ack, s2ack_time=48ms, info:
streamId=audio-6
frameId=17
retCode=0

[2026/01/30 20:05:53 993] [P0x000970d0] [T0x00097196] D/WSConnection(line 603)         :receive data completely, dataLen=69
[2026/01/30 20:05:53 993] [P0x000970d0] [T0x00097102] D/DataSender(line 867)           :parsed data as ack, s2ack_time=48ms, info:
streamId=audio-6
frameId=18
retCode=0

[2026/01/30 20:05:53 993] [P0x000970d0] [T0x00097102] D/DataSender(line 867)           :parsed data as ack, s2ack_time=48ms, info:
streamId=audio-6
frameId=19
retCode=0

[2026/01/30 20:05:54 012] [P0x000970d0] [T0x00097196] D/WSConnection(line 603)         :receive data completely, dataLen=69
[2026/01/30 20:05:54 012] [P0x000970d0] [T0x00097196] D/WSConnection(line 603)         :receive data completely, dataLen=69
[2026/01/30 20:05:54 012] [P0x000970d0] [T0x00097102] D/DataSender(line 867)           :parsed data as ack, s2ack_time=27ms, info:
streamId=audio-6
frameId=20
retCode=0

[2026/01/30 20:05:54 012] [P0x000970d0] [T0x00097102] D/DataSender(line 867)           :parsed data as ack, s2ack_time=27ms, info:
streamId=audio-6
frameId=21
retCode=0

[2026/01/30 20:05:54 012] [P0x000970d0] [T0x00097196] D/WSConnection(line 603)         :receive data completely, dataLen=69
[2026/01/30 20:05:54 012] [P0x000970d0] [T0x00097196] D/WSConnection(line 603)         :receive data completely, dataLen=69
[2026/01/30 20:05:54 012] [P0x000970d0] [T0x00097102] D/DataSender(line 867)           :parsed data as ack, s2ack_time=27ms, info:
streamId=audio-6
frameId=22
retCode=0

[2026/01/30 20:05:54 012] [P0x000970d0] [T0x00097102] D/DataSender(line 867)           :parsed data as ack, s2ack_time=26ms, info:
streamId=audio-6
frameId=23
retCode=0

[2026/01/30 20:05:54 142] [P0x000970d0] [T0x00097114] D/DataSender(line 705)           :send packet, ret=300, need_resend=0, send_cnt=1, sessionNo=1, info:
streamId=audio-6
frameId=24
sid=cid0001bee1@dx19c0ecb47b52010006
dataType=1
dataStatus=1
dataLen=214

[2026/01/30 20:05:54 143] [P0x000970d0] [T0x00097114] D/DataSender(line 705)           :send packet, ret=300, need_resend=0, send_cnt=1, sessionNo=1, info:
streamId=audio-6
frameId=25
sid=cid0001bee1@dx19c0ecb47b52010006
dataType=1
dataStatus=1
dataLen=214

[2026/01/30 20:05:54 143] [P0x000970d0] [T0x00097114] D/DataSender(line 705)           :send packet, ret=300, need_resend=0, send_cnt=1, sessionNo=1, info:
streamId=audio-6
frameId=26
sid=cid0001bee1@dx19c0ecb47b52010006
dataType=1
dataStatus=1
dataLen=214

[2026/01/30 20:05:54 200] [P0x000970d0] [T0x00097196] D/WSConnection(line 603)         :receive data completely, dataLen=69
[2026/01/30 20:05:54 200] [P0x000970d0] [T0x00097196] D/WSConnection(line 603)         :receive data completely, dataLen=69
[2026/01/30 20:05:54 200] [P0x000970d0] [T0x00097102] D/DataSender(line 867)           :parsed data as ack, s2ack_time=58ms, info:
streamId=audio-6
frameId=24
retCode=0

[2026/01/30 20:05:54 200] [P0x000970d0] [T0x00097102] D/DataSender(line 867)           :parsed data as ack, s2ack_time=57ms, info:
streamId=audio-6
frameId=25
retCode=0

[2026/01/30 20:05:54 200] [P0x000970d0] [T0x00097196] D/WSConnection(line 603)         :receive data completely, dataLen=69
[2026/01/30 20:05:54 200] [P0x000970d0] [T0x00097102] D/DataSender(line 867)           :parsed data as ack, s2ack_time=57ms, info:
streamId=audio-6
frameId=26
retCode=0

[2026/01/30 20:05:54 323] [P0x000970d0] [T0x00097114] D/DataSender(line 705)           :send packet, ret=300, need_resend=0, send_cnt=1, sessionNo=1, info:
streamId=audio-6
frameId=27
sid=cid0001bee1@dx19c0ecb47b52010006
dataType=1
dataStatus=1
dataLen=214

[2026/01/30 20:05:54 323] [P0x000970d0] [T0x00097114] D/DataSender(line 705)           :send packet, ret=300, need_resend=0, send_cnt=1, sessionNo=1, info:
streamId=audio-6
frameId=28
sid=cid0001bee1@dx19c0ecb47b52010006
dataType=1
dataStatus=1
dataLen=214

[2026/01/30 20:05:54 324] [P0x000970d0] [T0x00097114] D/DataSender(line 705)           :send packet, ret=300, need_resend=0, send_cnt=1, sessionNo=1, info:
streamId=audio-6
frameId=29
sid=cid0001bee1@dx19c0ecb47b52010006
dataType=1
dataStatus=1
dataLen=214

[2026/01/30 20:05:54 351] [P0x000970d0] [T0x00097196] D/WSConnection(line 603)         :receive data completely, dataLen=69
[2026/01/30 20:05:54 351] [P0x000970d0] [T0x00097196] D/WSConnection(line 603)         :receive data completely, dataLen=69
[2026/01/30 20:05:54 351] [P0x000970d0] [T0x00097102] D/DataSender(line 867)           :parsed data as ack, s2ack_time=28ms, info:
streamId=audio-6
frameId=27
retCode=0

[2026/01/30 20:05:54 351] [P0x000970d0] [T0x00097196] D/WSConnection(line 603)         :receive data completely, dataLen=69
[2026/01/30 20:05:54 351] [P0x000970d0] [T0x00097102] D/DataSender(line 867)           :parsed data as ack, s2ack_time=28ms, info:
streamId=audio-6
frameId=28
retCode=0

[2026/01/30 20:05:54 351] [P0x000970d0] [T0x00097102] D/DataSender(line 867)           :parsed data as ack, s2ack_time=27ms, info:
streamId=audio-6
frameId=29
retCode=0

[2026/01/30 20:05:54 502] [P0x000970d0] [T0x00097114] D/DataSender(line 705)           :send packet, ret=300, need_resend=0, send_cnt=1, sessionNo=1, info:
streamId=audio-6
frameId=30
sid=cid0001bee1@dx19c0ecb47b52010006
dataType=1
dataStatus=1
dataLen=214

[2026/01/30 20:05:54 503] [P0x000970d0] [T0x00097114] D/DataSender(line 705)           :send packet, ret=300, need_resend=0, send_cnt=1, sessionNo=1, info:
streamId=audio-6
frameId=31
sid=cid0001bee1@dx19c0ecb47b52010006
dataType=1
dataStatus=1
dataLen=214

[2026/01/30 20:05:54 503] [P0x000970d0] [T0x00097114] D/DataSender(line 705)           :send packet, ret=300, need_resend=0, send_cnt=1, sessionNo=1, info:
streamId=audio-6
frameId=32
sid=cid0001bee1@dx19c0ecb47b52010006
dataType=1
dataStatus=1
dataLen=214

[2026/01/30 20:05:54 530] [P0x000970d0] [T0x00097196] D/WSConnection(line 603)         :receive data completely, dataLen=69
[2026/01/30 20:05:54 530] [P0x000970d0] [T0x00097196] D/WSConnection(line 603)         :receive data completely, dataLen=69
[2026/01/30 20:05:54 530] [P0x000970d0] [T0x00097102] D/DataSender(line 867)           :parsed data as ack, s2ack_time=28ms, info:
streamId=audio-6
frameId=30
retCode=0

[2026/01/30 20:05:54 530] [P0x000970d0] [T0x00097196] D/WSConnection(line 603)         :receive data completely, dataLen=69
[2026/01/30 20:05:54 530] [P0x000970d0] [T0x00097102] D/DataSender(line 867)           :parsed data as ack, s2ack_time=27ms, info:
streamId=audio-6
frameId=31
retCode=0

[2026/01/30 20:05:54 530] [P0x000970d0] [T0x00097102] D/DataSender(line 867)           :parsed data as ack, s2ack_time=27ms, info:
streamId=audio-6
frameId=32
retCode=0

[2026/01/30 20:05:54 542] [P0x000970d0] [T0x00097114] D/DataSender(line 705)           :send packet, ret=300, need_resend=0, send_cnt=1, sessionNo=1, info:
streamId=audio-6
frameId=33
sid=cid0001bee1@dx19c0ecb47b52010006
dataType=1
dataStatus=1
dataLen=214

[2026/01/30 20:05:54 543] [P0x000970d0] [T0x00097114] D/DataSender(line 705)           :send packet, ret=300, need_resend=0, send_cnt=1, sessionNo=1, info:
streamId=audio-6
frameId=34
sid=cid0001bee1@dx19c0ecb47b52010006
dataType=1
dataStatus=1
dataLen=214

[2026/01/30 20:05:54 543] [P0x000970d0] [T0x00097114] D/DataSender(line 705)           :send packet, ret=300, need_resend=0, send_cnt=1, sessionNo=1, info:
streamId=audio-6
frameId=35
sid=cid0001bee1@dx19c0ecb47b52010006
dataType=1
dataStatus=1
dataLen=214

[2026/01/30 20:05:54 570] [P0x000970d0] [T0x00097196] D/WSConnection(line 603)         :receive data completely, dataLen=69
[2026/01/30 20:05:54 570] [P0x000970d0] [T0x00097196] D/WSConnection(line 603)         :receive data completely, dataLen=69
[2026/01/30 20:05:54 570] [P0x000970d0] [T0x00097196] D/WSConnection(line 603)         :receive data completely, dataLen=69
[2026/01/30 20:05:54 570] [P0x000970d0] [T0x00097102] D/DataSender(line 867)           :parsed data as ack, s2ack_time=27ms, info:
streamId=audio-6
frameId=33
retCode=0

[2026/01/30 20:05:54 570] [P0x000970d0] [T0x00097102] D/DataSender(line 867)           :parsed data as ack, s2ack_time=27ms, info:
streamId=audio-6
frameId=34
retCode=0

[2026/01/30 20:05:54 570] [P0x000970d0] [T0x00097102] D/DataSender(line 867)           :parsed data as ack, s2ack_time=27ms, info:
streamId=audio-6
frameId=35
retCode=0

[2026/01/30 20:05:54 702] [P0x000970d0] [T0x00097114] D/DataSender(line 705)           :send packet, ret=300, need_resend=0, send_cnt=1, sessionNo=1, info:
streamId=audio-6
frameId=36
sid=cid0001bee1@dx19c0ecb47b52010006
dataType=1
dataStatus=1
dataLen=214

[2026/01/30 20:05:54 703] [P0x000970d0] [T0x00097114] D/DataSender(line 705)           :send packet, ret=300, need_resend=0, send_cnt=1, sessionNo=1, info:
streamId=audio-6
frameId=37
sid=cid0001bee1@dx19c0ecb47b52010006
dataType=1
dataStatus=1
dataLen=214

[2026/01/30 20:05:54 703] [P0x000970d0] [T0x00097114] D/DataSender(line 705)           :send packet, ret=300, need_resend=0, send_cnt=1, sessionNo=1, info:
streamId=audio-6
frameId=38
sid=cid0001bee1@dx19c0ecb47b52010006
dataType=1
dataStatus=1
dataLen=214

[2026/01/30 20:05:54 704] [P0x000970d0] [T0x00097114] D/DataSender(line 705)           :send packet, ret=300, need_resend=0, send_cnt=1, sessionNo=1, info:
streamId=audio-6
frameId=39
sid=cid0001bee1@dx19c0ecb47b52010006
dataType=1
dataStatus=1
dataLen=214

[2026/01/30 20:05:54 730] [P0x000970d0] [T0x00097196] D/WSConnection(line 603)         :receive data completely, dataLen=69
[2026/01/30 20:05:54 730] [P0x000970d0] [T0x00097102] D/DataSender(line 867)           :parsed data as ack, s2ack_time=27ms, info:
streamId=audio-6
frameId=36
retCode=0

[2026/01/30 20:05:54 730] [P0x000970d0] [T0x00097196] D/WSConnection(line 603)         :receive data completely, dataLen=69
[2026/01/30 20:05:54 730] [P0x000970d0] [T0x00097196] D/WSConnection(line 603)         :receive data completely, dataLen=69
[2026/01/30 20:05:54 730] [P0x000970d0] [T0x00097102] D/DataSender(line 867)           :parsed data as ack, s2ack_time=27ms, info:
streamId=audio-6
frameId=37
retCode=0

[2026/01/30 20:05:54 730] [P0x000970d0] [T0x00097102] D/DataSender(line 867)           :parsed data as ack, s2ack_time=27ms, info:
streamId=audio-6
frameId=38
retCode=0

[2026/01/30 20:05:54 730] [P0x000970d0] [T0x00097196] D/WSConnection(line 603)         :receive data completely, dataLen=69
[2026/01/30 20:05:54 730] [P0x000970d0] [T0x00097102] D/DataSender(line 867)           :parsed data as ack, s2ack_time=26ms, info:
streamId=audio-6
frameId=39
retCode=0

[2026/01/30 20:05:54 862] [P0x000970d0] [T0x00097114] D/DataSender(line 705)           :send packet, ret=300, need_resend=0, send_cnt=1, sessionNo=1, info:
streamId=audio-6
frameId=40
sid=cid0001bee1@dx19c0ecb47b52010006
dataType=1
dataStatus=1
dataLen=214

[2026/01/30 20:05:54 863] [P0x000970d0] [T0x00097114] D/DataSender(line 705)           :send packet, ret=300, need_resend=0, send_cnt=1, sessionNo=1, info:
streamId=audio-6
frameId=41
sid=cid0001bee1@dx19c0ecb47b52010006
dataType=1
dataStatus=1
dataLen=214

[2026/01/30 20:05:54 863] [P0x000970d0] [T0x00097114] D/DataSender(line 705)           :send packet, ret=300, need_resend=0, send_cnt=1, sessionNo=1, info:
streamId=audio-6
frameId=42
sid=cid0001bee1@dx19c0ecb47b52010006
dataType=1
dataStatus=1
dataLen=214

[2026/01/30 20:05:54 890] [P0x000970d0] [T0x00097196] D/WSConnection(line 603)         :receive data completely, dataLen=69
[2026/01/30 20:05:54 890] [P0x000970d0] [T0x00097196] D/WSConnection(line 603)         :receive data completely, dataLen=69
[2026/01/30 20:05:54 890] [P0x000970d0] [T0x00097102] D/DataSender(line 867)           :parsed data as ack, s2ack_time=28ms, info:
streamId=audio-6
frameId=40
retCode=0

[2026/01/30 20:05:54 890] [P0x000970d0] [T0x00097102] D/DataSender(line 867)           :parsed data as ack, s2ack_time=27ms, info:
streamId=audio-6
frameId=41
retCode=0

[2026/01/30 20:05:54 890] [P0x000970d0] [T0x00097196] D/WSConnection(line 603)         :receive data completely, dataLen=69
[2026/01/30 20:05:54 890] [P0x000970d0] [T0x00097102] D/DataSender(line 867)           :parsed data as ack, s2ack_time=27ms, info:
streamId=audio-6
frameId=42
retCode=0

[2026/01/30 20:05:54 902] [P0x000970d0] [T0x00097116] I/VadUnit(line 714)              :vad_eos found, confidence=0.637315.
[2026/01/30 20:05:54 902] [P0x000970d0] [T0x00097117] D/DataSender(line 524)           :set result timeout 5000ms for stream audio-6, taskId=1425.
[2026/01/30 20:05:54 902] [P0x000970d0] [T0x00097114] D/DataSender(line 705)           :send packet, ret=300, need_resend=0, send_cnt=1, sessionNo=1, info:
streamId=audio-6
frameId=43
sid=cid0001bee1@dx19c0ecb47b52010006
dataType=1
dataStatus=2
dataLen=214

[2026/01/30 20:05:54 930] [P0x000970d0] [T0x00097196] D/WSConnection(line 603)         :receive data completely, dataLen=69
[2026/01/30 20:05:54 930] [P0x000970d0] [T0x00097102] D/DataSender(line 867)           :parsed data as ack, s2ack_time=28ms, info:
streamId=audio-6
frameId=43
retCode=0

[2026/01/30 20:05:55 022] [P0x000970d0] [T0x00097196] D/WSConnection(line 603)         :receive data completely, dataLen=330
[2026/01/30 20:05:55 023] [P0x000970d0] [T0x00097196] D/DataSender(line 1466)          :parsed data as result, stmid=audio-6, sid=cid0001bee1@dx19c0ecb47b52010006, retCode=0, params:
{"data":[{"content":[{"cnt_id":"0","dte":"utf8","dtf":"json"}],"params":{"accent":"mandarin","cmd":"[{\"service\":\"iat\",\"next\":\"end\"}]","frstid":"1","language":"zh-cn","lrst":"1","rss":"2","rstid":1,"sub":"iat"}}]}

[2026/01/30 20:05:55 023] [P0x000970d0] [T0x00097113] D/ResultScheduler(line 313)      :sub=iat, result={"text":{"bg":0,"ed":0,"ls":true,"sn":1,"ws":[{"bg":0,"cw":[{"sc":0,"w":""}]}]}}
[2026/01/30 20:05:55 023] [P0x000970d0] [T0x00097113] D/ResultScheduler(line 456)      :stat size=6
[2026/01/30 20:05:55 023] [P0x000970d0] [T0x00097113] D/ResultScheduler(line 457)      :rstMap size=0
[2026/01/30 20:05:55 023] [P0x000970d0] [T0x00097113] D/ResultScheduler(line 458)      :sid=cid0001bee1@dx19c0ecb47b52010006
[2026/01/30 20:05:55 023] [P0x000970d0] [T0x00097113] D/ResultScheduler(line 459)      :streamId=audio-6
[2026/01/30 20:05:55 023] [P0x000970d0] [T0x00097113] D/ResultScheduler(line 460)      :bizParam={"data":[{"content":[{"cnt_id":"0","dte":"utf8","dtf":"json"}],"params":{"accent":"mandarin","cmd":"[{\"service\":\"iat\",\"next\":\"end\"}]","frstid":"1","language":"zh-cn","lrst":"1","rss":"2","rstid":1,"sub":"iat"}}]}
[2026/01/30 20:05:55 023] [P0x000970d0] [T0x00097102] D/DataSender(line 1047)          :stream audio-6 received result, reset the continued timeout count.
[2026/01/30 20:05:55 082] [P0x000970d0] [T0x00097116] I/VadUnit(line 653)              :write audio before bos, length=19200.
[2026/01/30 20:05:55 082] [P0x000970d0] [T0x00097116] I/VadUnit(line 665)              :vad_bos found, stmid=audio-7.
[2026/01/30 20:05:55 083] [P0x000970d0] [T0x00097114] D/DataSender(line 705)           :send packet, ret=1029, need_resend=0, send_cnt=1, sessionNo=1, info:
streamId=audio-7
frameId=1
sid=cid0001bee1@dx19c0ecb47b53010007
dataType=1
dataStatus=0
dataLen=214
args={"cnt_id":"0","dte":"speex-wb;10","dtf":"audio/L16;rate=16000","frame_size":"1280"}
params={"appid":"ad184cbf","context":{"sdk_support":["tts","iat","nlp"]},"dev_lang":"cpp","dsrc":"sdk","dtype":"audio","interact_mode":"continuous","os_sys":"Linux","prot_type":"pb","sample_rate":"16000","scene":"main_box","sdk_ver":"6.6.0001.0041","sn":"bc:fc:e7:cc:1d:1a","stmid":"audio-7","ver_type":"desktop_pc","wake_id":"176977472901646396e5f04ea14bce1a1d82d"}
userParams=

[2026/01/30 20:05:55 083] [P0x000970d0] [T0x00097114] D/DataSender(line 705)           :send packet, ret=300, need_resend=0, send_cnt=1, sessionNo=1, info:
streamId=audio-7
frameId=2
sid=cid0001bee1@dx19c0ecb47b53010007
dataType=1
dataStatus=1
dataLen=214

[2026/01/30 20:05:55 084] [P0x000970d0] [T0x00097114] D/DataSender(line 705)           :send packet, ret=300, need_resend=0, send_cnt=1, sessionNo=1, info:
streamId=audio-7
frameId=3
sid=cid0001bee1@dx19c0ecb47b53010007
dataType=1
dataStatus=1
dataLen=214

[2026/01/30 20:05:55 084] [P0x000970d0] [T0x00097114] D/DataSender(line 705)           :send packet, ret=300, need_resend=0, send_cnt=1, sessionNo=1, info:
streamId=audio-7
frameId=4
sid=cid0001bee1@dx19c0ecb47b53010007
dataType=1
dataStatus=1
dataLen=214

[2026/01/30 20:05:55 084] [P0x000970d0] [T0x00097114] D/DataSender(line 705)           :send packet, ret=300, need_resend=0, send_cnt=1, sessionNo=1, info:
streamId=audio-7
frameId=5
sid=cid0001bee1@dx19c0ecb47b53010007
dataType=1
dataStatus=1
dataLen=214

[2026/01/30 20:05:55 085] [P0x000970d0] [T0x00097114] D/DataSender(line 705)           :send packet, ret=300, need_resend=0, send_cnt=1, sessionNo=1, info:
streamId=audio-7
frameId=6
sid=cid0001bee1@dx19c0ecb47b53010007
dataType=1
dataStatus=1
dataLen=214

[2026/01/30 20:05:55 085] [P0x000970d0] [T0x00097114] D/DataSender(line 705)           :send packet, ret=300, need_resend=0, send_cnt=1, sessionNo=1, info:
streamId=audio-7
frameId=7
sid=cid0001bee1@dx19c0ecb47b53010007
dataType=1
dataStatus=1
dataLen=214

[2026/01/30 20:05:55 085] [P0x000970d0] [T0x00097114] D/DataSender(line 705)           :send packet, ret=300, need_resend=0, send_cnt=1, sessionNo=1, info:
streamId=audio-7
frameId=8
sid=cid0001bee1@dx19c0ecb47b53010007
dataType=1
dataStatus=1
dataLen=214

[2026/01/30 20:05:55 086] [P0x000970d0] [T0x00097114] D/DataSender(line 705)           :send packet, ret=300, need_resend=0, send_cnt=1, sessionNo=1, info:
streamId=audio-7
frameId=9
sid=cid0001bee1@dx19c0ecb47b53010007
dataType=1
dataStatus=1
dataLen=214

[2026/01/30 20:05:55 086] [P0x000970d0] [T0x00097114] D/DataSender(line 705)           :send packet, ret=300, need_resend=0, send_cnt=1, sessionNo=1, info:
streamId=audio-7
frameId=10
sid=cid0001bee1@dx19c0ecb47b53010007
dataType=1
dataStatus=1
dataLen=214

[2026/01/30 20:05:55 086] [P0x000970d0] [T0x00097114] D/DataSender(line 705)           :send packet, ret=300, need_resend=0, send_cnt=1, sessionNo=1, info:
streamId=audio-7
frameId=11
sid=cid0001bee1@dx19c0ecb47b53010007
dataType=1
dataStatus=1
dataLen=214

[2026/01/30 20:05:55 086] [P0x000970d0] [T0x00097114] D/DataSender(line 705)           :send packet, ret=300, need_resend=0, send_cnt=1, sessionNo=1, info:
streamId=audio-7
frameId=12
sid=cid0001bee1@dx19c0ecb47b53010007
dataType=1
dataStatus=1
dataLen=214

[2026/01/30 20:05:55 086] [P0x000970d0] [T0x00097114] D/DataSender(line 705)           :send packet, ret=300, need_resend=0, send_cnt=1, sessionNo=1, info:
streamId=audio-7
frameId=13
sid=cid0001bee1@dx19c0ecb47b53010007
dataType=1
dataStatus=1
dataLen=214

[2026/01/30 20:05:55 087] [P0x000970d0] [T0x00097114] D/DataSender(line 705)           :send packet, ret=300, need_resend=0, send_cnt=1, sessionNo=1, info:
streamId=audio-7
frameId=14
sid=cid0001bee1@dx19c0ecb47b53010007
dataType=1
dataStatus=1
dataLen=214

[2026/01/30 20:05:55 087] [P0x000970d0] [T0x00097114] D/DataSender(line 705)           :send packet, ret=300, need_resend=0, send_cnt=1, sessionNo=1, info:
streamId=audio-7
frameId=15
sid=cid0001bee1@dx19c0ecb47b53010007
dataType=1
dataStatus=1
dataLen=214

[2026/01/30 20:05:55 087] [P0x000970d0] [T0x00097114] D/DataSender(line 705)           :send packet, ret=300, need_resend=0, send_cnt=1, sessionNo=1, info:
streamId=audio-7
frameId=16
sid=cid0001bee1@dx19c0ecb47b53010007
dataType=1
dataStatus=1
dataLen=214

[2026/01/30 20:05:55 087] [P0x000970d0] [T0x00097114] D/DataSender(line 705)           :send packet, ret=300, need_resend=0, send_cnt=1, sessionNo=1, info:
streamId=audio-7
frameId=17
sid=cid0001bee1@dx19c0ecb47b53010007
dataType=1
dataStatus=1
dataLen=214

[2026/01/30 20:05:55 110] [P0x000970d0] [T0x00097196] D/WSConnection(line 603)         :receive data completely, dataLen=66
[2026/01/30 20:05:55 110] [P0x000970d0] [T0x00097102] D/DataSender(line 867)           :parsed data as ack, s2ack_time=27ms, info:
streamId=audio-7
frameId=1
retCode=0

[2026/01/30 20:05:55 112] [P0x000970d0] [T0x00097196] D/WSConnection(line 603)         :receive data completely, dataLen=68
[2026/01/30 20:05:55 112] [P0x000970d0] [T0x00097196] D/WSConnection(line 603)         :receive data completely, dataLen=68
[2026/01/30 20:05:55 112] [P0x000970d0] [T0x00097102] D/DataSender(line 867)           :parsed data as ack, s2ack_time=29ms, info:
streamId=audio-7
frameId=2
retCode=0

[2026/01/30 20:05:55 112] [P0x000970d0] [T0x00097196] D/WSConnection(line 603)         :receive data completely, dataLen=68
[2026/01/30 20:05:55 112] [P0x000970d0] [T0x00097102] D/DataSender(line 867)           :parsed data as ack, s2ack_time=28ms, info:
streamId=audio-7
frameId=3
retCode=0

[2026/01/30 20:05:55 112] [P0x000970d0] [T0x00097196] D/WSConnection(line 603)         :receive data completely, dataLen=68
[2026/01/30 20:05:55 112] [P0x000970d0] [T0x00097102] D/DataSender(line 867)           :parsed data as ack, s2ack_time=28ms, info:
streamId=audio-7
frameId=4
retCode=0

[2026/01/30 20:05:55 112] [P0x000970d0] [T0x00097102] D/DataSender(line 867)           :parsed data as ack, s2ack_time=28ms, info:
streamId=audio-7
frameId=5
retCode=0

[2026/01/30 20:05:55 113] [P0x000970d0] [T0x00097196] D/WSConnection(line 603)         :receive data completely, dataLen=68
[2026/01/30 20:05:55 113] [P0x000970d0] [T0x00097196] D/WSConnection(line 603)         :receive data completely, dataLen=68
[2026/01/30 20:05:55 113] [P0x000970d0] [T0x00097102] D/DataSender(line 867)           :parsed data as ack, s2ack_time=28ms, info:
streamId=audio-7
frameId=6
retCode=0

[2026/01/30 20:05:55 113] [P0x000970d0] [T0x00097196] D/WSConnection(line 603)         :receive data completely, dataLen=68
[2026/01/30 20:05:55 113] [P0x000970d0] [T0x00097102] D/DataSender(line 867)           :parsed data as ack, s2ack_time=28ms, info:
streamId=audio-7
frameId=7
retCode=0

[2026/01/30 20:05:55 113] [P0x000970d0] [T0x00097102] D/DataSender(line 867)           :parsed data as ack, s2ack_time=28ms, info:
streamId=audio-7
frameId=8
retCode=0

[2026/01/30 20:05:55 113] [P0x000970d0] [T0x00097196] D/WSConnection(line 603)         :receive data completely, dataLen=68
[2026/01/30 20:05:55 113] [P0x000970d0] [T0x00097196] D/WSConnection(line 603)         :receive data completely, dataLen=69
[2026/01/30 20:05:55 113] [P0x000970d0] [T0x00097102] D/DataSender(line 867)           :parsed data as ack, s2ack_time=27ms, info:
streamId=audio-7
frameId=9
retCode=0

[2026/01/30 20:05:55 113] [P0x000970d0] [T0x00097196] D/WSConnection(line 603)         :receive data completely, dataLen=69
[2026/01/30 20:05:55 113] [P0x000970d0] [T0x00097102] D/DataSender(line 867)           :parsed data as ack, s2ack_time=27ms, info:
streamId=audio-7
frameId=10
retCode=0

[2026/01/30 20:05:55 113] [P0x000970d0] [T0x00097196] D/WSConnection(line 603)         :receive data completely, dataLen=69
[2026/01/30 20:05:55 113] [P0x000970d0] [T0x00097102] D/DataSender(line 867)           :parsed data as ack, s2ack_time=27ms, info:
streamId=audio-7
frameId=11
retCode=0

[2026/01/30 20:05:55 113] [P0x000970d0] [T0x00097102] D/DataSender(line 867)           :parsed data as ack, s2ack_time=27ms, info:
streamId=audio-7
frameId=12
retCode=0

[2026/01/30 20:05:55 113] [P0x000970d0] [T0x00097196] D/WSConnection(line 603)         :receive data completely, dataLen=69
[2026/01/30 20:05:55 113] [P0x000970d0] [T0x00097102] D/DataSender(line 867)           :parsed data as ack, s2ack_time=27ms, info:
streamId=audio-7
frameId=13
retCode=0

[2026/01/30 20:05:55 113] [P0x000970d0] [T0x00097196] D/WSConnection(line 603)         :receive data completely, dataLen=69
[2026/01/30 20:05:55 113] [P0x000970d0] [T0x00097102] D/DataSender(line 867)           :parsed data as ack, s2ack_time=26ms, info:
streamId=audio-7
frameId=14
retCode=0

[2026/01/30 20:05:55 113] [P0x000970d0] [T0x00097196] D/WSConnection(line 603)         :receive data completely, dataLen=69
[2026/01/30 20:05:55 113] [P0x000970d0] [T0x00097102] D/DataSender(line 867)           :parsed data as ack, s2ack_time=26ms, info:
streamId=audio-7
frameId=15
retCode=0

[2026/01/30 20:05:55 115] [P0x000970d0] [T0x00097196] D/WSConnection(line 603)         :receive data completely, dataLen=69
[2026/01/30 20:05:55 115] [P0x000970d0] [T0x00097196] D/WSConnection(line 603)         :receive data completely, dataLen=69
[2026/01/30 20:05:55 115] [P0x000970d0] [T0x00097102] D/DataSender(line 867)           :parsed data as ack, s2ack_time=28ms, info:
streamId=audio-7
frameId=16
retCode=0

[2026/01/30 20:05:55 115] [P0x000970d0] [T0x00097102] D/DataSender(line 867)           :parsed data as ack, s2ack_time=28ms, info:
streamId=audio-7
frameId=17
retCode=0

[2026/01/30 20:05:55 263] [P0x000970d0] [T0x00097114] D/DataSender(line 705)           :send packet, ret=300, need_resend=0, send_cnt=1, sessionNo=1, info:
streamId=audio-7
frameId=18
sid=cid0001bee1@dx19c0ecb47b53010007
dataType=1
dataStatus=1
dataLen=214

[2026/01/30 20:05:55 263] [P0x000970d0] [T0x00097114] D/DataSender(line 705)           :send packet, ret=300, need_resend=0, send_cnt=1, sessionNo=1, info:
streamId=audio-7
frameId=19
sid=cid0001bee1@dx19c0ecb47b53010007
dataType=1
dataStatus=1
dataLen=214

[2026/01/30 20:05:55 264] [P0x000970d0] [T0x00097114] D/DataSender(line 705)           :send packet, ret=300, need_resend=0, send_cnt=1, sessionNo=1, info:
streamId=audio-7
frameId=20
sid=cid0001bee1@dx19c0ecb47b53010007
dataType=1
dataStatus=1
dataLen=214

[2026/01/30 20:05:55 291] [P0x000970d0] [T0x00097196] D/WSConnection(line 603)         :receive data completely, dataLen=69
[2026/01/30 20:05:55 291] [P0x000970d0] [T0x00097102] D/DataSender(line 867)           :parsed data as ack, s2ack_time=28ms, info:
streamId=audio-7
frameId=18
retCode=0

[2026/01/30 20:05:55 291] [P0x000970d0] [T0x00097196] D/WSConnection(line 603)         :receive data completely, dataLen=69
[2026/01/30 20:05:55 291] [P0x000970d0] [T0x00097196] D/WSConnection(line 603)         :receive data completely, dataLen=69
[2026/01/30 20:05:55 291] [P0x000970d0] [T0x00097102] D/DataSender(line 867)           :parsed data as ack, s2ack_time=28ms, info:
streamId=audio-7
frameId=19
retCode=0

[2026/01/30 20:05:55 291] [P0x000970d0] [T0x00097102] D/DataSender(line 867)           :parsed data as ack, s2ack_time=27ms, info:
streamId=audio-7
frameId=20
retCode=0

[2026/01/30 20:05:55 303] [P0x000970d0] [T0x00097114] D/DataSender(line 705)           :send packet, ret=300, need_resend=0, send_cnt=1, sessionNo=1, info:
streamId=audio-7
frameId=21
sid=cid0001bee1@dx19c0ecb47b53010007
dataType=1
dataStatus=1
dataLen=214

[2026/01/30 20:05:55 303] [P0x000970d0] [T0x00097114] D/DataSender(line 705)           :send packet, ret=300, need_resend=0, send_cnt=1, sessionNo=1, info:
streamId=audio-7
frameId=22
sid=cid0001bee1@dx19c0ecb47b53010007
dataType=1
dataStatus=1
dataLen=214

[2026/01/30 20:05:55 304] [P0x000970d0] [T0x00097114] D/DataSender(line 705)           :send packet, ret=300, need_resend=0, send_cnt=1, sessionNo=1, info:
streamId=audio-7
frameId=23
sid=cid0001bee1@dx19c0ecb47b53010007
dataType=1
dataStatus=1
dataLen=214

[2026/01/30 20:05:55 304] [P0x000970d0] [T0x00097114] D/DataSender(line 705)           :send packet, ret=300, need_resend=0, send_cnt=1, sessionNo=1, info:
streamId=audio-7
frameId=24
sid=cid0001bee1@dx19c0ecb47b53010007
dataType=1
dataStatus=1
dataLen=214

[2026/01/30 20:05:55 333] [P0x000970d0] [T0x00097196] D/WSConnection(line 603)         :receive data completely, dataLen=69
[2026/01/30 20:05:55 333] [P0x000970d0] [T0x00097196] D/WSConnection(line 603)         :receive data completely, dataLen=69
[2026/01/30 20:05:55 333] [P0x000970d0] [T0x00097196] D/WSConnection(line 603)         :receive data completely, dataLen=69
[2026/01/30 20:05:55 333] [P0x000970d0] [T0x00097196] D/WSConnection(line 603)         :receive data completely, dataLen=69
[2026/01/30 20:05:55 333] [P0x000970d0] [T0x00097102] D/DataSender(line 867)           :parsed data as ack, s2ack_time=30ms, info:
streamId=audio-7
frameId=21
retCode=0

[2026/01/30 20:05:55 333] [P0x000970d0] [T0x00097102] D/DataSender(line 867)           :parsed data as ack, s2ack_time=30ms, info:
streamId=audio-7
frameId=22
retCode=0

[2026/01/30 20:05:55 333] [P0x000970d0] [T0x00097102] D/DataSender(line 867)           :parsed data as ack, s2ack_time=29ms, info:
streamId=audio-7
frameId=23
retCode=0

[2026/01/30 20:05:55 333] [P0x000970d0] [T0x00097102] D/DataSender(line 867)           :parsed data as ack, s2ack_time=29ms, info:
streamId=audio-7
frameId=24
retCode=0

[2026/01/30 20:05:55 484] [P0x000970d0] [T0x00097114] D/DataSender(line 705)           :send packet, ret=300, need_resend=0, send_cnt=1, sessionNo=1, info:
streamId=audio-7
frameId=25
sid=cid0001bee1@dx19c0ecb47b53010007
dataType=1
dataStatus=1
dataLen=214

[2026/01/30 20:05:55 484] [P0x000970d0] [T0x00097114] D/DataSender(line 705)           :send packet, ret=300, need_resend=0, send_cnt=1, sessionNo=1, info:
streamId=audio-7
frameId=26
sid=cid0001bee1@dx19c0ecb47b53010007
dataType=1
dataStatus=1
dataLen=214

[2026/01/30 20:05:55 484] [P0x000970d0] [T0x00097114] D/DataSender(line 705)           :send packet, ret=300, need_resend=0, send_cnt=1, sessionNo=1, info:
streamId=audio-7
frameId=27
sid=cid0001bee1@dx19c0ecb47b53010007
dataType=1
dataStatus=1
dataLen=214

[2026/01/30 20:05:55 511] [P0x000970d0] [T0x00097196] D/WSConnection(line 603)         :receive data completely, dataLen=69
[2026/01/30 20:05:55 511] [P0x000970d0] [T0x00097196] D/WSConnection(line 603)         :receive data completely, dataLen=69
[2026/01/30 20:05:55 511] [P0x000970d0] [T0x00097102] D/DataSender(line 867)           :parsed data as ack, s2ack_time=27ms, info:
streamId=audio-7
frameId=25
retCode=0

[2026/01/30 20:05:55 511] [P0x000970d0] [T0x00097196] D/WSConnection(line 603)         :receive data completely, dataLen=69
[2026/01/30 20:05:55 511] [P0x000970d0] [T0x00097102] D/DataSender(line 867)           :parsed data as ack, s2ack_time=27ms, info:
streamId=audio-7
frameId=26
retCode=0

[2026/01/30 20:05:55 511] [P0x000970d0] [T0x00097102] D/DataSender(line 867)           :parsed data as ack, s2ack_time=27ms, info:
streamId=audio-7
frameId=27
retCode=0

[2026/01/30 20:05:55 524] [P0x000970d0] [T0x00097114] D/DataSender(line 705)           :send packet, ret=300, need_resend=0, send_cnt=1, sessionNo=1, info:
streamId=audio-7
frameId=28
sid=cid0001bee1@dx19c0ecb47b53010007
dataType=1
dataStatus=1
dataLen=214

[2026/01/30 20:05:55 524] [P0x000970d0] [T0x00097114] D/DataSender(line 705)           :send packet, ret=300, need_resend=0, send_cnt=1, sessionNo=1, info:
streamId=audio-7
frameId=29
sid=cid0001bee1@dx19c0ecb47b53010007
dataType=1
dataStatus=1
dataLen=214

[2026/01/30 20:05:55 524] [P0x000970d0] [T0x00097114] D/DataSender(line 705)           :send packet, ret=300, need_resend=0, send_cnt=1, sessionNo=1, info:
streamId=audio-7
frameId=30
sid=cid0001bee1@dx19c0ecb47b53010007
dataType=1
dataStatus=1
dataLen=214

[2026/01/30 20:05:55 551] [P0x000970d0] [T0x00097196] D/WSConnection(line 603)         :receive data completely, dataLen=69
[2026/01/30 20:05:55 551] [P0x000970d0] [T0x00097196] D/WSConnection(line 603)         :receive data completely, dataLen=69
[2026/01/30 20:05:55 551] [P0x000970d0] [T0x00097102] D/DataSender(line 867)           :parsed data as ack, s2ack_time=27ms, info:
streamId=audio-7
frameId=28
retCode=0

[2026/01/30 20:05:55 551] [P0x000970d0] [T0x00097102] D/DataSender(line 867)           :parsed data as ack, s2ack_time=27ms, info:
streamId=audio-7
frameId=29
retCode=0

[2026/01/30 20:05:55 551] [P0x000970d0] [T0x00097196] D/WSConnection(line 603)         :receive data completely, dataLen=69
[2026/01/30 20:05:55 551] [P0x000970d0] [T0x00097102] D/DataSender(line 867)           :parsed data as ack, s2ack_time=27ms, info:
streamId=audio-7
frameId=30
retCode=0

[2026/01/30 20:05:55 703] [P0x000970d0] [T0x00097114] D/DataSender(line 705)           :send packet, ret=300, need_resend=0, send_cnt=1, sessionNo=1, info:
streamId=audio-7
frameId=31
sid=cid0001bee1@dx19c0ecb47b53010007
dataType=1
dataStatus=1
dataLen=214

[2026/01/30 20:05:55 704] [P0x000970d0] [T0x00097114] D/DataSender(line 705)           :send packet, ret=300, need_resend=0, send_cnt=1, sessionNo=1, info:
streamId=audio-7
frameId=32
sid=cid0001bee1@dx19c0ecb47b53010007
dataType=1
dataStatus=1
dataLen=214

[2026/01/30 20:05:55 704] [P0x000970d0] [T0x00097114] D/DataSender(line 705)           :send packet, ret=300, need_resend=0, send_cnt=1, sessionNo=1, info:
streamId=audio-7
frameId=33
sid=cid0001bee1@dx19c0ecb47b53010007
dataType=1
dataStatus=1
dataLen=214

[2026/01/30 20:05:55 731] [P0x000970d0] [T0x00097196] D/WSConnection(line 603)         :receive data completely, dataLen=69
[2026/01/30 20:05:55 731] [P0x000970d0] [T0x00097102] D/DataSender(line 867)           :parsed data as ack, s2ack_time=28ms, info:
streamId=audio-7
frameId=31
retCode=0

[2026/01/30 20:05:55 731] [P0x000970d0] [T0x00097196] D/WSConnection(line 603)         :receive data completely, dataLen=69
[2026/01/30 20:05:55 731] [P0x000970d0] [T0x00097196] D/WSConnection(line 603)         :receive data completely, dataLen=69
[2026/01/30 20:05:55 731] [P0x000970d0] [T0x00097102] D/DataSender(line 867)           :parsed data as ack, s2ack_time=27ms, info:
streamId=audio-7
frameId=32
retCode=0

[2026/01/30 20:05:55 731] [P0x000970d0] [T0x00097102] D/DataSender(line 867)           :parsed data as ack, s2ack_time=27ms, info:
streamId=audio-7
frameId=33
retCode=0

[2026/01/30 20:05:55 884] [P0x000970d0] [T0x00097114] D/DataSender(line 705)           :send packet, ret=300, need_resend=0, send_cnt=1, sessionNo=1, info:
streamId=audio-7
frameId=34
sid=cid0001bee1@dx19c0ecb47b53010007
dataType=1
dataStatus=1
dataLen=214

[2026/01/30 20:05:55 884] [P0x000970d0] [T0x00097114] D/DataSender(line 705)           :send packet, ret=300, need_resend=0, send_cnt=1, sessionNo=1, info:
streamId=audio-7
frameId=35
sid=cid0001bee1@dx19c0ecb47b53010007
dataType=1
dataStatus=1
dataLen=214

[2026/01/30 20:05:55 884] [P0x000970d0] [T0x00097114] D/DataSender(line 705)           :send packet, ret=300, need_resend=0, send_cnt=1, sessionNo=1, info:
streamId=audio-7
frameId=36
sid=cid0001bee1@dx19c0ecb47b53010007
dataType=1
dataStatus=1
dataLen=214

[2026/01/30 20:05:55 912] [P0x000970d0] [T0x00097196] D/WSConnection(line 603)         :receive data completely, dataLen=69
[2026/01/30 20:05:55 912] [P0x000970d0] [T0x00097196] D/WSConnection(line 603)         :receive data completely, dataLen=69
[2026/01/30 20:05:55 912] [P0x000970d0] [T0x00097102] D/DataSender(line 867)           :parsed data as ack, s2ack_time=28ms, info:
streamId=audio-7
frameId=34
retCode=0

[2026/01/30 20:05:55 912] [P0x000970d0] [T0x00097102] D/DataSender(line 867)           :parsed data as ack, s2ack_time=28ms, info:
streamId=audio-7
frameId=35
retCode=0

[2026/01/30 20:05:55 912] [P0x000970d0] [T0x00097196] D/WSConnection(line 603)         :receive data completely, dataLen=69
[2026/01/30 20:05:55 912] [P0x000970d0] [T0x00097102] D/DataSender(line 867)           :parsed data as ack, s2ack_time=28ms, info:
streamId=audio-7
frameId=36
retCode=0

[2026/01/30 20:05:55 924] [P0x000970d0] [T0x00097114] D/DataSender(line 705)           :send packet, ret=300, need_resend=0, send_cnt=1, sessionNo=1, info:
streamId=audio-7
frameId=37
sid=cid0001bee1@dx19c0ecb47b53010007
dataType=1
dataStatus=1
dataLen=214

[2026/01/30 20:05:55 924] [P0x000970d0] [T0x00097114] D/DataSender(line 705)           :send packet, ret=300, need_resend=0, send_cnt=1, sessionNo=1, info:
streamId=audio-7
frameId=38
sid=cid0001bee1@dx19c0ecb47b53010007
dataType=1
dataStatus=1
dataLen=214

[2026/01/30 20:05:55 924] [P0x000970d0] [T0x00097114] D/DataSender(line 705)           :send packet, ret=300, need_resend=0, send_cnt=1, sessionNo=1, info:
streamId=audio-7
frameId=39
sid=cid0001bee1@dx19c0ecb47b53010007
dataType=1
dataStatus=1
dataLen=214

[2026/01/30 20:05:55 925] [P0x000970d0] [T0x00097114] D/DataSender(line 705)           :send packet, ret=300, need_resend=0, send_cnt=1, sessionNo=1, info:
streamId=audio-7
frameId=40
sid=cid0001bee1@dx19c0ecb47b53010007
dataType=1
dataStatus=1
dataLen=214

[2026/01/30 20:05:55 951] [P0x000970d0] [T0x00097196] D/WSConnection(line 603)         :receive data completely, dataLen=69
[2026/01/30 20:05:55 951] [P0x000970d0] [T0x00097196] D/WSConnection(line 603)         :receive data completely, dataLen=69
[2026/01/30 20:05:55 951] [P0x000970d0] [T0x00097102] D/DataSender(line 867)           :parsed data as ack, s2ack_time=27ms, info:
streamId=audio-7
frameId=37
retCode=0

[2026/01/30 20:05:55 951] [P0x000970d0] [T0x00097102] D/DataSender(line 867)           :parsed data as ack, s2ack_time=27ms, info:
streamId=audio-7
frameId=38
retCode=0

[2026/01/30 20:05:55 952] [P0x000970d0] [T0x00097196] D/WSConnection(line 603)         :receive data completely, dataLen=69
[2026/01/30 20:05:55 952] [P0x000970d0] [T0x00097196] D/WSConnection(line 603)         :receive data completely, dataLen=69
[2026/01/30 20:05:55 952] [P0x000970d0] [T0x00097102] D/DataSender(line 867)           :parsed data as ack, s2ack_time=28ms, info:
streamId=audio-7
frameId=39
retCode=0

[2026/01/30 20:05:55 952] [P0x000970d0] [T0x00097102] D/DataSender(line 867)           :parsed data as ack, s2ack_time=27ms, info:
streamId=audio-7
frameId=40
retCode=0

[2026/01/30 20:05:56 103] [P0x000970d0] [T0x00097116] I/VadUnit(line 714)              :vad_eos found, confidence=0.754033.
[2026/01/30 20:05:56 103] [P0x000970d0] [T0x00097117] D/DataSender(line 524)           :set result timeout 5000ms for stream audio-7, taskId=1467.
[2026/01/30 20:05:56 103] [P0x000970d0] [T0x00097114] D/DataSender(line 705)           :send packet, ret=300, need_resend=0, send_cnt=1, sessionNo=1, info:
streamId=audio-7
frameId=41
sid=cid0001bee1@dx19c0ecb47b53010007
dataType=1
dataStatus=2
dataLen=214

[2026/01/30 20:05:56 131] [P0x000970d0] [T0x00097196] D/WSConnection(line 603)         :receive data completely, dataLen=69
[2026/01/30 20:05:56 131] [P0x000970d0] [T0x00097102] D/DataSender(line 867)           :parsed data as ack, s2ack_time=28ms, info:
streamId=audio-7
frameId=41
retCode=0

[2026/01/30 20:05:56 148] [P0x000970d0] [T0x00097196] D/WSConnection(line 603)         :receive data completely, dataLen=330
[2026/01/30 20:05:56 149] [P0x000970d0] [T0x00097196] D/DataSender(line 1466)          :parsed data as result, stmid=audio-7, sid=cid0001bee1@dx19c0ecb47b53010007, retCode=0, params:
{"data":[{"content":[{"cnt_id":"0","dte":"utf8","dtf":"json"}],"params":{"accent":"mandarin","cmd":"[{\"service\":\"iat\",\"next\":\"end\"}]","frstid":"1","language":"zh-cn","lrst":"1","rss":"2","rstid":1,"sub":"iat"}}]}

[2026/01/30 20:05:56 149] [P0x000970d0] [T0x00097113] D/ResultScheduler(line 313)      :sub=iat, result={"text":{"bg":0,"ed":0,"ls":true,"sn":1,"ws":[{"bg":0,"cw":[{"sc":0,"w":""}]}]}}
[2026/01/30 20:05:56 149] [P0x000970d0] [T0x00097113] D/ResultScheduler(line 456)      :stat size=7
[2026/01/30 20:05:56 149] [P0x000970d0] [T0x00097113] D/ResultScheduler(line 457)      :rstMap size=0
[2026/01/30 20:05:56 149] [P0x000970d0] [T0x00097113] D/ResultScheduler(line 458)      :sid=cid0001bee1@dx19c0ecb47b53010007
[2026/01/30 20:05:56 149] [P0x000970d0] [T0x00097113] D/ResultScheduler(line 459)      :streamId=audio-7
[2026/01/30 20:05:56 149] [P0x000970d0] [T0x00097113] D/ResultScheduler(line 460)      :bizParam={"data":[{"content":[{"cnt_id":"0","dte":"utf8","dtf":"json"}],"params":{"accent":"mandarin","cmd":"[{\"service\":\"iat\",\"next\":\"end\"}]","frstid":"1","language":"zh-cn","lrst":"1","rss":"2","rstid":1,"sub":"iat"}}]}
[2026/01/30 20:05:56 149] [P0x000970d0] [T0x00097102] D/DataSender(line 1047)          :stream audio-7 received result, reset the continued timeout count.
[2026/01/30 20:05:56 500] [P0x000970d4] [T0x000970d4] I/IatUnit(line 107)              :IatUnit stopped.
[2026/01/30 20:05:56 500] [P0x000970d4] [T0x000970d4] D/SpeechModule(line 196)         :SpeechModule stopped.
[2026/01/30 20:05:56 500] [P0x000970d4] [T0x000970d4] I/AIUISession(line 157)          :session end.
[2026/01/30 20:05:56 500] [P0x000970d4] [T0x000970d4] D/WSConnection(line 159)         :closing connection.
[2026/01/30 20:05:56 500] [P0x000970d4] [T0x000970d4] I/DataSender(line 196)           :stopped success.
[2026/01/30 20:05:56 500] [P0x000970d4] [T0x000970d4] D/PushConnection(line 161)       :closing connection.
[2026/01/30 20:05:56 500] [P0x000970d4] [T0x000970d4] I/DataReceiver(line 135)         :stopped success.
[2026/01/30 20:05:56 500] [P0x000970d4] [T0x000970d4] D/StreamStats(line 154)          :clearStats
[2026/01/30 20:05:56 500] [P0x000970d4] [T0x000970d4] I/AIUISession(line 218)          :session has ended, sessionNo=1, spent 0ms.
[2026/01/30 20:05:56 540] [P0x000970d4] [T0x000970d4] I/AIUIScheduler(line 508)        :AIUIScheduler stopped
[2026/01/30 20:05:56 540] [P0x000970d4] [T0x000970d4] D/SpeechModule(line 212)         :vad unit stop
[2026/01/30 20:05:56 540] [P0x000970d4] [T0x000970d4] I/IatUnit(line 107)              :IatUnit stopped.
[2026/01/30 20:05:56 540] [P0x000970d4] [T0x000970d4] D/SpeechModule(line 218)         :iat unit stop
[2026/01/30 20:05:56 540] [P0x000970d4] [T0x000970d4] D/SpeechModule(line 223)         :asr unit stop
[2026/01/30 20:05:56 540] [P0x000970d4] [T0x000970d4] D/SpeechModule(line 228)         :wakeup unit stop
[2026/01/30 20:05:56 540] [P0x000970d4] [T0x000970d4] D/SpeechModule(line 250)         :captor unit stop
[2026/01/30 20:05:56 540] [P0x000970d4] [T0x000970d4] D/SpeechModule(line 260)         :tts unit stop
[2026/01/30 20:05:56 540] [P0x000970d4] [T0x000970d4] D/AIUIScheduler(line 545)        :speech module stopped
[2026/01/30 20:05:56 540] [P0x000970d4] [T0x000970d4] I/AIUIScheduler(line 558)        :AIUIScheduler destroyed
[2026/01/30 20:05:59 151] [P0x000970d0] [T0x00097196] D/WSConnection(line 566)         :receive timeout, try again
